BEGIN;
-- ----------------------------
-- Records of autoexec_combop
-- ----------------------------
INSERT INTO `autoexec_combop` VALUES (856413836419072, NULL, 'test_local', '', 628108725903360, 1, 'combop', NULL, 'admin', '{}', '2023-03-27 15:01:25.117', 'admin', '2023-03-28 09:56:56.551', 'admin');
-- ----------------------------
-- Records of autoexec_combop_authority
-- ----------------------------
INSERT INTO `autoexec_combop_authority` VALUES (856413836419072, 'common', 'alluser', 'edit');
INSERT INTO `autoexec_combop_authority` VALUES (856413836419072, 'common', 'alluser', 'execute');
INSERT INTO `autoexec_combop_authority` VALUES (856413836419072, 'common', 'alluser', 'view');
-- ----------------------------
-- Records of autoexec_combop_version
-- ----------------------------
INSERT INTO `autoexec_combop_version` VALUES (856413836419073, 856413836419072, 'test_local', 1, 1, 'passed', 'admin', '{\"combopGroupList\":[{\"config\":{},\"id\":856414029357056,\"policy\":\"oneShot\",\"sort\":0,\"uuid\":\"02082bdda36a45b7b74e18a494ac4e9d\"}],\"combopPhaseList\":[{\"config\":{\"executeConfig\":{},\"phaseOperationList\":[{\"config\":{\"paramMappingList\":[{\"key\":\"tinput\",\"mappingMode\":\"constant\",\"type\":\"text\",\"value\":\"测试-Local\"},{\"key\":\"tjson\",\"mappingMode\":\"constant\",\"type\":\"json\",\"value\":{\"name\":\"测试-Local\"}},{\"key\":\"tselect\",\"mappingMode\":\"constant\",\"type\":\"select\",\"value\":\"sel1\"},{\"key\":\"tmultiselect\",\"mappingMode\":\"constant\",\"type\":\"multiselect\",\"value\":[\"sel1\",\"sel2\"]},{\"key\":\"tpassword\",\"mappingMode\":\"constant\",\"type\":\"password\",\"value\":\"RC4:65bc23024fc41d5449aaa60419d4\"},{\"key\":\"tfile\",\"mappingMode\":\"isempty\",\"type\":\"file\",\"value\":\"\"},{\"key\":\"tnode\",\"mappingMode\":\"isempty\",\"type\":\"node\",\"value\":\"\"},{\"key\":\"tdate\",\"mappingMode\":\"isempty\",\"type\":\"date\",\"value\":\"\"},{\"key\":\"ttime\",\"mappingMode\":\"isempty\",\"type\":\"time\",\"value\":\"\"},{\"key\":\"tdatetime\",\"mappingMode\":\"isempty\",\"type\":\"datetime\",\"value\":\"\"}]},\"description\":\"在runner执行工具的Demo\",\"failPolicy\":\"stop\",\"id\":856414029357057,\"operationId\":856409558229085,\"operationName\":\"demo-local.sh\",\"operationType\":\"script\",\"sort\":0,\"uuid\":\"4094b785dcac49eebd80a7b50d304933\"}]},\"execMode\":\"runner\",\"groupId\":856414029357056,\"groupSort\":0,\"groupUuid\":\"02082bdda36a45b7b74e18a494ac4e9d\",\"id\":856414029357058,\"name\":\"test\",\"sort\":0,\"uuid\":\"92333b7310b34e628fc983e2c8bf9c08\"}],\"runtimeParamList\":[]}', '2023-03-27 15:03:29', 'admin');
-- ----------------------------
-- Records of autoexec_risk
-- ----------------------------
INSERT INTO `autoexec_risk` VALUES (477321156894720, 'LOW', '#15BF81', 1, '低风险', 1, '2021-10-20 13:51:57.000', 'fccf704231734072a1bf80d90b2d1de2', '2021-10-20 13:51:57.000', 'fccf704231734072a1bf80d90b2d1de2');
INSERT INTO `autoexec_risk` VALUES (477321383387136, 'MEDIUM', '#FFBA5A', 1, '中风险', 2, '2021-10-20 13:52:23.000', 'fccf704231734072a1bf80d90b2d1de2', '2021-10-20 13:52:23.000', 'fccf704231734072a1bf80d90b2d1de2');
INSERT INTO `autoexec_risk` VALUES (477403314921472, 'HIGH', '#FF6666', 1, '高风险', 3, '2021-10-20 16:35:11.000', 'fccf704231734072a1bf80d90b2d1de2', '2021-10-20 16:35:11.000', 'fccf704231734072a1bf80d90b2d1de2');
-- ----------------------------
-- Records of autoexec_script
-- ----------------------------
INSERT INTO `autoexec_script` VALUES (856409558228992, NULL, 'demo-local.pl', 477319286235136, 0, 'runner', 477321156894720, NULL, '在runner执行工具的Demo', '2023-03-27 14:52:55.156', NULL, 'admin', 0);
INSERT INTO `autoexec_script` VALUES (856409558229085, NULL, 'demo-local.sh', 477319286235136, 0, 'runner', 477321156894720, NULL, '在runner执行工具的Demo', '2023-03-27 14:52:55.249', NULL, 'admin', 0);
INSERT INTO `autoexec_script` VALUES (856409558229234, NULL, 'demo-local.py', 477319286235136, 0, 'runner', 477321156894720, NULL, '在runner执行工具的Demo', '2023-03-27 14:52:55.368', NULL, 'admin', 0);
-- ----------------------------
-- Records of autoexec_script_line
-- ----------------------------
INSERT INTO `autoexec_script_line` VALUES (856409558228994, 856409558228992, 856409558228993, '4555821db99dd5b405827f29155c961a', 1);
INSERT INTO `autoexec_script_line` VALUES (856409558228995, 856409558228992, 856409558228993, 'aac3b91d998896ffebd686618c35acc3', 2);
INSERT INTO `autoexec_script_line` VALUES (856409558228996, 856409558228992, 856409558228993, 'd1430937fac9d22b922c95139ce01381', 3);
INSERT INTO `autoexec_script_line` VALUES (856409558228997, 856409558228992, 856409558228993, 'b600e1a9a1e30efb2f89af489db6b7bf', 4);
INSERT INTO `autoexec_script_line` VALUES (856409558228998, 856409558228992, 856409558228993, NULL, 5);
INSERT INTO `autoexec_script_line` VALUES (856409558228999, 856409558228992, 856409558228993, 'f0c55ea484bd19bb7104f493f2c69f63', 6);
INSERT INTO `autoexec_script_line` VALUES (856409558229000, 856409558228992, 856409558228993, NULL, 7);
INSERT INTO `autoexec_script_line` VALUES (856409558229001, 856409558228992, 856409558228993, '050e69bf62ca631dade6ba76060ab31c', 8);
INSERT INTO `autoexec_script_line` VALUES (856409558229002, 856409558228992, 856409558228993, 'bdb9103e7d82230ca62a7678ea61e1af', 9);
INSERT INTO `autoexec_script_line` VALUES (856409558229003, 856409558228992, 856409558228993, '3b15cfcc6010f928759a14a57364f493', 10);
INSERT INTO `autoexec_script_line` VALUES (856409558229004, 856409558228992, 856409558228993, '7e7626fdc988e7c929c3e6b18b78bfd4', 11);
INSERT INTO `autoexec_script_line` VALUES (856409558229005, 856409558228992, 856409558228993, NULL, 12);
INSERT INTO `autoexec_script_line` VALUES (856409558229006, 856409558228992, 856409558228993, 'ad7e9a9b8916addb46e03b6479b66124', 13);
INSERT INTO `autoexec_script_line` VALUES (856409558229007, 856409558228992, 856409558228993, 'e73561bf2b75f6ea708cfbbdcf5a9fcd', 14);
INSERT INTO `autoexec_script_line` VALUES (856409558229008, 856409558228992, 856409558228993, 'cbb184dd8e05c9709e5dcaedaa0495cf', 15);
INSERT INTO `autoexec_script_line` VALUES (856409558229009, 856409558228992, 856409558228993, NULL, 16);
INSERT INTO `autoexec_script_line` VALUES (856409558229010, 856409558228992, 856409558228993, '209a6a3ce572136ee75d3ec694d6975d', 17);
INSERT INTO `autoexec_script_line` VALUES (856409558229011, 856409558228992, 856409558228993, 'b77de0aa494d7667e98af686e36ce4c3', 18);
INSERT INTO `autoexec_script_line` VALUES (856409558229012, 856409558228992, 856409558228993, 'b2d9183f26cb5087d973af39da6cf566', 19);
INSERT INTO `autoexec_script_line` VALUES (856409558229013, 856409558228992, 856409558228993, '9846d6173bfbfe8e1806d82238ba12ed', 20);
INSERT INTO `autoexec_script_line` VALUES (856409558229014, 856409558228992, 856409558228993, '029b5818fd5b2cce01417bd946510875', 21);
INSERT INTO `autoexec_script_line` VALUES (856409558229015, 856409558228992, 856409558228993, NULL, 22);
INSERT INTO `autoexec_script_line` VALUES (856409558229016, 856409558228992, 856409558228993, '1cc47f297e2f984b737ad26856146277', 23);
INSERT INTO `autoexec_script_line` VALUES (856409558229017, 856409558228992, 856409558228993, NULL, 24);
INSERT INTO `autoexec_script_line` VALUES (856409558229018, 856409558228992, 856409558228993, '97c602f5bac702d79696a0ab02360e85', 25);
INSERT INTO `autoexec_script_line` VALUES (856409558229019, 856409558228992, 856409558228993, '8e94546eca7ae43e890363ff6cfdcefa', 26);
INSERT INTO `autoexec_script_line` VALUES (856409558229020, 856409558228992, 856409558228993, 'b8f3940b4e319180b18dcaaf10b1eaba', 27);
INSERT INTO `autoexec_script_line` VALUES (856409558229021, 856409558228992, 856409558228993, 'ab8b0d6290789d3011c9724675242850', 28);
INSERT INTO `autoexec_script_line` VALUES (856409558229022, 856409558228992, 856409558228993, 'a7df1b59e5e3a350ebf1c144a45722f8', 29);
INSERT INTO `autoexec_script_line` VALUES (856409558229023, 856409558228992, 856409558228993, '003a5cd404604e7670c272e834b805c2', 30);
INSERT INTO `autoexec_script_line` VALUES (856409558229024, 856409558228992, 856409558228993, '40662b9252e4c413b6724271312da251', 31);
INSERT INTO `autoexec_script_line` VALUES (856409558229025, 856409558228992, 856409558228993, '069bfabdd8aa7bfc1c7e19da8853791f', 32);
INSERT INTO `autoexec_script_line` VALUES (856409558229026, 856409558228992, 856409558228993, '257b1319db52472f519f287d5c1c7cc5', 33);
INSERT INTO `autoexec_script_line` VALUES (856409558229027, 856409558228992, 856409558228993, '1d2a7836163b64528e704f15d5091aa1', 34);
INSERT INTO `autoexec_script_line` VALUES (856409558229028, 856409558228992, 856409558228993, 'b599993614efb25918eb360d138a68b6', 35);
INSERT INTO `autoexec_script_line` VALUES (856409558229029, 856409558228992, 856409558228993, 'd63bc8c9d804a4e6d5722b20f87aa647', 36);
INSERT INTO `autoexec_script_line` VALUES (856409558229030, 856409558228992, 856409558228993, 'b6ed383feb7e26e4451ea7fe084bc7e3', 37);
INSERT INTO `autoexec_script_line` VALUES (856409558229031, 856409558228992, 856409558228993, NULL, 38);
INSERT INTO `autoexec_script_line` VALUES (856409558229032, 856409558228992, 856409558228993, '1de53251611a3f71459cac743a23b790', 39);
INSERT INTO `autoexec_script_line` VALUES (856409558229033, 856409558228992, 856409558228993, 'd7f6b284949818d23fadd20cd23e2fdf', 40);
INSERT INTO `autoexec_script_line` VALUES (856409558229034, 856409558228992, 856409558228993, '199221d814bd783ca544d6c457d02e6b', 41);
INSERT INTO `autoexec_script_line` VALUES (856409558229035, 856409558228992, 856409558228993, '1a6e7adc524882f6041856cfb5997fd0', 42);
INSERT INTO `autoexec_script_line` VALUES (856409558229036, 856409558228992, 856409558228993, 'ea5a1cbe764918679997181a3ea281d3', 43);
INSERT INTO `autoexec_script_line` VALUES (856409558229037, 856409558228992, 856409558228993, '912144d4a51bf78da1bd9e19813f3179', 44);
INSERT INTO `autoexec_script_line` VALUES (856409558229038, 856409558228992, 856409558228993, '6132305cd842b79b22dfb674ba39e4a6', 45);
INSERT INTO `autoexec_script_line` VALUES (856409558229039, 856409558228992, 856409558228993, '1a6e7adc524882f6041856cfb5997fd0', 46);
INSERT INTO `autoexec_script_line` VALUES (856409558229040, 856409558228992, 856409558228993, 'ea5a1cbe764918679997181a3ea281d3', 47);
INSERT INTO `autoexec_script_line` VALUES (856409558229041, 856409558228992, 856409558228993, NULL, 48);
INSERT INTO `autoexec_script_line` VALUES (856409558229042, 856409558228992, 856409558228993, 'dccaabe5cb5f434971046bc36c456d20', 49);
INSERT INTO `autoexec_script_line` VALUES (856409558229043, 856409558228992, 856409558228993, '677a7d1f34754b8c7ce7b9ff42c0e901', 50);
INSERT INTO `autoexec_script_line` VALUES (856409558229044, 856409558228992, 856409558228993, 'ea5a1cbe764918679997181a3ea281d3', 51);
INSERT INTO `autoexec_script_line` VALUES (856409558229045, 856409558228992, 856409558228993, NULL, 52);
INSERT INTO `autoexec_script_line` VALUES (856409558229046, 856409558228992, 856409558228993, '5b51245b75c268dacc913f405749a4c4', 53);
INSERT INTO `autoexec_script_line` VALUES (856409558229047, 856409558228992, 856409558228993, NULL, 54);
INSERT INTO `autoexec_script_line` VALUES (856409558229048, 856409558228992, 856409558228993, '9c7c65216be93b83ee6e97809bd7573b', 55);
INSERT INTO `autoexec_script_line` VALUES (856409558229049, 856409558228992, 856409558228993, 'd811a95682429f6f8eaca7156a2c7f10', 56);
INSERT INTO `autoexec_script_line` VALUES (856409558229050, 856409558228992, 856409558228993, '454eda764b1ecc6f88fcbd2a5efdcce9', 57);
INSERT INTO `autoexec_script_line` VALUES (856409558229051, 856409558228992, 856409558228993, '7b2a8e38bc5d5d0a6f157758a0b55759', 58);
INSERT INTO `autoexec_script_line` VALUES (856409558229052, 856409558228992, 856409558228993, '43eadca586b9e1fca728a0475f250764', 59);
INSERT INTO `autoexec_script_line` VALUES (856409558229053, 856409558228992, 856409558228993, '86f62e53f77a80b55eca9348a4c452bf', 60);
INSERT INTO `autoexec_script_line` VALUES (856409558229054, 856409558228992, 856409558228993, '520bb352c60e6333994e234992036ae2', 61);
INSERT INTO `autoexec_script_line` VALUES (856409558229055, 856409558228992, 856409558228993, '5cdf0cd3424e06f09051c54e4cb96107', 62);
INSERT INTO `autoexec_script_line` VALUES (856409558229056, 856409558228992, 856409558228993, 'b896ab54da45fc3c6b2ac17f0964d87b', 63);
INSERT INTO `autoexec_script_line` VALUES (856409558229057, 856409558228992, 856409558228993, '6ee7f4281164ffbfc23eca4ae8d6c953', 64);
INSERT INTO `autoexec_script_line` VALUES (856409558229058, 856409558228992, 856409558228993, '214068cad1389707faea2cd8f2dde9be', 65);
INSERT INTO `autoexec_script_line` VALUES (856409558229059, 856409558228992, 856409558228993, '0dbf0d789e59b5e0854880c507a912f1', 66);
INSERT INTO `autoexec_script_line` VALUES (856409558229060, 856409558228992, 856409558228993, NULL, 67);
INSERT INTO `autoexec_script_line` VALUES (856409558229061, 856409558228992, 856409558228993, 'eaad692e6c13b68c576235646de485ac', 68);
INSERT INTO `autoexec_script_line` VALUES (856409558229062, 856409558228992, 856409558228993, '981176c096bbcc9bb008a76e29159d7c', 69);
INSERT INTO `autoexec_script_line` VALUES (856409558229063, 856409558228992, 856409558228993, '3e4daa436659b14bffcdbe51c32b35da', 70);
INSERT INTO `autoexec_script_line` VALUES (856409558229064, 856409558228992, 856409558228993, 'b5cef43b58beb1033514ffc61ab0d1a7', 71);
INSERT INTO `autoexec_script_line` VALUES (856409558229065, 856409558228992, 856409558228993, 'ea5a1cbe764918679997181a3ea281d3', 72);
INSERT INTO `autoexec_script_line` VALUES (856409558229066, 856409558228992, 856409558228993, NULL, 73);
INSERT INTO `autoexec_script_line` VALUES (856409558229067, 856409558228992, 856409558228993, '5c7c2a51eaa2c780e87a77fc2cd8d82e', 74);
INSERT INTO `autoexec_script_line` VALUES (856409558229068, 856409558228992, 856409558228993, 'cd892220fa7e5052eac5ac9b7dbfe8ea', 75);
INSERT INTO `autoexec_script_line` VALUES (856409558229069, 856409558228992, 856409558228993, 'f55e569984a0e1b1cdc324f2f2fb453c', 76);
INSERT INTO `autoexec_script_line` VALUES (856409558229070, 856409558228992, 856409558228993, NULL, 77);
INSERT INTO `autoexec_script_line` VALUES (856409558229071, 856409558228992, 856409558228993, '7e3543bb1cc6ede978e631398ee0b858', 78);
INSERT INTO `autoexec_script_line` VALUES (856409558229072, 856409558228992, 856409558228993, 'a0b49df90a5a6f0988158631aceb4c84', 79);
INSERT INTO `autoexec_script_line` VALUES (856409558229073, 856409558228992, 856409558228993, '398716866486ef342a18e32901471a3d', 80);
INSERT INTO `autoexec_script_line` VALUES (856409558229074, 856409558228992, 856409558228993, '41439a984a1813e3c8e9e5e085a9b29e', 81);
INSERT INTO `autoexec_script_line` VALUES (856409558229075, 856409558228992, 856409558228993, '9d937bf0419ebb4af13b6a4f76806ec9', 82);
INSERT INTO `autoexec_script_line` VALUES (856409558229076, 856409558228992, 856409558228993, 'a04f178b8b81752b46d4460548d5ad56', 83);
INSERT INTO `autoexec_script_line` VALUES (856409558229077, 856409558228992, 856409558228993, NULL, 84);
INSERT INTO `autoexec_script_line` VALUES (856409558229078, 856409558228992, 856409558228993, '7e0db52a3468047ec334f4344a0b930f', 85);
INSERT INTO `autoexec_script_line` VALUES (856409558229079, 856409558228992, 856409558228993, 'cbb184dd8e05c9709e5dcaedaa0495cf', 86);
INSERT INTO `autoexec_script_line` VALUES (856409558229080, 856409558228992, 856409558228993, NULL, 87);
INSERT INTO `autoexec_script_line` VALUES (856409558229081, 856409558228992, 856409558228993, '7c19061ccc7c3631d5552bcc358cfb1d', 88);
INSERT INTO `autoexec_script_line` VALUES (856409558229082, 856409558228992, 856409558228993, 'a4326ec1d8d5b162839cdf5d9cb9459a', 89);
INSERT INTO `autoexec_script_line` VALUES (856409558229083, 856409558228992, 856409558228993, '31d09389040a4b619646e24e108a4bfe', 90);
INSERT INTO `autoexec_script_line` VALUES (856409558229084, 856409558228992, 856409558228993, NULL, 91);
INSERT INTO `autoexec_script_line` VALUES (856409558229087, 856409558229085, 856409558229086, '3775cfc91af729d5d22d57bc2e97b0b5', 1);
INSERT INTO `autoexec_script_line` VALUES (856409558229088, 856409558229085, 856409558229086, '44235c8dee7171d769da433580868575', 2);
INSERT INTO `autoexec_script_line` VALUES (856409558229089, 856409558229085, 856409558229086, '4ac7e2649c1898da4fc40cd952165b4d', 3);
INSERT INTO `autoexec_script_line` VALUES (856409558229090, 856409558229085, 856409558229086, '375281f47d6fddabe2a4dccc17caefe7', 4);
INSERT INTO `autoexec_script_line` VALUES (856409558229091, 856409558229085, 856409558229086, '8c45f7a9b4eeb127643d00bb603791e6', 5);
INSERT INTO `autoexec_script_line` VALUES (856409558229092, 856409558229085, 856409558229086, 'e69bdb2f9f45763761b04cc5a57218e8', 6);
INSERT INTO `autoexec_script_line` VALUES (856409558229093, 856409558229085, 856409558229086, NULL, 7);
INSERT INTO `autoexec_script_line` VALUES (856409558229094, 856409558229085, 856409558229086, '0d88cf49bf878daed20cd6de999463cb', 8);
INSERT INTO `autoexec_script_line` VALUES (856409558229095, 856409558229085, 856409558229086, 'a538d57e509f039442a42fddc8659588', 9);
INSERT INTO `autoexec_script_line` VALUES (856409558229096, 856409558229085, 856409558229086, '2462a8f5decbdfe429596a6f51c9f92a', 10);
INSERT INTO `autoexec_script_line` VALUES (856409558229097, 856409558229085, 856409558229086, 'e46f8490fb599f13ee691f3537f6e24d', 11);
INSERT INTO `autoexec_script_line` VALUES (856409558229098, 856409558229085, 856409558229086, '9798839459aec632c449ab5bdc3331ef', 12);
INSERT INTO `autoexec_script_line` VALUES (856409558229099, 856409558229085, 856409558229086, 'f3445f1cbedd7a7cb3aba842fea2cb97', 13);
INSERT INTO `autoexec_script_line` VALUES (856409558229100, 856409558229085, 856409558229086, 'cbb184dd8e05c9709e5dcaedaa0495cf', 14);
INSERT INTO `autoexec_script_line` VALUES (856409558229101, 856409558229085, 856409558229086, NULL, 15);
INSERT INTO `autoexec_script_line` VALUES (856409558229102, 856409558229085, 856409558229086, 'a26d78c74ffebb77054becd8cb3b5907', 16);
INSERT INTO `autoexec_script_line` VALUES (856409558229103, 856409558229085, 856409558229086, '8c45f7a9b4eeb127643d00bb603791e6', 17);
INSERT INTO `autoexec_script_line` VALUES (856409558229104, 856409558229085, 856409558229086, 'e69bdb2f9f45763761b04cc5a57218e8', 18);
INSERT INTO `autoexec_script_line` VALUES (856409558229105, 856409558229085, 856409558229086, NULL, 19);
INSERT INTO `autoexec_script_line` VALUES (856409558229106, 856409558229085, 856409558229086, '0d88cf49bf878daed20cd6de999463cb', 20);
INSERT INTO `autoexec_script_line` VALUES (856409558229107, 856409558229085, 856409558229086, 'a538d57e509f039442a42fddc8659588', 21);
INSERT INTO `autoexec_script_line` VALUES (856409558229108, 856409558229085, 856409558229086, 'b4b9a56649721a09e2797e2858a6c14c', 22);
INSERT INTO `autoexec_script_line` VALUES (856409558229109, 856409558229085, 856409558229086, 'e46f8490fb599f13ee691f3537f6e24d', 23);
INSERT INTO `autoexec_script_line` VALUES (856409558229110, 856409558229085, 856409558229086, '9798839459aec632c449ab5bdc3331ef', 24);
INSERT INTO `autoexec_script_line` VALUES (856409558229111, 856409558229085, 856409558229086, 'f3445f1cbedd7a7cb3aba842fea2cb97', 25);
INSERT INTO `autoexec_script_line` VALUES (856409558229112, 856409558229085, 856409558229086, 'cbb184dd8e05c9709e5dcaedaa0495cf', 26);
INSERT INTO `autoexec_script_line` VALUES (856409558229113, 856409558229085, 856409558229086, NULL, 27);
INSERT INTO `autoexec_script_line` VALUES (856409558229114, 856409558229085, 856409558229086, '9371d35a8e38dd443648edae22388c49', 28);
INSERT INTO `autoexec_script_line` VALUES (856409558229115, 856409558229085, 856409558229086, '8c45f7a9b4eeb127643d00bb603791e6', 29);
INSERT INTO `autoexec_script_line` VALUES (856409558229116, 856409558229085, 856409558229086, 'e69bdb2f9f45763761b04cc5a57218e8', 30);
INSERT INTO `autoexec_script_line` VALUES (856409558229117, 856409558229085, 856409558229086, NULL, 31);
INSERT INTO `autoexec_script_line` VALUES (856409558229118, 856409558229085, 856409558229086, '0d88cf49bf878daed20cd6de999463cb', 32);
INSERT INTO `autoexec_script_line` VALUES (856409558229119, 856409558229085, 856409558229086, '8e08c23032b781f30a93ecd66f905ee9', 33);
INSERT INTO `autoexec_script_line` VALUES (856409558229120, 856409558229085, 856409558229086, '46d9f87aa562286bd6ed27c132104ca9', 34);
INSERT INTO `autoexec_script_line` VALUES (856409558229121, 856409558229085, 856409558229086, 'e46f8490fb599f13ee691f3537f6e24d', 35);
INSERT INTO `autoexec_script_line` VALUES (856409558229122, 856409558229085, 856409558229086, '9798839459aec632c449ab5bdc3331ef', 36);
INSERT INTO `autoexec_script_line` VALUES (856409558229123, 856409558229085, 856409558229086, 'f3445f1cbedd7a7cb3aba842fea2cb97', 37);
INSERT INTO `autoexec_script_line` VALUES (856409558229124, 856409558229085, 856409558229086, 'cbb184dd8e05c9709e5dcaedaa0495cf', 38);
INSERT INTO `autoexec_script_line` VALUES (856409558229125, 856409558229085, 856409558229086, NULL, 39);
INSERT INTO `autoexec_script_line` VALUES (856409558229126, 856409558229085, 856409558229086, '692d92469b791729788b157cfc8a1dfa', 40);
INSERT INTO `autoexec_script_line` VALUES (856409558229127, 856409558229085, 856409558229086, 'da17e71ff603600bd34e9ec2519ab40f', 41);
INSERT INTO `autoexec_script_line` VALUES (856409558229128, 856409558229085, 856409558229086, '92f09862bcf3a33266815987edf6b509', 42);
INSERT INTO `autoexec_script_line` VALUES (856409558229129, 856409558229085, 856409558229086, '31064480abafd5bbbc382e6ecb474445', 43);
INSERT INTO `autoexec_script_line` VALUES (856409558229130, 856409558229085, 856409558229086, 'b6f7ccfb8f264a6c08ef91d4e5c387d8', 44);
INSERT INTO `autoexec_script_line` VALUES (856409558229131, 856409558229085, 856409558229086, 'cbb184dd8e05c9709e5dcaedaa0495cf', 45);
INSERT INTO `autoexec_script_line` VALUES (856409558229132, 856409558229085, 856409558229086, NULL, 46);
INSERT INTO `autoexec_script_line` VALUES (856409558229133, 856409558229085, 856409558229086, 'b5cd2fccc7c71613b018d9ee2a51e7fc', 47);
INSERT INTO `autoexec_script_line` VALUES (856409558229134, 856409558229085, 856409558229086, '7f5eee23bc685677bd30974cad50157d', 48);
INSERT INTO `autoexec_script_line` VALUES (856409558229135, 856409558229085, 856409558229086, '88fcf4becd159f9f2a9b625f1ccf866f', 49);
INSERT INTO `autoexec_script_line` VALUES (856409558229136, 856409558229085, 856409558229086, '86988fe1fa12105046023baa2c52fa1d', 50);
INSERT INTO `autoexec_script_line` VALUES (856409558229137, 856409558229085, 856409558229086, '837c951c038cc05249df7d58f7a842a0', 51);
INSERT INTO `autoexec_script_line` VALUES (856409558229138, 856409558229085, 856409558229086, '8ea63d6194f7e10e7f577e425f2ff5cc', 52);
INSERT INTO `autoexec_script_line` VALUES (856409558229139, 856409558229085, 856409558229086, '12c5c4f9292395cd2c108f5afad02b0d', 53);
INSERT INTO `autoexec_script_line` VALUES (856409558229140, 856409558229085, 856409558229086, '5c2151a38004584248218d89db72a459', 54);
INSERT INTO `autoexec_script_line` VALUES (856409558229141, 856409558229085, 856409558229086, '3717a802fe64b2606aa3a5c8ff412ceb', 55);
INSERT INTO `autoexec_script_line` VALUES (856409558229142, 856409558229085, 856409558229086, '88743e66a61cf7150993e8aaf18b56dc', 56);
INSERT INTO `autoexec_script_line` VALUES (856409558229143, 856409558229085, 856409558229086, '5a6221003d881833ec797c42c576b4e1', 57);
INSERT INTO `autoexec_script_line` VALUES (856409558229144, 856409558229085, 856409558229086, '4b8238f8fa0b2f841e5c6dc37286bed7', 58);
INSERT INTO `autoexec_script_line` VALUES (856409558229145, 856409558229085, 856409558229086, '9a9203c8e492d8a7dfa7bc0a9db17cd4', 59);
INSERT INTO `autoexec_script_line` VALUES (856409558229146, 856409558229085, 856409558229086, '80baa7891b3fee0b13374dd4d916680b', 60);
INSERT INTO `autoexec_script_line` VALUES (856409558229147, 856409558229085, 856409558229086, '5a6221003d881833ec797c42c576b4e1', 61);
INSERT INTO `autoexec_script_line` VALUES (856409558229148, 856409558229085, 856409558229086, '4b8238f8fa0b2f841e5c6dc37286bed7', 62);
INSERT INTO `autoexec_script_line` VALUES (856409558229149, 856409558229085, 856409558229086, 'e2b60bb559702fa06b1a1a8f4f380394', 63);
INSERT INTO `autoexec_script_line` VALUES (856409558229150, 856409558229085, 856409558229086, '1ca6e37cac88af0a40ed7fdca9abcc01', 64);
INSERT INTO `autoexec_script_line` VALUES (856409558229151, 856409558229085, 856409558229086, '5a6221003d881833ec797c42c576b4e1', 65);
INSERT INTO `autoexec_script_line` VALUES (856409558229152, 856409558229085, 856409558229086, '4b8238f8fa0b2f841e5c6dc37286bed7', 66);
INSERT INTO `autoexec_script_line` VALUES (856409558229153, 856409558229085, 856409558229086, '3a0208ea55304fee57552885d77647ac', 67);
INSERT INTO `autoexec_script_line` VALUES (856409558229154, 856409558229085, 856409558229086, '57d1ea6e3beabfa77313eed770283fd3', 68);
INSERT INTO `autoexec_script_line` VALUES (856409558229155, 856409558229085, 856409558229086, '5a6221003d881833ec797c42c576b4e1', 69);
INSERT INTO `autoexec_script_line` VALUES (856409558229156, 856409558229085, 856409558229086, '4b8238f8fa0b2f841e5c6dc37286bed7', 70);
INSERT INTO `autoexec_script_line` VALUES (856409558229157, 856409558229085, 856409558229086, 'd372f21f09b6a87de265a98d95c7d102', 71);
INSERT INTO `autoexec_script_line` VALUES (856409558229158, 856409558229085, 856409558229086, '9abb0403255bbfa5830c5a274a2bed9b', 72);
INSERT INTO `autoexec_script_line` VALUES (856409558229159, 856409558229085, 856409558229086, '5a6221003d881833ec797c42c576b4e1', 73);
INSERT INTO `autoexec_script_line` VALUES (856409558229160, 856409558229085, 856409558229086, '4b8238f8fa0b2f841e5c6dc37286bed7', 74);
INSERT INTO `autoexec_script_line` VALUES (856409558229161, 856409558229085, 856409558229086, '7ab4b6497702bdd8027c02774a2fb8da', 75);
INSERT INTO `autoexec_script_line` VALUES (856409558229162, 856409558229085, 856409558229086, '8efbebfeaa6d0f5970bfcb9580e27594', 76);
INSERT INTO `autoexec_script_line` VALUES (856409558229163, 856409558229085, 856409558229086, '5a6221003d881833ec797c42c576b4e1', 77);
INSERT INTO `autoexec_script_line` VALUES (856409558229164, 856409558229085, 856409558229086, '4b8238f8fa0b2f841e5c6dc37286bed7', 78);
INSERT INTO `autoexec_script_line` VALUES (856409558229165, 856409558229085, 856409558229086, 'c962eeb670125b0e102cd6877ec889e7', 79);
INSERT INTO `autoexec_script_line` VALUES (856409558229166, 856409558229085, 856409558229086, 'ce91eaf7e3dc0ce5d52ab0dbe7027943', 80);
INSERT INTO `autoexec_script_line` VALUES (856409558229167, 856409558229085, 856409558229086, '5a6221003d881833ec797c42c576b4e1', 81);
INSERT INTO `autoexec_script_line` VALUES (856409558229168, 856409558229085, 856409558229086, '4b8238f8fa0b2f841e5c6dc37286bed7', 82);
INSERT INTO `autoexec_script_line` VALUES (856409558229169, 856409558229085, 856409558229086, '43a72ee03e63745ac85f74ffe925f529', 83);
INSERT INTO `autoexec_script_line` VALUES (856409558229170, 856409558229085, 856409558229086, '335afe36176656bdf603e9d21561c6c5', 84);
INSERT INTO `autoexec_script_line` VALUES (856409558229171, 856409558229085, 856409558229086, '5a6221003d881833ec797c42c576b4e1', 85);
INSERT INTO `autoexec_script_line` VALUES (856409558229172, 856409558229085, 856409558229086, '4b8238f8fa0b2f841e5c6dc37286bed7', 86);
INSERT INTO `autoexec_script_line` VALUES (856409558229173, 856409558229085, 856409558229086, 'e3d3683b53542e8f3163a6dfec3fc814', 87);
INSERT INTO `autoexec_script_line` VALUES (856409558229174, 856409558229085, 856409558229086, 'da9f8a204ab1a509b34af5ba21779d53', 88);
INSERT INTO `autoexec_script_line` VALUES (856409558229175, 856409558229085, 856409558229086, '5a6221003d881833ec797c42c576b4e1', 89);
INSERT INTO `autoexec_script_line` VALUES (856409558229176, 856409558229085, 856409558229086, '4b8238f8fa0b2f841e5c6dc37286bed7', 90);
INSERT INTO `autoexec_script_line` VALUES (856409558229177, 856409558229085, 856409558229086, 'adf06957da7e0a69aa8b1c774f10e0af', 91);
INSERT INTO `autoexec_script_line` VALUES (856409558229178, 856409558229085, 856409558229086, 'f10c7734373523fdc3c1ce45e7e544f9', 92);
INSERT INTO `autoexec_script_line` VALUES (856409558229179, 856409558229085, 856409558229086, '5a6221003d881833ec797c42c576b4e1', 93);
INSERT INTO `autoexec_script_line` VALUES (856409558229180, 856409558229085, 856409558229086, '4b8238f8fa0b2f841e5c6dc37286bed7', 94);
INSERT INTO `autoexec_script_line` VALUES (856409558229181, 856409558229085, 856409558229086, '12725f33190e30308781e329e3166ef9', 95);
INSERT INTO `autoexec_script_line` VALUES (856409558229182, 856409558229085, 856409558229086, '0bbf4f2effe458c95eb709dca1866f63', 96);
INSERT INTO `autoexec_script_line` VALUES (856409558229183, 856409558229085, 856409558229086, 'e9f3b07cde0ce223b101841f1223e4e8', 97);
INSERT INTO `autoexec_script_line` VALUES (856409558229184, 856409558229085, 856409558229086, '1e76b71d385923d4bac4fb21ef7ed632', 98);
INSERT INTO `autoexec_script_line` VALUES (856409558229185, 856409558229085, 856409558229086, '4b8238f8fa0b2f841e5c6dc37286bed7', 99);
INSERT INTO `autoexec_script_line` VALUES (856409558229186, 856409558229085, 856409558229086, 'f7b4d21f4924603ebb4bfcc56f3164eb', 100);
INSERT INTO `autoexec_script_line` VALUES (856409558229187, 856409558229085, 856409558229086, 'e1a5f2d5896ffd4cf2d74022d3e18385', 101);
INSERT INTO `autoexec_script_line` VALUES (856409558229188, 856409558229085, 856409558229086, '0d6bc74ffaafb720d4881945e2a24294', 102);
INSERT INTO `autoexec_script_line` VALUES (856409558229189, 856409558229085, 856409558229086, 'ba938123dd73c8c8f7d477e25e8e63cb', 103);
INSERT INTO `autoexec_script_line` VALUES (856409558229190, 856409558229085, 856409558229086, '644b30c33acd945e44006a50cd8c3906', 104);
INSERT INTO `autoexec_script_line` VALUES (856409558229191, 856409558229085, 856409558229086, 'e1a5f2d5896ffd4cf2d74022d3e18385', 105);
INSERT INTO `autoexec_script_line` VALUES (856409558229192, 856409558229085, 856409558229086, 'a929280afe4fcd640271e0363fffc75f', 106);
INSERT INTO `autoexec_script_line` VALUES (856409558229193, 856409558229085, 856409558229086, '63e24653be106bb95cf69b4a71ca480a', 107);
INSERT INTO `autoexec_script_line` VALUES (856409558229194, 856409558229085, 856409558229086, 'b44ba1efd016357cf0120ee0f6a42212', 108);
INSERT INTO `autoexec_script_line` VALUES (856409558229195, 856409558229085, 856409558229086, '469bbe9400809658b560eb0b408c6117', 109);
INSERT INTO `autoexec_script_line` VALUES (856409558229196, 856409558229085, 856409558229086, 'e1a5f2d5896ffd4cf2d74022d3e18385', 110);
INSERT INTO `autoexec_script_line` VALUES (856409558229197, 856409558229085, 856409558229086, 'd1bd04cd4a72d317757291ff9f76e13e', 111);
INSERT INTO `autoexec_script_line` VALUES (856409558229198, 856409558229085, 856409558229086, '75e00ad13f23b1983b40452521ea729f', 112);
INSERT INTO `autoexec_script_line` VALUES (856409558229199, 856409558229085, 856409558229086, 'cbb184dd8e05c9709e5dcaedaa0495cf', 113);
INSERT INTO `autoexec_script_line` VALUES (856409558229200, 856409558229085, 856409558229086, NULL, 114);
INSERT INTO `autoexec_script_line` VALUES (856409558229201, 856409558229085, 856409558229086, '9511fa7300fe8a7b613caa55c0c33882', 115);
INSERT INTO `autoexec_script_line` VALUES (856409558229202, 856409558229085, 856409558229086, NULL, 116);
INSERT INTO `autoexec_script_line` VALUES (856409558229203, 856409558229085, 856409558229086, '81692a9e882abf86679a9bd9cde9e085', 117);
INSERT INTO `autoexec_script_line` VALUES (856409558229204, 856409558229085, 856409558229086, '55a19435f294d3b6b1ab5da14229732a', 118);
INSERT INTO `autoexec_script_line` VALUES (856409558229205, 856409558229085, 856409558229086, '8bb8e06ca12b995ec1d0031369cb9b7e', 119);
INSERT INTO `autoexec_script_line` VALUES (856409558229206, 856409558229085, 856409558229086, '8d26a0f30517e38218baf277bf6da05d', 120);
INSERT INTO `autoexec_script_line` VALUES (856409558229207, 856409558229085, 856409558229086, '851194f1d092373d5ee3a986d7c13b4d', 121);
INSERT INTO `autoexec_script_line` VALUES (856409558229208, 856409558229085, 856409558229086, '6b520fd97cfaf0c40899486f56e6575b', 122);
INSERT INTO `autoexec_script_line` VALUES (856409558229209, 856409558229085, 856409558229086, '20ff07e8d3a2d2703aa3b0763c11707f', 123);
INSERT INTO `autoexec_script_line` VALUES (856409558229210, 856409558229085, 856409558229086, 'f856417ca89721656d950d9c5d9c4462', 124);
INSERT INTO `autoexec_script_line` VALUES (856409558229211, 856409558229085, 856409558229086, 'f3535b0594c03fe2f458314632f297ed', 125);
INSERT INTO `autoexec_script_line` VALUES (856409558229212, 856409558229085, 856409558229086, '72f6241e73a0db08d3a963a4a801b6e9', 126);
INSERT INTO `autoexec_script_line` VALUES (856409558229213, 856409558229085, 856409558229086, '304e5ed05868aaa6315ed9693588fa03', 127);
INSERT INTO `autoexec_script_line` VALUES (856409558229214, 856409558229085, 856409558229086, NULL, 128);
INSERT INTO `autoexec_script_line` VALUES (856409558229215, 856409558229085, 856409558229086, 'fe0f64a514e70b8588a5d6c3f45fc16a', 129);
INSERT INTO `autoexec_script_line` VALUES (856409558229216, 856409558229085, 856409558229086, '2c1bd2ab22b233d394e797faaba3991b', 130);
INSERT INTO `autoexec_script_line` VALUES (856409558229217, 856409558229085, 856409558229086, '0d4fc255b7de96130351fe410cfeed1c', 131);
INSERT INTO `autoexec_script_line` VALUES (856409558229218, 856409558229085, 856409558229086, 'd6a08acf38557687d2b991971e485930', 132);
INSERT INTO `autoexec_script_line` VALUES (856409558229219, 856409558229085, 856409558229086, 'e79d21f45caebf9144c6fa7003b30a63', 133);
INSERT INTO `autoexec_script_line` VALUES (856409558229220, 856409558229085, 856409558229086, '2c1bd2ab22b233d394e797faaba3991b', 134);
INSERT INTO `autoexec_script_line` VALUES (856409558229221, 856409558229085, 856409558229086, 'ee7746adfa7dccc1c4709e85b4d38729', 135);
INSERT INTO `autoexec_script_line` VALUES (856409558229222, 856409558229085, 856409558229086, '78ce302d789d0ebe6611f27bfa3fab53', 136);
INSERT INTO `autoexec_script_line` VALUES (856409558229223, 856409558229085, 856409558229086, 'cc240f6a8f984fba0f6b481438da06ce', 137);
INSERT INTO `autoexec_script_line` VALUES (856409558229224, 856409558229085, 856409558229086, NULL, 138);
INSERT INTO `autoexec_script_line` VALUES (856409558229225, 856409558229085, 856409558229086, '3a4a179200865e0ab692d54eb844856b', 139);
INSERT INTO `autoexec_script_line` VALUES (856409558229226, 856409558229085, 856409558229086, '51fbf776c5cdbaeb31718bd1887570b1', 140);
INSERT INTO `autoexec_script_line` VALUES (856409558229227, 856409558229085, 856409558229086, 'f95b70fdc3088560732a5ac135644506', 141);
INSERT INTO `autoexec_script_line` VALUES (856409558229228, 856409558229085, 856409558229086, 'fb305bcce2fc6fc77e202d39878ef16d', 142);
INSERT INTO `autoexec_script_line` VALUES (856409558229229, 856409558229085, 856409558229086, 'f0104c824f62e34ef87f66eed0cd3175', 143);
INSERT INTO `autoexec_script_line` VALUES (856409558229230, 856409558229085, 856409558229086, 'cbb184dd8e05c9709e5dcaedaa0495cf', 144);
INSERT INTO `autoexec_script_line` VALUES (856409558229231, 856409558229085, 856409558229086, '4423718c61c4e8a4362d955bbc7b9711', 145);
INSERT INTO `autoexec_script_line` VALUES (856409558229232, 856409558229085, 856409558229086, '75778bf8fde7266d416b0089e7b8b793', 146);
INSERT INTO `autoexec_script_line` VALUES (856409558229233, 856409558229085, 856409558229086, '20cd78aa157004f8afe4f0febf32dc13', 147);
INSERT INTO `autoexec_script_line` VALUES (856409558229236, 856409558229234, 856409558229235, 'f9be63d7a48046196e7e5a8732b1d62b', 1);
INSERT INTO `autoexec_script_line` VALUES (856409558229237, 856409558229234, 856409558229235, 'd29bbab0a6b147695bb0db56f0927949', 2);
INSERT INTO `autoexec_script_line` VALUES (856409558229238, 856409558229234, 856409558229235, NULL, 3);
INSERT INTO `autoexec_script_line` VALUES (856409558229239, 856409558229234, 856409558229235, 'ed9f4b8f879ddbb59fda1057ea3a2810', 4);
INSERT INTO `autoexec_script_line` VALUES (856409558229240, 856409558229234, 856409558229235, 'e0a5ce22ed04ce5140aa51fa409fb084', 5);
INSERT INTO `autoexec_script_line` VALUES (856409558229241, 856409558229234, 856409558229235, '50aea67d6acc7151547b97ee9b1fcf6c', 6);
INSERT INTO `autoexec_script_line` VALUES (856409558229242, 856409558229234, 856409558229235, NULL, 7);
INSERT INTO `autoexec_script_line` VALUES (856409558229243, 856409558229234, 856409558229235, '25f48f18a8e4bdcffc98771e59fd1777', 8);
INSERT INTO `autoexec_script_line` VALUES (856409558229244, 856409558229234, 856409558229235, NULL, 9);
INSERT INTO `autoexec_script_line` VALUES (856409558229245, 856409558229234, 856409558229235, NULL, 10);
INSERT INTO `autoexec_script_line` VALUES (856409558229246, 856409558229234, 856409558229235, 'dab1ca17e1bedadafcbfd27a52894c91', 11);
INSERT INTO `autoexec_script_line` VALUES (856409558229247, 856409558229234, 856409558229235, 'fa7265e6ad057d39f2859f887668a3b7', 12);
INSERT INTO `autoexec_script_line` VALUES (856409558229248, 856409558229234, 856409558229235, 'b773733566e79d01a89efd0d704175bc', 13);
INSERT INTO `autoexec_script_line` VALUES (856409558229249, 856409558229234, 856409558229235, 'd39298593e5688f4cb922c695f6f1fe3', 14);
INSERT INTO `autoexec_script_line` VALUES (856409558229250, 856409558229234, 856409558229235, NULL, 15);
INSERT INTO `autoexec_script_line` VALUES (856409558229251, 856409558229234, 856409558229235, NULL, 16);
INSERT INTO `autoexec_script_line` VALUES (856409558229252, 856409558229234, 856409558229235, 'c5054d771009c6e1b0d73f5171998343', 17);
INSERT INTO `autoexec_script_line` VALUES (856409558229253, 856409558229234, 856409558229235, '41a84661cd0b9b1f30abb0082840dd81', 18);
INSERT INTO `autoexec_script_line` VALUES (856409558229254, 856409558229234, 856409558229235, '7b94f75fd3c63173ab27b4f09380374a', 19);
INSERT INTO `autoexec_script_line` VALUES (856409558229255, 856409558229234, 856409558229235, '879c9fa4cda357090773e0c6fdac1d07', 20);
INSERT INTO `autoexec_script_line` VALUES (856409558229256, 856409558229234, 856409558229235, 'b3867a978e8a1164cef30d5e9f01ec34', 21);
INSERT INTO `autoexec_script_line` VALUES (856409558229257, 856409558229234, 856409558229235, '1f0ba272fa151c6b57add2dc4271842b', 22);
INSERT INTO `autoexec_script_line` VALUES (856409558229258, 856409558229234, 856409558229235, '010ba38bc087031a4eb01afce12a46f5', 23);
INSERT INTO `autoexec_script_line` VALUES (856409558229259, 856409558229234, 856409558229235, 'de62882f5753085f11961bcd3efe6a2f', 24);
INSERT INTO `autoexec_script_line` VALUES (856409558229260, 856409558229234, 856409558229235, '6495fc7c0389ea09a96e64a4987a6fdd', 25);
INSERT INTO `autoexec_script_line` VALUES (856409558229261, 856409558229234, 856409558229235, 'ad904479a2d817837741e1f4f7921a3f', 26);
INSERT INTO `autoexec_script_line` VALUES (856409558229262, 856409558229234, 856409558229235, 'de4a4a15d851d87b3759b6f38520e010', 27);
INSERT INTO `autoexec_script_line` VALUES (856409558229263, 856409558229234, 856409558229235, 'cd99be9b5d2c653cc5414216a9e9ed60', 28);
INSERT INTO `autoexec_script_line` VALUES (856409558229264, 856409558229234, 856409558229235, '87f2e2ca2ec971286b81f37d08c557da', 29);
INSERT INTO `autoexec_script_line` VALUES (856409558229265, 856409558229234, 856409558229235, '3b53aeea6f12830c0d2bedfc99cc8828', 30);
INSERT INTO `autoexec_script_line` VALUES (856409558229266, 856409558229234, 856409558229235, NULL, 31);
INSERT INTO `autoexec_script_line` VALUES (856409558229267, 856409558229234, 856409558229235, '1b020bdeb4ffcab3fe7ac79ee0cddc48', 32);
INSERT INTO `autoexec_script_line` VALUES (856409558229268, 856409558229234, 856409558229235, NULL, 33);
INSERT INTO `autoexec_script_line` VALUES (856409558229269, 856409558229234, 856409558229235, '40c7cf225fcfbcbb9def88349f229b76', 34);
INSERT INTO `autoexec_script_line` VALUES (856409558229270, 856409558229234, 856409558229235, '3bf6f0273f32a3c08cda23611e19bd21', 35);
INSERT INTO `autoexec_script_line` VALUES (856409558229271, 856409558229234, 856409558229235, '6698ac32a78042efdd7bdd0cd4dd4095', 36);
INSERT INTO `autoexec_script_line` VALUES (856409558229272, 856409558229234, 856409558229235, '7a9f30aa28837f42ec969a890aa51986', 37);
INSERT INTO `autoexec_script_line` VALUES (856409558229273, 856409558229234, 856409558229235, 'c9008f69631eeaf9ca89d2627d167227', 38);
INSERT INTO `autoexec_script_line` VALUES (856409558229274, 856409558229234, 856409558229235, '8b571ce44a1869d5c89f4b1af9cd337a', 39);
INSERT INTO `autoexec_script_line` VALUES (856409558229275, 856409558229234, 856409558229235, '2d47746fe188f68c3e54e88d7964be3e', 40);
INSERT INTO `autoexec_script_line` VALUES (856409558229276, 856409558229234, 856409558229235, 'f52e5002ad6bb75814e71d3394ecb096', 41);
INSERT INTO `autoexec_script_line` VALUES (856409558229277, 856409558229234, 856409558229235, '254219746d59777455bf1f82c4d9cb17', 42);
INSERT INTO `autoexec_script_line` VALUES (856409558229278, 856409558229234, 856409558229235, '31fcf223deda66b35fc2ed7594ea7d11', 43);
INSERT INTO `autoexec_script_line` VALUES (856409558229279, 856409558229234, 856409558229235, '7d16ab5062d22503abadda9a654a0858', 44);
INSERT INTO `autoexec_script_line` VALUES (856409558229280, 856409558229234, 856409558229235, 'e5f67ac56c994f8ea631876fd9b55315', 45);
INSERT INTO `autoexec_script_line` VALUES (856409558229281, 856409558229234, 856409558229235, NULL, 46);
INSERT INTO `autoexec_script_line` VALUES (856409558229282, 856409558229234, 856409558229235, '9062edf051a88830e86fef22b939e3f2', 47);
INSERT INTO `autoexec_script_line` VALUES (856409558229283, 856409558229234, 856409558229235, 'e10f83dc5a1aa0443017cf0e83f0ddde', 48);
INSERT INTO `autoexec_script_line` VALUES (856409558229284, 856409558229234, 856409558229235, 'd3cac2e31a7b3b72419db287c4609f75', 49);
INSERT INTO `autoexec_script_line` VALUES (856409558229285, 856409558229234, 856409558229235, NULL, 50);
INSERT INTO `autoexec_script_line` VALUES (856409558229286, 856409558229234, 856409558229235, 'ada5d39e1f434e34b67ce515b0d37acf', 51);
INSERT INTO `autoexec_script_line` VALUES (856409558229287, 856409558229234, 856409558229235, 'ea86979e00ac7e8e3f80dfd6d45b426c', 52);
INSERT INTO `autoexec_script_line` VALUES (856409558229288, 856409558229234, 856409558229235, 'aba22c77287c4745769fa8d2a80fa0ad', 53);
INSERT INTO `autoexec_script_line` VALUES (856409558229289, 856409558229234, 856409558229235, '0ad4cc5706407f6704aa39e7c9142fe8', 54);
INSERT INTO `autoexec_script_line` VALUES (856409558229290, 856409558229234, 856409558229235, '290b0d061bd400e8f5aa81f50778aedd', 55);
INSERT INTO `autoexec_script_line` VALUES (856409558229291, 856409558229234, 856409558229235, '4f1aefee136bf99376b42c9771cbdbaf', 56);
INSERT INTO `autoexec_script_line` VALUES (856409558229292, 856409558229234, 856409558229235, '52b5e9fb8ba201a84dc2ddb347f4335f', 57);
INSERT INTO `autoexec_script_line` VALUES (856409558229293, 856409558229234, 856409558229235, '288dc4e57de1b4a3d3b953a8aee58dfa', 58);
INSERT INTO `autoexec_script_line` VALUES (856409558229294, 856409558229234, 856409558229235, '88ac022961725298df3838317899f489', 59);
INSERT INTO `autoexec_script_line` VALUES (856409558229295, 856409558229234, 856409558229235, '0c1c02f6716671b50b2b9aac69615bef', 60);
INSERT INTO `autoexec_script_line` VALUES (856409558229296, 856409558229234, 856409558229235, '0ca6a92e24ee38c1d487482a67e23ed5', 61);
INSERT INTO `autoexec_script_line` VALUES (856409558229297, 856409558229234, 856409558229235, 'd48507ae9936acd51c851cfe4011b178', 62);
INSERT INTO `autoexec_script_line` VALUES (856409558229298, 856409558229234, 856409558229235, '99adea2bd800fde655fc58ed3d8e5a52', 63);
-- ----------------------------
-- Records of autoexec_script_line_content
-- ----------------------------
INSERT INTO `autoexec_script_line_content` VALUES ('003a5cd404604e7670c272e834b805c2', '        \'tmultiselect=s\' => \\$tmultiselect,');
INSERT INTO `autoexec_script_line_content` VALUES ('010ba38bc087031a4eb01afce12a46f5', '    parser.add_argument(\'--tmultiselect\', default=\'\', help=\'XXXXXXX\')');
INSERT INTO `autoexec_script_line_content` VALUES ('029b5818fd5b2cce01417bd946510875', '    AutoExecUtils::setEnv();');
INSERT INTO `autoexec_script_line_content` VALUES ('050e69bf62ca631dade6ba76060ab31c', '#帮助提示信息');
INSERT INTO `autoexec_script_line_content` VALUES ('069bfabdd8aa7bfc1c7e19da8853791f', '        \'tfile=s\'        => \\$tfile,');
INSERT INTO `autoexec_script_line_content` VALUES ('0ad4cc5706407f6704aa39e7c9142fe8', '        time.sleep(1)');
INSERT INTO `autoexec_script_line_content` VALUES ('0bbf4f2effe458c95eb709dca1866f63', '                if [ \"$OPTERR\" = 1 ] && [ \"${OPT_SPEC:0:1}\" != \":\" ]; then');
INSERT INTO `autoexec_script_line_content` VALUES ('0c1c02f6716671b50b2b9aac69615bef', '    out[\'outfile\'] = \"testfile.txt\"');
INSERT INTO `autoexec_script_line_content` VALUES ('0ca6a92e24ee38c1d487482a67e23ed5', '    out[\'outjson\'] = \'{\"key1\":\"value1\", \"key2\":\"value2\"}\'');
INSERT INTO `autoexec_script_line_content` VALUES ('0d4fc255b7de96130351fe410cfeed1c', 'echo \"Do some jobs.\"');
INSERT INTO `autoexec_script_line_content` VALUES ('0d6bc74ffaafb720d4881945e2a24294', '        h)');
INSERT INTO `autoexec_script_line_content` VALUES ('0d88cf49bf878daed20cd6de999463cb', '    if [ $? != 0 ]; then');
INSERT INTO `autoexec_script_line_content` VALUES ('0dbf0d789e59b5e0854880c507a912f1', '    print(\"===================\\n\");');
INSERT INTO `autoexec_script_line_content` VALUES ('12725f33190e30308781e329e3166ef9', '            *)');
INSERT INTO `autoexec_script_line_content` VALUES ('12c5c4f9292395cd2c108f5afad02b0d', '        -)');
INSERT INTO `autoexec_script_line_content` VALUES ('199221d814bd783ca544d6c457d02e6b', '        print(\"ERROR: Option --tinput not defined.\\n\");');
INSERT INTO `autoexec_script_line_content` VALUES ('1a6e7adc524882f6041856cfb5997fd0', '        $hasOptErr = 1;');
INSERT INTO `autoexec_script_line_content` VALUES ('1b020bdeb4ffcab3fe7ac79ee0cddc48', '    args = parser.parse_args()');
INSERT INTO `autoexec_script_line_content` VALUES ('1ca6e37cac88af0a40ed7fdca9abcc01', '                tselect=\"${!OPTIND}\"');
INSERT INTO `autoexec_script_line_content` VALUES ('1cc47f297e2f984b737ad26856146277', '    my ( $ishelp, $tinput, $tjson, $tselect, $tmultiselect, $tpassword, $tfile, $tnode, $tdate, $ttime, $tdatetime );');
INSERT INTO `autoexec_script_line_content` VALUES ('1d2a7836163b64528e704f15d5091aa1', '        \'tdate=s\'        => \\$tdate,');
INSERT INTO `autoexec_script_line_content` VALUES ('1de53251611a3f71459cac743a23b790', '    my $hasOptErr = 0;');
INSERT INTO `autoexec_script_line_content` VALUES ('1e76b71d385923d4bac4fb21ef7ed632', '                fi');
INSERT INTO `autoexec_script_line_content` VALUES ('1f0ba272fa151c6b57add2dc4271842b', '    parser.add_argument(\'--tselect\', default=\'\', help=\'XXXXXXX\')');
INSERT INTO `autoexec_script_line_content` VALUES ('209a6a3ce572136ee75d3ec694d6975d', '#主程序');
INSERT INTO `autoexec_script_line_content` VALUES ('20cd78aa157004f8afe4f0febf32dc13', '##########################################');
INSERT INTO `autoexec_script_line_content` VALUES ('20ff07e8d3a2d2703aa3b0763c11707f', 'echo \"tfile: $tfile\"');
INSERT INTO `autoexec_script_line_content` VALUES ('214068cad1389707faea2cd8f2dde9be', '    print(\"tdatetime:$tdatetime\\n\");');
INSERT INTO `autoexec_script_line_content` VALUES ('2462a8f5decbdfe429596a6f51c9f92a', '        exit $?');
INSERT INTO `autoexec_script_line_content` VALUES ('254219746d59777455bf1f82c4d9cb17', '    print(\"tnode:\" + args.tnode)');
INSERT INTO `autoexec_script_line_content` VALUES ('257b1319db52472f519f287d5c1c7cc5', '        \'tnode=s\'        => \\$tnode,');
INSERT INTO `autoexec_script_line_content` VALUES ('25f48f18a8e4bdcffc98771e59fd1777', 'import AutoExecUtils');
INSERT INTO `autoexec_script_line_content` VALUES ('288dc4e57de1b4a3d3b953a8aee58dfa', '    out[\'outtext\'] = \"this is the text out value\"');
INSERT INTO `autoexec_script_line_content` VALUES ('290b0d061bd400e8f5aa81f50778aedd', '    # 保存输出到json文件');
INSERT INTO `autoexec_script_line_content` VALUES ('2c1bd2ab22b233d394e797faaba3991b', '###########################################');
INSERT INTO `autoexec_script_line_content` VALUES ('2d47746fe188f68c3e54e88d7964be3e', '    print(\"tpassword:\" + args.tpassword)');
INSERT INTO `autoexec_script_line_content` VALUES ('304e5ed05868aaa6315ed9693588fa03', 'echo \"tdatetime: $tdatetime\"');
INSERT INTO `autoexec_script_line_content` VALUES ('31064480abafd5bbbc382e6ecb474445', ' -- ttime <ttime> --tdatetime <tdatetime>\"');
INSERT INTO `autoexec_script_line_content` VALUES ('31d09389040a4b619646e24e108a4bfe', 'exit main();');
INSERT INTO `autoexec_script_line_content` VALUES ('31fcf223deda66b35fc2ed7594ea7d11', '    print(\"tdate:\" + args.tdate)');
INSERT INTO `autoexec_script_line_content` VALUES ('335afe36176656bdf603e9d21561c6c5', '                tdate=\"${!OPTIND}\"');
INSERT INTO `autoexec_script_line_content` VALUES ('3717a802fe64b2606aa3a5c8ff412ceb', '            tinput)');
INSERT INTO `autoexec_script_line_content` VALUES ('375281f47d6fddabe2a4dccc17caefe7', 'function DO_CMD() {');
INSERT INTO `autoexec_script_line_content` VALUES ('3775cfc91af729d5d22d57bc2e97b0b5', '#!/usr/bin/env bash');
INSERT INTO `autoexec_script_line_content` VALUES ('398716866486ef342a18e32901471a3d', '    $out->{outfile}     = \"testfile.txt\";');
INSERT INTO `autoexec_script_line_content` VALUES ('3a0208ea55304fee57552885d77647ac', '            tmultiselect)');
INSERT INTO `autoexec_script_line_content` VALUES ('3a4a179200865e0ab692d54eb844856b', 'if [ ! -z \"$OUTPUT_PATH\" ]; then');
INSERT INTO `autoexec_script_line_content` VALUES ('3b15cfcc6010f928759a14a57364f493', 'sub usage {');
INSERT INTO `autoexec_script_line_content` VALUES ('3b53aeea6f12830c0d2bedfc99cc8828', '    parser.add_argument(\'otherargs\', nargs=argparse.REMAINDER, help=\"Other free arguments without name\")');
INSERT INTO `autoexec_script_line_content` VALUES ('3bf6f0273f32a3c08cda23611e19bd21', '    print(\"Get options:============\\n\")');
INSERT INTO `autoexec_script_line_content` VALUES ('3e4daa436659b14bffcdbe51c32b35da', '        print(\"INFO: Sleep $i....\\n\");');
INSERT INTO `autoexec_script_line_content` VALUES ('40662b9252e4c413b6724271312da251', '        \'tpassword=s\'    => \\$tpassword,');
INSERT INTO `autoexec_script_line_content` VALUES ('40c7cf225fcfbcbb9def88349f229b76', '    # 主体处理逻辑');
INSERT INTO `autoexec_script_line_content` VALUES ('41439a984a1813e3c8e9e5e085a9b29e', '    $out->{outjson}     = \'{\"key1\":\"value1\", \"key2\":\"value2\"}\';');
INSERT INTO `autoexec_script_line_content` VALUES ('41a84661cd0b9b1f30abb0082840dd81', '    # 参数处理');
INSERT INTO `autoexec_script_line_content` VALUES ('43a72ee03e63745ac85f74ffe925f529', '            tdate)');
INSERT INTO `autoexec_script_line_content` VALUES ('43eadca586b9e1fca728a0475f250764', '    print(\"tmultiselect:$tmultiselect\\n\");');
INSERT INTO `autoexec_script_line_content` VALUES ('44235c8dee7171d769da433580868575', '#显示帮助信息');
INSERT INTO `autoexec_script_line_content` VALUES ('4423718c61c4e8a4362d955bbc7b9711', 'EOF');
INSERT INTO `autoexec_script_line_content` VALUES ('454eda764b1ecc6f88fcbd2a5efdcce9', '    print(\"tjson:$tjson\\n\");');
INSERT INTO `autoexec_script_line_content` VALUES ('4555821db99dd5b405827f29155c961a', '#!/usr/bin/perl');
INSERT INTO `autoexec_script_line_content` VALUES ('469bbe9400809658b560eb0b408c6117', '            fi');
INSERT INTO `autoexec_script_line_content` VALUES ('46d9f87aa562286bd6ed27c132104ca9', '        HAS_WARN=1');
INSERT INTO `autoexec_script_line_content` VALUES ('4ac7e2649c1898da4fc40cd952165b4d', '#####################################');
INSERT INTO `autoexec_script_line_content` VALUES ('4b8238f8fa0b2f841e5c6dc37286bed7', '                ;;');
INSERT INTO `autoexec_script_line_content` VALUES ('4f1aefee136bf99376b42c9771cbdbaf', '    print(\"Save output to file\\n\")');
INSERT INTO `autoexec_script_line_content` VALUES ('50aea67d6acc7151547b97ee9b1fcf6c', 'import argparse');
INSERT INTO `autoexec_script_line_content` VALUES ('51fbf776c5cdbaeb31718bd1887570b1', '    cat <<EOF >\"$OUTPUT_PATH\"');
INSERT INTO `autoexec_script_line_content` VALUES ('520bb352c60e6333994e234992036ae2', '    print(\"tfile:$tfile\\n\");');
INSERT INTO `autoexec_script_line_content` VALUES ('52b5e9fb8ba201a84dc2ddb347f4335f', '    out = {}');
INSERT INTO `autoexec_script_line_content` VALUES ('55a19435f294d3b6b1ab5da14229732a', 'echo \"tinput: $tinput\"');
INSERT INTO `autoexec_script_line_content` VALUES ('57d1ea6e3beabfa77313eed770283fd3', '                tmultiselect=\"${!OPTIND}\"');
INSERT INTO `autoexec_script_line_content` VALUES ('5a6221003d881833ec797c42c576b4e1', '                OPTIND=$(($OPTIND + 1))');
INSERT INTO `autoexec_script_line_content` VALUES ('5b51245b75c268dacc913f405749a4c4', '    my $hasError = 0;');
INSERT INTO `autoexec_script_line_content` VALUES ('5c2151a38004584248218d89db72a459', '            case \"${OPTARG}\" in');
INSERT INTO `autoexec_script_line_content` VALUES ('5c7c2a51eaa2c780e87a77fc2cd8d82e', '    #Do some job');
INSERT INTO `autoexec_script_line_content` VALUES ('5cdf0cd3424e06f09051c54e4cb96107', '    print(\"tnode:$tnode\\n\");');
INSERT INTO `autoexec_script_line_content` VALUES ('6132305cd842b79b22dfb674ba39e4a6', '        print(\"ERROR: Option --tselect not defined.\\n\");');
INSERT INTO `autoexec_script_line_content` VALUES ('63e24653be106bb95cf69b4a71ca480a', '            if [ \"$OPTERR\" != 1 ] || [ \"${OPT_SPEC:0:1}\" = \":\" ]; then');
INSERT INTO `autoexec_script_line_content` VALUES ('644b30c33acd945e44006a50cd8c3906', '            exit 2');
INSERT INTO `autoexec_script_line_content` VALUES ('6495fc7c0389ea09a96e64a4987a6fdd', '    parser.add_argument(\'--tfile\', default=\'\', help=\'XXXXXXX\')');
INSERT INTO `autoexec_script_line_content` VALUES ('6698ac32a78042efdd7bdd0cd4dd4095', '    print(\"tinput:\" + args.tinput)');
INSERT INTO `autoexec_script_line_content` VALUES ('677a7d1f34754b8c7ce7b9ff42c0e901', '        usage();');
INSERT INTO `autoexec_script_line_content` VALUES ('692d92469b791729788b157cfc8a1dfa', 'usage() {');
INSERT INTO `autoexec_script_line_content` VALUES ('6b520fd97cfaf0c40899486f56e6575b', 'echo \"tpassword: $tpassword\"');
INSERT INTO `autoexec_script_line_content` VALUES ('6ee7f4281164ffbfc23eca4ae8d6c953', '    print(\"ttime:$ttime\\n\");');
INSERT INTO `autoexec_script_line_content` VALUES ('72f6241e73a0db08d3a963a4a801b6e9', 'echo \"ttime: $ttime\"');
INSERT INTO `autoexec_script_line_content` VALUES ('75778bf8fde7266d416b0089e7b8b793', 'fi');
INSERT INTO `autoexec_script_line_content` VALUES ('75e00ad13f23b1983b40452521ea729f', '    done');
INSERT INTO `autoexec_script_line_content` VALUES ('78ce302d789d0ebe6611f27bfa3fab53', 'outtext=\"This the outText\"');
INSERT INTO `autoexec_script_line_content` VALUES ('7a9f30aa28837f42ec969a890aa51986', '    print(\"tjson:\" + args.tjson)');
INSERT INTO `autoexec_script_line_content` VALUES ('7ab4b6497702bdd8027c02774a2fb8da', '            tfile)');
INSERT INTO `autoexec_script_line_content` VALUES ('7b2a8e38bc5d5d0a6f157758a0b55759', '    print(\"tselect:$tselect\\n\");');
INSERT INTO `autoexec_script_line_content` VALUES ('7b94f75fd3c63173ab27b4f09380374a', '    parser = argparse.ArgumentParser()');
INSERT INTO `autoexec_script_line_content` VALUES ('7c19061ccc7c3631d5552bcc358cfb1d', '#运行主程序');
INSERT INTO `autoexec_script_line_content` VALUES ('7d16ab5062d22503abadda9a654a0858', '    print(\"ttime:\" + args.ttime)');
INSERT INTO `autoexec_script_line_content` VALUES ('7e0db52a3468047ec334f4344a0b930f', '    return $hasError;');
INSERT INTO `autoexec_script_line_content` VALUES ('7e3543bb1cc6ede978e631398ee0b858', '    $out->{outtext}     = \"this is the text out value\";');
INSERT INTO `autoexec_script_line_content` VALUES ('7e7626fdc988e7c929c3e6b18b78bfd4', '    my $pname = $FindBin::Script;');
INSERT INTO `autoexec_script_line_content` VALUES ('7f5eee23bc685677bd30974cad50157d', '######################################');
INSERT INTO `autoexec_script_line_content` VALUES ('80baa7891b3fee0b13374dd4d916680b', '                tjson=\"${!OPTIND}\"');
INSERT INTO `autoexec_script_line_content` VALUES ('81692a9e882abf86679a9bd9cde9e085', 'echo \"===get options======\"');
INSERT INTO `autoexec_script_line_content` VALUES ('837c951c038cc05249df7d58f7a842a0', '    while getopts \"$OPT_SPEC\" optchar; do');
INSERT INTO `autoexec_script_line_content` VALUES ('851194f1d092373d5ee3a986d7c13b4d', 'echo \"tmultiselect: $tmultiselect\"');
INSERT INTO `autoexec_script_line_content` VALUES ('86988fe1fa12105046023baa2c52fa1d', '    OPT_SPEC=\":h-:\"');
INSERT INTO `autoexec_script_line_content` VALUES ('86f62e53f77a80b55eca9348a4c452bf', '    print(\"tpassword:$tpassword\\n\");');
INSERT INTO `autoexec_script_line_content` VALUES ('879c9fa4cda357090773e0c6fdac1d07', '    parser.add_argument(\'--tinput\', default=\'\', help=\'XXXXXX\')');
INSERT INTO `autoexec_script_line_content` VALUES ('87f2e2ca2ec971286b81f37d08c557da', '    parser.add_argument(\'--tdatetime\', default=\'\', help=\'XXXXXXX\')');
INSERT INTO `autoexec_script_line_content` VALUES ('88743e66a61cf7150993e8aaf18b56dc', '                tinput=\"${!OPTIND}\"');
INSERT INTO `autoexec_script_line_content` VALUES ('88ac022961725298df3838317899f489', '    out[\'outpassword\'] = \"{RC4}xxxxxxxxxx\"');
INSERT INTO `autoexec_script_line_content` VALUES ('88fcf4becd159f9f2a9b625f1ccf866f', 'parseOpts() {');
INSERT INTO `autoexec_script_line_content` VALUES ('8b571ce44a1869d5c89f4b1af9cd337a', '    print(\"tmultiselect:\" + args.tmultiselect)');
INSERT INTO `autoexec_script_line_content` VALUES ('8bb8e06ca12b995ec1d0031369cb9b7e', 'echo \"tjson: $tjson\"');
INSERT INTO `autoexec_script_line_content` VALUES ('8c45f7a9b4eeb127643d00bb603791e6', '    echo Exec command: $@');
INSERT INTO `autoexec_script_line_content` VALUES ('8d26a0f30517e38218baf277bf6da05d', 'echo \"tselect: $tselect\"');
INSERT INTO `autoexec_script_line_content` VALUES ('8e08c23032b781f30a93ecd66f905ee9', '        echo WARN: Execute failed.');
INSERT INTO `autoexec_script_line_content` VALUES ('8e94546eca7ae43e890363ff6cfdcefa', '        \'help\'           => \\$ishelp,');
INSERT INTO `autoexec_script_line_content` VALUES ('8ea63d6194f7e10e7f577e425f2ff5cc', '        case \"${optchar}\" in');
INSERT INTO `autoexec_script_line_content` VALUES ('8efbebfeaa6d0f5970bfcb9580e27594', '                tfile=\"${!OPTIND}\"');
INSERT INTO `autoexec_script_line_content` VALUES ('9062edf051a88830e86fef22b939e3f2', '    fo = open(\"testfile.txt\", \"w\")');
INSERT INTO `autoexec_script_line_content` VALUES ('912144d4a51bf78da1bd9e19813f3179', '    if ( not defined($tselect) or $tselect eq \'\' ) {');
INSERT INTO `autoexec_script_line_content` VALUES ('92f09862bcf3a33266815987edf6b509', '    echo \"$pname --tinput <tinput> --tjson <tjson> --tselect <tselect> --tmultiselect <tmultiselect> --tpassword <tpassword> --tfile <tfile> --tnode <node id> --tdate <tdate>');
INSERT INTO `autoexec_script_line_content` VALUES ('9371d35a8e38dd443648edae22388c49', 'function DO_CMD_IGNOR() {');
INSERT INTO `autoexec_script_line_content` VALUES ('9511fa7300fe8a7b613caa55c0c33882', 'parseOpts \"$@\"');
INSERT INTO `autoexec_script_line_content` VALUES ('9798839459aec632c449ab5bdc3331ef', '        echo FIND: Execute success.');
INSERT INTO `autoexec_script_line_content` VALUES ('97c602f5bac702d79696a0ab02360e85', '    GetOptions(');
INSERT INTO `autoexec_script_line_content` VALUES ('981176c096bbcc9bb008a76e29159d7c', '    for ( my $i = 0 ; $i < 5 ; $i++ ) {');
INSERT INTO `autoexec_script_line_content` VALUES ('9846d6173bfbfe8e1806d82238ba12ed', '    $| = 1;    #不对输出进行buffer，便于实时看到输出日志');
INSERT INTO `autoexec_script_line_content` VALUES ('99adea2bd800fde655fc58ed3d8e5a52', '    AutoExecUtils.saveOutput(out)');
INSERT INTO `autoexec_script_line_content` VALUES ('9a9203c8e492d8a7dfa7bc0a9db17cd4', '            tjson)');
INSERT INTO `autoexec_script_line_content` VALUES ('9abb0403255bbfa5830c5a274a2bed9b', '                tpassword=\"${!OPTIND}\"');
INSERT INTO `autoexec_script_line_content` VALUES ('9c7c65216be93b83ee6e97809bd7573b', '    print(\"=========GetOptions:\\n\");');
INSERT INTO `autoexec_script_line_content` VALUES ('9d937bf0419ebb4af13b6a4f76806ec9', '    $out->{outcsv}      = q{\"name\",\"sex\",\"age\"\\n\"张三“,\"男“,\"30\"\\n\"李四\",\"女“,\"35\"};');
INSERT INTO `autoexec_script_line_content` VALUES ('a04f178b8b81752b46d4460548d5ad56', '    AutoExecUtils::saveOutput($out);');
INSERT INTO `autoexec_script_line_content` VALUES ('a0b49df90a5a6f0988158631aceb4c84', '    $out->{outpassword} = \"{RC4}xxxxxxxxxx\";');
INSERT INTO `autoexec_script_line_content` VALUES ('a26d78c74ffebb77054becd8cb3b5907', 'function DO_CMD_CONT() {');
INSERT INTO `autoexec_script_line_content` VALUES ('a4326ec1d8d5b162839cdf5d9cb9459a', '##############################');
INSERT INTO `autoexec_script_line_content` VALUES ('a538d57e509f039442a42fddc8659588', '        echo ERROR: Execute failed.');
INSERT INTO `autoexec_script_line_content` VALUES ('a7df1b59e5e3a350ebf1c144a45722f8', '        \'tselect=s\'      => \\$tselect,');
INSERT INTO `autoexec_script_line_content` VALUES ('a929280afe4fcd640271e0363fffc75f', '        *)');
INSERT INTO `autoexec_script_line_content` VALUES ('aac3b91d998896ffebd686618c35acc3', 'use strict;');
INSERT INTO `autoexec_script_line_content` VALUES ('ab8b0d6290789d3011c9724675242850', '        \'tjson=s\'        => \\$tjson,');
INSERT INTO `autoexec_script_line_content` VALUES ('aba22c77287c4745769fa8d2a80fa0ad', '        print(\"Loop:{}\".format(i))');
INSERT INTO `autoexec_script_line_content` VALUES ('ad7e9a9b8916addb46e03b6479b66124', '    print(\"$pname --tinput <tinput> --tjson <tjson> --tselect <tselect> --tmultiselect <tmultiselect> --tpassword <tpassword> --tfile <tfile> --tnode <node id> --tdate <tdate> --ttime <ttime> --tdatetime <tdatetime>\\n\");');
INSERT INTO `autoexec_script_line_content` VALUES ('ad904479a2d817837741e1f4f7921a3f', '    parser.add_argument(\'--tnode\', default=\'\', help=\'XXXXXXX\')');
INSERT INTO `autoexec_script_line_content` VALUES ('ada5d39e1f434e34b67ce515b0d37acf', '    print(\"Do some jobs=====\\n\")');
INSERT INTO `autoexec_script_line_content` VALUES ('adf06957da7e0a69aa8b1c774f10e0af', '            tdatetime)');
INSERT INTO `autoexec_script_line_content` VALUES ('b2d9183f26cb5087d973af39da6cf566', 'sub main {');
INSERT INTO `autoexec_script_line_content` VALUES ('b3867a978e8a1164cef30d5e9f01ec34', '    parser.add_argument(\'--tjson\', default=\'\', help=\'XXXXXXX\')');
INSERT INTO `autoexec_script_line_content` VALUES ('b44ba1efd016357cf0120ee0f6a42212', '                echo \"Non-option argument: \'-${OPTARG}\'\" >&2');
INSERT INTO `autoexec_script_line_content` VALUES ('b4b9a56649721a09e2797e2858a6c14c', '        HAS_ERROR=1');
INSERT INTO `autoexec_script_line_content` VALUES ('b599993614efb25918eb360d138a68b6', '        \'ttime=s\'        => \\$ttime,');
INSERT INTO `autoexec_script_line_content` VALUES ('b5cd2fccc7c71613b018d9ee2a51e7fc', '#参数处理,全部用长参数');
INSERT INTO `autoexec_script_line_content` VALUES ('b5cef43b58beb1033514ffc61ab0d1a7', '        sleep(1);');
INSERT INTO `autoexec_script_line_content` VALUES ('b600e1a9a1e30efb2f89af489db6b7bf', 'use Getopt::Long;');
INSERT INTO `autoexec_script_line_content` VALUES ('b6ed383feb7e26e4451ea7fe084bc7e3', '    );');
INSERT INTO `autoexec_script_line_content` VALUES ('b6f7ccfb8f264a6c08ef91d4e5c387d8', '    exit 2');
INSERT INTO `autoexec_script_line_content` VALUES ('b773733566e79d01a89efd0d704175bc', '    pname = os.path.basename(__file__)');
INSERT INTO `autoexec_script_line_content` VALUES ('b77de0aa494d7667e98af686e36ce4c3', '################################');
INSERT INTO `autoexec_script_line_content` VALUES ('b896ab54da45fc3c6b2ac17f0964d87b', '    print(\"tdate:$tdate\\n\");');
INSERT INTO `autoexec_script_line_content` VALUES ('b8f3940b4e319180b18dcaaf10b1eaba', '        \'tinput=s\'       => \\$tinput,');
INSERT INTO `autoexec_script_line_content` VALUES ('ba938123dd73c8c8f7d477e25e8e63cb', '            usage');
INSERT INTO `autoexec_script_line_content` VALUES ('bdb9103e7d82230ca62a7678ea61e1af', '###############################');
INSERT INTO `autoexec_script_line_content` VALUES ('c5054d771009c6e1b0d73f5171998343', 'if __name__ == \"__main__\":');
INSERT INTO `autoexec_script_line_content` VALUES ('c9008f69631eeaf9ca89d2627d167227', '    print(\"tselect:\" + args.tselect)');
INSERT INTO `autoexec_script_line_content` VALUES ('c962eeb670125b0e102cd6877ec889e7', '            tnode)');
INSERT INTO `autoexec_script_line_content` VALUES ('cbb184dd8e05c9709e5dcaedaa0495cf', '}');
INSERT INTO `autoexec_script_line_content` VALUES ('cc240f6a8f984fba0f6b481438da06ce', 'outfile=\"testfile.txt\"');
INSERT INTO `autoexec_script_line_content` VALUES ('cd892220fa7e5052eac5ac9b7dbfe8ea', '    #process output');
INSERT INTO `autoexec_script_line_content` VALUES ('cd99be9b5d2c653cc5414216a9e9ed60', '    parser.add_argument(\'--ttime\', default=\'\', help=\'XXXXXXX\')');
INSERT INTO `autoexec_script_line_content` VALUES ('ce91eaf7e3dc0ce5d52ab0dbe7027943', '                tnode=\"${!OPTIND}\"');
INSERT INTO `autoexec_script_line_content` VALUES ('d1430937fac9d22b922c95139ce01381', 'use FindBin;');
INSERT INTO `autoexec_script_line_content` VALUES ('d1bd04cd4a72d317757291ff9f76e13e', '        esac');
INSERT INTO `autoexec_script_line_content` VALUES ('d29bbab0a6b147695bb0db56f0927949', '# -*- coding: utf-8 -*-');
INSERT INTO `autoexec_script_line_content` VALUES ('d372f21f09b6a87de265a98d95c7d102', '            tpassword)');
INSERT INTO `autoexec_script_line_content` VALUES ('d39298593e5688f4cb922c695f6f1fe3', '    print(pname + \"--tinput <tinput> --tjson <tjson> --tselect <tselect> --tmultiselect <tmultiselect> --tpassword <tpassword> --tfile <tfile> --tnode <node id> --tdate <tdate> --ttime <ttime> --tdatetime <tdatetime>\")');
INSERT INTO `autoexec_script_line_content` VALUES ('d3cac2e31a7b3b72419db287c4609f75', '    fo.close()');
INSERT INTO `autoexec_script_line_content` VALUES ('d48507ae9936acd51c851cfe4011b178', '    out[\'outcsv\'] = \'\"name\",\"sex\",\"age\"\\n\"张三“,\"男“,\"30\"\\n\"李四\",\"女“,\"35\"}\'');
INSERT INTO `autoexec_script_line_content` VALUES ('d63bc8c9d804a4e6d5722b20f87aa647', '        \'tdatetime=s\'    => \\$tdatetime');
INSERT INTO `autoexec_script_line_content` VALUES ('d6a08acf38557687d2b991971e485930', 'DO_CMD ls -l /tmp');
INSERT INTO `autoexec_script_line_content` VALUES ('d7f6b284949818d23fadd20cd23e2fdf', '    if ( not defined($tinput) or $tinput eq \'\' ) {');
INSERT INTO `autoexec_script_line_content` VALUES ('d811a95682429f6f8eaca7156a2c7f10', '    print(\"tinput:$tinput\\n\");');
INSERT INTO `autoexec_script_line_content` VALUES ('da17e71ff603600bd34e9ec2519ab40f', '    pname=$(basename $0)');
INSERT INTO `autoexec_script_line_content` VALUES ('da9f8a204ab1a509b34af5ba21779d53', '                ttime=\"${!OPTIND}\"');
INSERT INTO `autoexec_script_line_content` VALUES ('dab1ca17e1bedadafcbfd27a52894c91', 'def usage():');
INSERT INTO `autoexec_script_line_content` VALUES ('dccaabe5cb5f434971046bc36c456d20', '    if ( $hasOptErr == 1 ) {');
INSERT INTO `autoexec_script_line_content` VALUES ('de4a4a15d851d87b3759b6f38520e010', '    parser.add_argument(\'--tdate\', default=\'\', help=\'XXXXXXX\')');
INSERT INTO `autoexec_script_line_content` VALUES ('de62882f5753085f11961bcd3efe6a2f', '    parser.add_argument(\'--tpassword\', default=\'\', help=\'XXXXXXX\')');
INSERT INTO `autoexec_script_line_content` VALUES ('e0a5ce22ed04ce5140aa51fa409fb084', 'import time');
INSERT INTO `autoexec_script_line_content` VALUES ('e10f83dc5a1aa0443017cf0e83f0ddde', '    fo.write(\"This is python test file.\\n\")');
INSERT INTO `autoexec_script_line_content` VALUES ('e1a5f2d5896ffd4cf2d74022d3e18385', '            ;;');
INSERT INTO `autoexec_script_line_content` VALUES ('e2b60bb559702fa06b1a1a8f4f380394', '            tselect)');
INSERT INTO `autoexec_script_line_content` VALUES ('e3d3683b53542e8f3163a6dfec3fc814', '            ttime)');
INSERT INTO `autoexec_script_line_content` VALUES ('e46f8490fb599f13ee691f3537f6e24d', '    else');
INSERT INTO `autoexec_script_line_content` VALUES ('e5f67ac56c994f8ea631876fd9b55315', '    print(\"tdatetime:\" + args.tdatetime)');
INSERT INTO `autoexec_script_line_content` VALUES ('e69bdb2f9f45763761b04cc5a57218e8', '    $@');
INSERT INTO `autoexec_script_line_content` VALUES ('e73561bf2b75f6ea708cfbbdcf5a9fcd', '    exit(1);');
INSERT INTO `autoexec_script_line_content` VALUES ('e79d21f45caebf9144c6fa7003b30a63', '#Save output');
INSERT INTO `autoexec_script_line_content` VALUES ('e9f3b07cde0ce223b101841f1223e4e8', '                    echo \"Unknown option --${OPTARG}\" >&2');
INSERT INTO `autoexec_script_line_content` VALUES ('ea5a1cbe764918679997181a3ea281d3', '    }');
INSERT INTO `autoexec_script_line_content` VALUES ('ea86979e00ac7e8e3f80dfd6d45b426c', '    for i in range(1, 5):');
INSERT INTO `autoexec_script_line_content` VALUES ('eaad692e6c13b68c576235646de485ac', '    print(\"INFO: Sleep 5 seconds to pretend do some jobs.\\n\");');
INSERT INTO `autoexec_script_line_content` VALUES ('ed9f4b8f879ddbb59fda1057ea3a2810', 'import os');
INSERT INTO `autoexec_script_line_content` VALUES ('ee7746adfa7dccc1c4709e85b4d38729', 'echo \"======Save output to output file\"');
INSERT INTO `autoexec_script_line_content` VALUES ('f0104c824f62e34ef87f66eed0cd3175', '    \"outfile\":\"$outfile\"');
INSERT INTO `autoexec_script_line_content` VALUES ('f0c55ea484bd19bb7104f493f2c69f63', 'use AutoExecUtils;');
INSERT INTO `autoexec_script_line_content` VALUES ('f10c7734373523fdc3c1ce45e7e544f9', '                tdatetime=\"${!OPTIND}\"');
INSERT INTO `autoexec_script_line_content` VALUES ('f3445f1cbedd7a7cb3aba842fea2cb97', '    fi');
INSERT INTO `autoexec_script_line_content` VALUES ('f3535b0594c03fe2f458314632f297ed', 'echo \"tdate: $tdate\"');
INSERT INTO `autoexec_script_line_content` VALUES ('f52e5002ad6bb75814e71d3394ecb096', '    print(\"tfile:\" + args.tfile)');
INSERT INTO `autoexec_script_line_content` VALUES ('f55e569984a0e1b1cdc324f2f2fb453c', '    my $out = {};');
INSERT INTO `autoexec_script_line_content` VALUES ('f7b4d21f4924603ebb4bfcc56f3164eb', '            esac');
INSERT INTO `autoexec_script_line_content` VALUES ('f856417ca89721656d950d9c5d9c4462', 'echo \"tnode: $tnode\"');
INSERT INTO `autoexec_script_line_content` VALUES ('f95b70fdc3088560732a5ac135644506', '{');
INSERT INTO `autoexec_script_line_content` VALUES ('f9be63d7a48046196e7e5a8732b1d62b', '#!/usr/bin/python3 -u');
INSERT INTO `autoexec_script_line_content` VALUES ('fa7265e6ad057d39f2859f887668a3b7', '    # 帮助信息');
INSERT INTO `autoexec_script_line_content` VALUES ('fb305bcce2fc6fc77e202d39878ef16d', '    \"outtext\":\"$outtext\",');
INSERT INTO `autoexec_script_line_content` VALUES ('fe0f64a514e70b8588a5d6c3f45fc16a', '#Do some job');
-- ----------------------------
-- Records of autoexec_script_version
-- ----------------------------
INSERT INTO `autoexec_script_version` VALUES (856409558228993, 856409558228992, '版本1', 1, NULL, 'perl', 'passed', 'admin', 1, NULL, '2023-03-27 14:55:59.816', 'admin', NULL);
INSERT INTO `autoexec_script_version` VALUES (856409558229086, 856409558229085, '版本1', 1, NULL, 'bash', 'passed', 'admin', 1, NULL, '2023-03-27 14:55:56.983', 'admin', NULL);
INSERT INTO `autoexec_script_version` VALUES (856409558229235, 856409558229234, '版本1', 1, NULL, 'python', 'passed', 'admin', 1, NULL, '2023-03-27 15:00:55.215', 'admin', NULL);
-- ----------------------------
-- Records of autoexec_script_version_param
-- ----------------------------
INSERT INTO `autoexec_script_version_param` VALUES (856409558228993, 'outcsv', 'csv输出', NULL, 'output', 'text', 'constant', 0, 'csv输出测试', 3, '{\"isRequired\":false,\"type\":\"text\"}');
INSERT INTO `autoexec_script_version_param` VALUES (856409558228993, 'outfile', '文件输出', NULL, 'output', 'filepath', 'constant', 0, '文件输出测试', 1, '{\"isRequired\":false,\"type\":\"filepath\"}');
INSERT INTO `autoexec_script_version_param` VALUES (856409558228993, 'outjson', 'json输出', NULL, 'output', 'json', 'constant', 0, 'json输出测试', 2, '{\"isRequired\":false,\"type\":\"json\"}');
INSERT INTO `autoexec_script_version_param` VALUES (856409558228993, 'outpassword', 'password输出', NULL, 'output', 'password', 'constant', 0, 'password输出测试', 4, '{\"isRequired\":false,\"type\":\"password\"}');
INSERT INTO `autoexec_script_version_param` VALUES (856409558228993, 'outtext', '普通输出1', NULL, 'output', 'text', 'constant', 0, '普通输出测试', 0, '{\"isRequired\":false,\"type\":\"text\"}');
INSERT INTO `autoexec_script_version_param` VALUES (856409558228993, 'tdate', '日期输入', '', 'input', 'date', 'constant', 0, '日期输入测试', 7, '{\"isRequired\":false,\"type\":\"date\"}');
INSERT INTO `autoexec_script_version_param` VALUES (856409558228993, 'tdatetime', '日期时间输入', '', 'input', 'datetime', 'constant', 0, '日期时间输入测试', 9, '{\"isRequired\":false,\"type\":\"datetime\"}');
INSERT INTO `autoexec_script_version_param` VALUES (856409558228993, 'tfile', '文件输入', NULL, 'input', 'file', 'constant', 0, '文件输入测试', 5, '{\"isRequired\":false,\"type\":\"file\"}');
INSERT INTO `autoexec_script_version_param` VALUES (856409558228993, 'tinput', '普通输入', '测试-Local', 'input', 'text', 'constant', 1, '普通输入测试', 0, '{\"isRequired\":true,\"type\":\"text\"}');
INSERT INTO `autoexec_script_version_param` VALUES (856409558228993, 'tjson', 'json输入', '{\"name\":\"测试-Local\"}', 'input', 'json', 'constant', 1, 'json输入测试', 1, '{\"isRequired\":true,\"type\":\"json\"}');
INSERT INTO `autoexec_script_version_param` VALUES (856409558228993, 'tmultiselect', '多选输入', '[\"sel1\",\"sel2\"]', 'input', 'multiselect', 'constant', 1, '多选输入测试', 3, '{\"dataList\":[{\"text\":\"选择1\",\"value\":\"sel1\"},{\"text\":\"选择2\",\"value\":\"sel2\"},{\"text\":\"选择3\",\"value\":\"sel3\"}],\"dataSource\":\"static\"}');
INSERT INTO `autoexec_script_version_param` VALUES (856409558228993, 'tnode', '节点参数', NULL, 'input', 'node', 'constant', 0, '节点输入测试', 6, '{\"isRequired\":false,\"type\":\"node\"}');
INSERT INTO `autoexec_script_version_param` VALUES (856409558228993, 'tpassword', '密码输入', 'RC4:65bc23024fc41d5449aaa60419d4', 'input', 'password', 'constant', 1, '密码输入测试', 4, '{\"isRequired\":true,\"type\":\"password\"}');
INSERT INTO `autoexec_script_version_param` VALUES (856409558228993, 'tselect', '单选输入', 'sel1', 'input', 'select', 'constant', 1, '单选输入测试', 2, '{\"dataList\":[{\"text\":\"选择1\",\"value\":\"sel1\"},{\"text\":\"选择2\",\"value\":\"sel2\"}],\"dataSource\":\"static\"}');
INSERT INTO `autoexec_script_version_param` VALUES (856409558228993, 'ttime', '时间输入', '', 'input', 'time', 'constant', 0, '时间输入测试', 8, '{\"isRequired\":false,\"type\":\"time\"}');
INSERT INTO `autoexec_script_version_param` VALUES (856409558229086, 'outcsv', 'csv输出', NULL, 'output', 'text', 'constant', 0, 'csv输出测试', 3, '{\"isRequired\":false,\"type\":\"text\"}');
INSERT INTO `autoexec_script_version_param` VALUES (856409558229086, 'outfile', '文件输出', NULL, 'output', 'filepath', 'constant', 0, '文件输出测试', 1, '{\"isRequired\":false,\"type\":\"filepath\"}');
INSERT INTO `autoexec_script_version_param` VALUES (856409558229086, 'outjson', 'json输出', NULL, 'output', 'json', 'constant', 0, 'json输出测试', 2, '{\"isRequired\":false,\"type\":\"json\"}');
INSERT INTO `autoexec_script_version_param` VALUES (856409558229086, 'outpassword', 'password输出', NULL, 'output', 'password', 'constant', 0, 'password输出测试', 4, '{\"isRequired\":false,\"type\":\"password\"}');
INSERT INTO `autoexec_script_version_param` VALUES (856409558229086, 'outtext', '普通输出1', NULL, 'output', 'text', 'constant', 0, '普通输出测试', 0, '{\"isRequired\":false,\"type\":\"text\"}');
INSERT INTO `autoexec_script_version_param` VALUES (856409558229086, 'tdate', '日期输入', '', 'input', 'date', 'constant', 0, '日期输入测试', 7, '{\"isRequired\":false,\"type\":\"date\"}');
INSERT INTO `autoexec_script_version_param` VALUES (856409558229086, 'tdatetime', '日期时间输入', '', 'input', 'datetime', 'constant', 0, '日期时间输入测试', 9, '{\"isRequired\":false,\"type\":\"datetime\"}');
INSERT INTO `autoexec_script_version_param` VALUES (856409558229086, 'tfile', '文件输入', NULL, 'input', 'file', 'constant', 0, '文件输入测试', 5, '{\"isRequired\":false,\"type\":\"file\"}');
INSERT INTO `autoexec_script_version_param` VALUES (856409558229086, 'tinput', '普通输入', '测试-Local', 'input', 'text', 'constant', 1, '普通输入测试', 0, '{\"isRequired\":true,\"type\":\"text\"}');
INSERT INTO `autoexec_script_version_param` VALUES (856409558229086, 'tjson', 'json输入', '{\"name\":\"测试-Local\"}', 'input', 'json', 'constant', 1, 'json输入测试', 1, '{\"isRequired\":true,\"type\":\"json\"}');
INSERT INTO `autoexec_script_version_param` VALUES (856409558229086, 'tmultiselect', '多选输入', '[\"sel1\",\"sel2\"]', 'input', 'multiselect', 'constant', 1, '多选输入测试', 3, '{\"dataList\":[{\"text\":\"选择1\",\"value\":\"sel1\"},{\"text\":\"选择2\",\"value\":\"sel2\"},{\"text\":\"选择3\",\"value\":\"sel3\"}],\"dataSource\":\"static\"}');
INSERT INTO `autoexec_script_version_param` VALUES (856409558229086, 'tnode', '节点参数', NULL, 'input', 'node', 'constant', 0, '节点输入测试', 6, '{\"isRequired\":false,\"type\":\"node\"}');
INSERT INTO `autoexec_script_version_param` VALUES (856409558229086, 'tpassword', '密码输入', 'RC4:65bc23024fc41d5449aaa60419d4', 'input', 'password', 'constant', 1, '密码输入测试', 4, '{\"isRequired\":true,\"type\":\"password\"}');
INSERT INTO `autoexec_script_version_param` VALUES (856409558229086, 'tselect', '单选输入', 'sel1', 'input', 'select', 'constant', 1, '单选输入测试', 2, '{\"dataList\":[{\"text\":\"选择1\",\"value\":\"sel1\"},{\"text\":\"选择2\",\"value\":\"sel2\"}],\"dataSource\":\"static\"}');
INSERT INTO `autoexec_script_version_param` VALUES (856409558229086, 'ttime', '时间输入', '', 'input', 'time', 'constant', 0, '时间输入测试', 8, '{\"isRequired\":false,\"type\":\"time\"}');
INSERT INTO `autoexec_script_version_param` VALUES (856409558229235, 'outcsv', 'csv输出', NULL, 'output', 'text', 'constant', 0, 'csv输出测试', 3, '{\"isRequired\":false,\"type\":\"text\"}');
INSERT INTO `autoexec_script_version_param` VALUES (856409558229235, 'outfile', '文件输出', NULL, 'output', 'filepath', 'constant', 0, '文件输出测试', 1, '{\"isRequired\":false,\"type\":\"filepath\"}');
INSERT INTO `autoexec_script_version_param` VALUES (856409558229235, 'outjson', 'json输出', NULL, 'output', 'json', 'constant', 0, 'json输出测试', 2, '{\"isRequired\":false,\"type\":\"json\"}');
INSERT INTO `autoexec_script_version_param` VALUES (856409558229235, 'outpassword', 'password输出', NULL, 'output', 'password', 'constant', 0, 'password输出测试', 4, '{\"isRequired\":false,\"type\":\"password\"}');
INSERT INTO `autoexec_script_version_param` VALUES (856409558229235, 'outtext', '普通输出1', NULL, 'output', 'text', 'constant', 0, '普通输出测试', 0, '{\"isRequired\":false,\"type\":\"text\"}');
INSERT INTO `autoexec_script_version_param` VALUES (856409558229235, 'tdate', '日期输入', '', 'input', 'date', 'constant', 0, '日期输入测试', 7, '{\"isRequired\":false,\"type\":\"date\"}');
INSERT INTO `autoexec_script_version_param` VALUES (856409558229235, 'tdatetime', '日期时间输入', '', 'input', 'datetime', 'constant', 0, '日期时间输入测试', 9, '{\"isRequired\":false,\"type\":\"datetime\"}');
INSERT INTO `autoexec_script_version_param` VALUES (856409558229235, 'tfile', '文件输入', NULL, 'input', 'file', 'constant', 0, '文件输入测试', 5, '{\"isRequired\":false,\"type\":\"file\"}');
INSERT INTO `autoexec_script_version_param` VALUES (856409558229235, 'tinput', '普通输入', '测试-Local', 'input', 'text', 'constant', 1, '普通输入测试', 0, '{\"isRequired\":true,\"type\":\"text\"}');
INSERT INTO `autoexec_script_version_param` VALUES (856409558229235, 'tjson', 'json输入', '{\"name\":\"测试-Local\"}', 'input', 'json', 'constant', 1, 'json输入测试', 1, '{\"isRequired\":true,\"type\":\"json\"}');
INSERT INTO `autoexec_script_version_param` VALUES (856409558229235, 'tmultiselect', '多选输入', '[\"sel1\",\"sel2\"]', 'input', 'multiselect', 'constant', 1, '多选输入测试', 3, '{\"dataList\":[{\"text\":\"选择1\",\"value\":\"sel1\"},{\"text\":\"选择2\",\"value\":\"sel2\"},{\"text\":\"选择3\",\"value\":\"sel3\"}],\"dataSource\":\"static\"}');
INSERT INTO `autoexec_script_version_param` VALUES (856409558229235, 'tnode', '节点参数', NULL, 'input', 'node', 'constant', 0, '节点输入测试', 6, '{\"isRequired\":false,\"type\":\"node\"}');
INSERT INTO `autoexec_script_version_param` VALUES (856409558229235, 'tpassword', '密码输入', 'RC4:65bc23024fc41d5449aaa60419d4', 'input', 'password', 'constant', 1, '密码输入测试', 4, '{\"isRequired\":true,\"type\":\"password\"}');
INSERT INTO `autoexec_script_version_param` VALUES (856409558229235, 'tselect', '单选输入', 'sel1', 'input', 'select', 'constant', 1, '单选输入测试', 2, '{\"dataList\":[{\"text\":\"选择1\",\"value\":\"sel1\"},{\"text\":\"选择2\",\"value\":\"sel2\"}],\"dataSource\":\"static\"}');
INSERT INTO `autoexec_script_version_param` VALUES (856409558229235, 'ttime', '时间输入', '', 'input', 'time', 'constant', 0, '时间输入测试', 8, '{\"isRequired\":false,\"type\":\"time\"}');
-- ----------------------------
-- Records of autoexec_tool
-- ----------------------------
INSERT INTO `autoexec_tool` VALUES (477434671538179, 'cmdbcollect/storagecollector', 1, 'runner_target', 2, 477321156894720, '采集存储设备信息,支持IBM、NetApp、EMC、HuaWei等', 'perl', NULL, NULL, '{\"paramList\":[{\"mode\":\"input\",\"isRequired\":0,\"defaultValue\":\"public\",\"name\":\"默认团体字\",\"description\":\"当在节点信息中没有密码是，使用此默认SNMP团体字\",\"sort\":0,\"type\":\"password\",\"key\":\"community\"},{\"mode\":\"input\",\"isRequired\":1,\"defaultValue\":\"10\",\"name\":\"超时时间\",\"description\":\"查询超时时间，单位秒\",\"sort\":1,\"type\":\"text\",\"key\":\"timeout\"},{\"mode\":\"input\",\"isRequired\":1,\"defaultValue\":\"\",\"name\":\"存储类别\",\"description\":\"存储的类别型号\",\"sort\":2,\"type\":\"select\",\"config\":{\"dataList\":[{\"text\":\"EMC_Vnx\",\"value\":\"EMC_Vnx\"},{\"text\":\"EMC_Vplex\",\"value\":\"EMC_Vplex\"},{\"text\":\"EMC_RPA\",\"value\":\"EMC_RPA\"},{\"text\":\"HP_3PAR\",\"value\":\"HP_3PAR\"},{\"text\":\"HDS_AMS\",\"value\":\"HDS_AMS\"},{\"text\":\"HDS_VSP\",\"value\":\"HDS_VSP\"},{\"text\":\"HuaWei\",\"value\":\"HuaWei\"},{\"text\":\"IBM_DS\",\"value\":\"IBM_DS\"},{\"text\":\"IBM_F900\",\"value\":\"IBM_F900\"},{\"text\":\"IBM_Flash\",\"value\":\"IBM_Flash\"},{\"text\":\"IBM_SVC\",\"value\":\"IBM_SVC\"},{\"text\":\"IBM_V7000\",\"value\":\"IBM_V7000\"},{\"text\":\"NetApp\",\"value\":\"NetApp\"},{\"text\":\"FUJITSU/浪潮OEM\",\"value\":\"FUJITSU\"}],\"dataSource\":\"static\"},\"key\":\"type\"},{\"mode\":\"input\",\"isRequired\":1,\"defaultValue\":\"0\",\"name\":\"巡检检查\",\"description\":\"采集更详细的巡检数据\",\"sort\":3,\"type\":\"select\",\"config\":{\"dataList\":[{\"text\":\"不采集\",\"value\":\"0\"},{\"text\":\"采集\",\"value\":\"1\"}],\"dataSource\":\"static\"},\"key\":\"inspect\"},{\"mode\":\"input\",\"isRequired\":1,\"defaultValue\":\"0\",\"name\":\"回显结果数据\",\"description\":\"回显采集到的数据\",\"sort\":4,\"type\":\"select\",\"config\":{\"dataList\":[{\"text\":\"不回显\",\"value\":\"0\"},{\"text\":\"回显\",\"value\":\"1\"}],\"dataSource\":\"static\"},\"key\":\"verbose\"},{\"mode\":\"output\",\"name\":\"JSON数据\",\"description\":\"采集到的数据\",\"sort\":0,\"type\":\"json\",\"key\":\"DATA\"}]}', '2023-03-16 19:54:07.597', NULL, 0);
INSERT INTO `autoexec_tool` VALUES (477434679926784, 'cmdbcollect/backfillrel', 1, 'runner', 2, 477321156894720, '对采集到的数据进行关系检索计算和回填', 'python', NULL, NULL, '{\"paramList\":[{\"mode\":\"input\",\"isRequired\":1,\"defaultValue\":\"OS\",\"name\":\"关系类别\",\"description\":\"关系类别[OS|NET]\",\"sort\":0,\"type\":\"select\",\"config\":{\"dataList\":[{\"text\":\"操作系统相关\",\"value\":\"OS\"},{\"text\":\"网络相关\",\"value\":\"NET\"}],\"dataSource\":\"static\"},\"key\":\"type\"}]}', '2023-03-16 19:54:07.576', NULL, 0);
INSERT INTO `autoexec_tool` VALUES (477434679926785, 'cmdbcollect/a10collector', 1, 'runner_target', 2, 477321156894720, '使用SNMP采集A10的VS、POOL、MEMBER信息', 'perl', NULL, NULL, '{\"paramList\":[{\"mode\":\"input\",\"isRequired\":0,\"defaultValue\":\"public\",\"name\":\"默认团体字\",\"description\":\"当在节点信息中没有密码是，使用此默认SNMP团体字\",\"sort\":0,\"type\":\"password\",\"key\":\"community\"},{\"mode\":\"input\",\"isRequired\":1,\"defaultValue\":\"10\",\"name\":\"超时时间\",\"description\":\"单次SNMP查询超时时间，单位秒\",\"sort\":1,\"type\":\"text\",\"key\":\"timeout\"},{\"mode\":\"input\",\"isRequired\":1,\"defaultValue\":\"0\",\"name\":\"回显结果数据\",\"description\":\"回显采集到的数据\",\"sort\":2,\"type\":\"select\",\"config\":{\"dataList\":[{\"text\":\"不回显\",\"value\":\"0\"},{\"text\":\"回显\",\"value\":\"1\"}],\"dataSource\":\"static\"},\"key\":\"verbose\"},{\"mode\":\"output\",\"name\":\"JSON数据\",\"description\":\"采集到的数据\",\"sort\":0,\"type\":\"json\",\"key\":\"DATA\"}]}', '2023-03-16 19:54:07.557', NULL, 0);
INSERT INTO `autoexec_tool` VALUES (477434688315392, 'cmdbcollect/f5collector', 1, 'runner_target', 2, 477321156894720, '使用SNMP采集F5的VS、POOL、MEMBER信息', 'perl', NULL, NULL, '{\"paramList\":[{\"mode\":\"input\",\"isRequired\":0,\"defaultValue\":\"public\",\"name\":\"默认团体字\",\"description\":\"当在节点信息中没有密码是，使用此默认SNMP团体字\",\"sort\":0,\"type\":\"password\",\"key\":\"community\"},{\"mode\":\"input\",\"isRequired\":1,\"defaultValue\":\"10\",\"name\":\"超时时间\",\"description\":\"单次SNMP查询超时时间，单位秒\",\"sort\":1,\"type\":\"text\",\"key\":\"timeout\"},{\"mode\":\"input\",\"isRequired\":1,\"defaultValue\":\"0\",\"name\":\"回显结果数据\",\"description\":\"回显采集到的数据\",\"sort\":2,\"type\":\"select\",\"config\":{\"dataList\":[{\"text\":\"不回显\",\"value\":\"0\"},{\"text\":\"回显\",\"value\":\"1\"}],\"dataSource\":\"static\"},\"key\":\"verbose\"},{\"mode\":\"output\",\"name\":\"JSON数据\",\"description\":\"采集到的数据\",\"sort\":0,\"type\":\"json\",\"key\":\"DATA\"}]}', '2023-03-16 19:54:07.537', NULL, 0);
INSERT INTO `autoexec_tool` VALUES (477434688315393, 'cmdbcollect/fcswitchcollector', 1, 'runner_target', 2, 477321156894720, '采集光交设备信息,支持基于Brocade的类型', 'perl', NULL, NULL, '{\"paramList\":[{\"mode\":\"input\",\"isRequired\":0,\"defaultValue\":\"public\",\"name\":\"默认团体字\",\"description\":\"当在节点信息中没有密码是，使用此默认SNMP团体字\",\"sort\":0,\"type\":\"password\",\"key\":\"community\"},{\"mode\":\"input\",\"isRequired\":1,\"defaultValue\":\"10\",\"name\":\"超时时间\",\"description\":\"查询超时时间，单位秒\",\"sort\":1,\"type\":\"text\",\"key\":\"timeout\"},{\"mode\":\"input\",\"isRequired\":1,\"defaultValue\":\"auto\",\"name\":\"光交类别\",\"description\":\"光交的类别型号\",\"sort\":2,\"type\":\"select\",\"config\":{\"dataList\":[{\"text\":\"自动选择\",\"value\":\"auto\"},{\"text\":\"Brocade\",\"value\":\"Brocade\"},{\"text\":\"IBM\",\"value\":\"Brocade\"},{\"text\":\"EMC\",\"value\":\"Brocade\"},{\"text\":\"HP\",\"value\":\"Brocade\"},{\"text\":\"Huawei\",\"value\":\"Brocade\"}],\"dataSource\":\"static\"},\"key\":\"type\"},{\"mode\":\"input\",\"isRequired\":1,\"defaultValue\":\"0\",\"name\":\"巡检检查\",\"description\":\"采集更详细的巡检数据\",\"sort\":3,\"type\":\"select\",\"config\":{\"dataList\":[{\"text\":\"不采集\",\"value\":\"0\"},{\"text\":\"采集\",\"value\":\"1\"}],\"dataSource\":\"static\"},\"key\":\"inspect\"},{\"mode\":\"input\",\"isRequired\":1,\"defaultValue\":\"0\",\"name\":\"回显结果数据\",\"description\":\"回显采集到的数据\",\"sort\":4,\"type\":\"select\",\"config\":{\"dataList\":[{\"text\":\"不回显\",\"value\":\"0\"},{\"text\":\"回显\",\"value\":\"1\"}],\"dataSource\":\"static\"},\"key\":\"verbose\"},{\"mode\":\"output\",\"name\":\"JSON数据\",\"description\":\"采集到的数据\",\"sort\":0,\"type\":\"json\",\"key\":\"DATA\"}]}', '2023-03-16 19:54:07.518', NULL, 0);
INSERT INTO `autoexec_tool` VALUES (477434696704000, 'cmdbcollect/firewallcollector', 1, 'runner_target', 2, 477321156894720, '采集防火墙设备信息,支持HuaWei、CheckPoint、HillStone、TopSec等', 'perl', NULL, NULL, '{\"paramList\":[{\"mode\":\"input\",\"isRequired\":0,\"defaultValue\":\"public\",\"name\":\"默认团体字\",\"description\":\"当在节点信息中没有密码是，使用此默认SNMP团体字\",\"sort\":0,\"type\":\"password\",\"key\":\"community\"},{\"mode\":\"input\",\"isRequired\":1,\"defaultValue\":\"10\",\"name\":\"超时时间\",\"description\":\"查询超时时间，单位秒\",\"sort\":1,\"type\":\"text\",\"key\":\"timeout\"},{\"mode\":\"input\",\"isRequired\":1,\"defaultValue\":\"auto\",\"name\":\"防火墙类别\",\"description\":\"防火墙的类别型号\",\"sort\":2,\"type\":\"select\",\"config\":{\"dataList\":[{\"text\":\"自动选择\",\"value\":\"auto\"},{\"text\":\"华为\",\"value\":\"Huawei\"},{\"text\":\"CheckPoint\",\"value\":\"CheckPoint\"},{\"text\":\"Juniper\",\"value\":\"Juniper\"},{\"text\":\"山石\",\"value\":\"HillStone\"},{\"text\":\"天融信\",\"value\":\"TopSec\"}],\"dataSource\":\"static\"},\"key\":\"type\"},{\"mode\":\"input\",\"isRequired\":1,\"defaultValue\":\"0\",\"name\":\"回显结果数据\",\"description\":\"回显采集到的数据\",\"sort\":3,\"type\":\"select\",\"config\":{\"dataList\":[{\"text\":\"不回显\",\"value\":\"0\"},{\"text\":\"回显\",\"value\":\"1\"}],\"dataSource\":\"static\"},\"key\":\"verbose\"},{\"mode\":\"output\",\"name\":\"JSON数据\",\"description\":\"采集到的数据\",\"sort\":0,\"type\":\"json\",\"key\":\"DATA\"}]}', '2023-03-16 19:54:07.607', NULL, 0);
INSERT INTO `autoexec_tool` VALUES (477434696704001, 'cmdbcollect/switchcollector', 1, 'runner_target', 2, 477321156894720, '采集交换机信息,支持Cisco、HuaWei、H3C等', 'perl', NULL, NULL, '{\"paramList\":[{\"mode\":\"input\",\"isRequired\":0,\"defaultValue\":\"public\",\"name\":\"默认团体字\",\"description\":\"当在节点信息中没有密码是，使用此默认SNMP团体字\",\"sort\":0,\"type\":\"password\",\"key\":\"community\"},{\"mode\":\"input\",\"isRequired\":1,\"defaultValue\":\"10\",\"name\":\"超时时间\",\"description\":\"单次SNMP查询超时时间，单位秒\",\"sort\":1,\"type\":\"text\",\"key\":\"timeout\"},{\"mode\":\"input\",\"isRequired\":1,\"defaultValue\":\"Switch\",\"name\":\"设备类型\",\"description\":\"设备类型，譬如：Switch | Router\",\"sort\":2,\"type\":\"select\",\"config\":{\"dataList\":[{\"text\":\"交换机\",\"value\":\"Switch\"},{\"text\":\"路由器\",\"value\":\"Router\"}],\"dataSource\":\"static\"},\"key\":\"objtype\"},{\"mode\":\"input\",\"isRequired\":1,\"defaultValue\":\"0\",\"name\":\"巡检检查\",\"description\":\"采集更详细的巡检数据\",\"sort\":3,\"type\":\"select\",\"config\":{\"dataList\":[{\"text\":\"不采集\",\"value\":\"0\"},{\"text\":\"采集\",\"value\":\"1\"}],\"dataSource\":\"static\"},\"key\":\"inspect\"},{\"mode\":\"input\",\"isRequired\":1,\"defaultValue\":\"0\",\"name\":\"回显结果数据\",\"description\":\"回显采集到的数据\",\"sort\":4,\"type\":\"select\",\"config\":{\"dataList\":[{\"text\":\"不回显\",\"value\":\"0\"},{\"text\":\"回显\",\"value\":\"1\"}],\"dataSource\":\"static\"},\"key\":\"verbose\"},{\"mode\":\"output\",\"name\":\"JSON数据\",\"description\":\"采集到的数据\",\"sort\":0,\"type\":\"json\",\"key\":\"DATA\"}]}', '2023-03-16 19:54:07.470', NULL, 0);
INSERT INTO `autoexec_tool` VALUES (477434696704002, 'cmdbcollect/savedata', 1, 'runner_target', 2, 477321156894720, '对采集插件生成的output数据存储到DB插件', 'python', NULL, NULL, '{}', '2023-03-16 19:54:07.566', NULL, 0);
INSERT INTO `autoexec_tool` VALUES (477434696704003, 'cmdbcollect/updatedictionary', 1, 'runner', 2, 477321156894720, '更新采集插件数据字典', 'python', NULL, NULL, '{}', '2023-03-16 19:54:07.487', NULL, 0);
INSERT INTO `autoexec_tool` VALUES (477434696704004, 'cmdbcollect/vspherecollector', 1, 'runner_target', 2, 477321156894720, 'vsphere采集插件', 'python', NULL, NULL, '{\"paramList\":[{\"mode\":\"input\",\"isRequired\":0,\"defaultValue\":\"\",\"name\":\"管理IP\",\"description\":\"vsphere管理IP\",\"sort\":0,\"type\":\"text\",\"key\":\"ip\"},{\"mode\":\"input\",\"isRequired\":0,\"defaultValue\":\"\",\"name\":\"管理端口\",\"description\":\"vsphere管理端口\",\"sort\":1,\"type\":\"text\",\"key\":\"port\"},{\"mode\":\"input\",\"isRequired\":0,\"defaultValue\":\"\",\"name\":\"账号\",\"description\":\"vsphere管理用户\",\"sort\":2,\"type\":\"text\",\"key\":\"user\"},{\"mode\":\"input\",\"isRequired\":0,\"defaultValue\":\"\",\"name\":\"密码\",\"description\":\"vsphere管理用户密码\",\"sort\":3,\"type\":\"text\",\"key\":\"password\"},{\"mode\":\"input\",\"isRequired\":1,\"defaultValue\":\"0\",\"name\":\"回显结果数据\",\"description\":\"回显采集到的数据\",\"sort\":4,\"type\":\"select\",\"config\":{\"dataList\":[{\"text\":\"不回显\",\"value\":\"0\"},{\"text\":\"回显\",\"value\":\"1\"}],\"dataSource\":\"static\"},\"key\":\"verbose\"},{\"mode\":\"output\",\"name\":\"采集数据\",\"description\":\"采集数据输出\",\"sort\":0,\"type\":\"json\",\"key\":\"DATA\"}]}', '2023-03-16 19:54:07.507', NULL, 0);
INSERT INTO `autoexec_tool` VALUES (477434696704005, 'demo/local', 1, 'runner', 477319286235136, 477321156894720, '在runner执行工具的Demo', 'perl', NULL, NULL, '{\"paramList\":[{\"mode\":\"input\",\"isRequired\":1,\"defaultValue\":\"测试-Local\",\"name\":\"普通输入\",\"description\":\"普通输入测试\",\"sort\":0,\"type\":\"text\",\"key\":\"tinput\"},{\"mode\":\"input\",\"isRequired\":1,\"defaultValue\":\"{\\\"name\\\":\\\"测试-Local\\\"}\",\"name\":\"json输入\",\"description\":\"json输入测试\",\"sort\":1,\"type\":\"json\",\"key\":\"tjson\"},{\"mode\":\"input\",\"isRequired\":1,\"defaultValue\":\"sel1\",\"name\":\"单选输入\",\"description\":\"单选输入测试\",\"sort\":2,\"type\":\"select\",\"config\":{\"dataList\":[{\"text\":\"选择1\",\"value\":\"sel1\"},{\"text\":\"选择2\",\"value\":\"sel2\"}],\"dataSource\":\"static\"},\"key\":\"tselect\"},{\"mode\":\"input\",\"isRequired\":1,\"defaultValue\":[\"sel1\",\"sel2\"],\"name\":\"多选输入\",\"description\":\"多选输入测试\",\"sort\":3,\"type\":\"multiselect\",\"config\":{\"dataList\":[{\"text\":\"选择1\",\"value\":\"sel1\"},{\"text\":\"选择2\",\"value\":\"sel2\"},{\"text\":\"选择3\",\"value\":\"sel3\"}],\"dataSource\":\"static\"},\"key\":\"tmultiselect\"},{\"mode\":\"input\",\"isRequired\":1,\"defaultValue\":\"local-password\",\"name\":\"密码输入\",\"description\":\"密码输入测试\",\"sort\":4,\"type\":\"password\",\"key\":\"tpassword\"},{\"mode\":\"input\",\"isRequired\":0,\"defaultValue\":\"\",\"name\":\"文件输入\",\"description\":\"文件输入测试\",\"sort\":5,\"type\":\"file\",\"key\":\"tfile\"},{\"mode\":\"input\",\"isRequired\":0,\"defaultValue\":\"\",\"name\":\"节点参数\",\"description\":\"节点输入测试\",\"sort\":6,\"type\":\"node\",\"key\":\"tnode\"},{\"mode\":\"input\",\"isRequired\":0,\"defaultValue\":\"\",\"name\":\"日期输入\",\"description\":\"日期输入测试\",\"sort\":7,\"type\":\"date\",\"key\":\"tdate\"},{\"mode\":\"input\",\"isRequired\":0,\"defaultValue\":\"\",\"name\":\"时间输入\",\"description\":\"时间输入测试\",\"sort\":8,\"type\":\"time\",\"key\":\"ttime\"},{\"mode\":\"input\",\"isRequired\":0,\"defaultValue\":\"\",\"name\":\"日期时间输入\",\"description\":\"日期时间输入测试\",\"sort\":9,\"type\":\"datetime\",\"key\":\"tdatetime\"},{\"mode\":\"output\",\"name\":\"普通输出1\",\"description\":\"普通输出测试\",\"sort\":0,\"type\":\"text\",\"key\":\"outtext\"},{\"mode\":\"output\",\"name\":\"文件输出\",\"description\":\"文件输出测试\",\"sort\":1,\"type\":\"filepath\",\"key\":\"outfile\"},{\"mode\":\"output\",\"name\":\"json列表输出\",\"description\":\"json列表输出测试\",\"sort\":2,\"type\":\"json\",\"key\":\"outjsonlist\"},{\"mode\":\"output\",\"name\":\"json对象输出\",\"description\":\"json对象输出测试\",\"sort\":3,\"type\":\"json\",\"key\":\"outjsonobj\"},{\"mode\":\"output\",\"name\":\"csv输出\",\"description\":\"csv输出测试\",\"sort\":4,\"type\":\"text\",\"key\":\"outcsv\"},{\"mode\":\"output\",\"name\":\"password输出\",\"description\":\"password输出测试\",\"sort\":5,\"type\":\"password\",\"key\":\"outpassword\"}]}', '2023-03-16 19:54:07.618', NULL, 0);
INSERT INTO `autoexec_tool` VALUES (477434696704006, 'demo/localremote', 1, 'runner_target', 477319286235136, 477321156894720, '在runner远程执行工具的Demo', 'perl', NULL, NULL, '{\"paramList\":[{\"mode\":\"input\",\"isRequired\":1,\"defaultValue\":\"测试Local-Remote\",\"name\":\"普通输入\",\"description\":\"普通输入测试\",\"sort\":0,\"type\":\"text\",\"key\":\"tinput\"},{\"mode\":\"input\",\"isRequired\":1,\"defaultValue\":\"{\\\"name\\\":\\\"测试Local-Remote\\\"}\",\"name\":\"json输入\",\"description\":\"json输入测试\",\"sort\":1,\"type\":\"json\",\"key\":\"tjson\"},{\"mode\":\"input\",\"isRequired\":1,\"defaultValue\":\"sel1\",\"name\":\"单选输入\",\"description\":\"单选输入测试\",\"sort\":2,\"type\":\"select\",\"config\":{\"dataList\":[{\"text\":\"选择1\",\"value\":\"sel1\"},{\"text\":\"选择2\",\"value\":\"sel2\"}],\"dataSource\":\"static\"},\"key\":\"tselect\"},{\"mode\":\"input\",\"isRequired\":1,\"defaultValue\":[\"sel1\",\"sel2\"],\"name\":\"多选输入\",\"description\":\"多选输入测试\",\"sort\":3,\"type\":\"multiselect\",\"config\":{\"dataList\":[{\"text\":\"选择1\",\"value\":\"sel1\"},{\"text\":\"选择2\",\"value\":\"sel2\"},{\"text\":\"选择3\",\"value\":\"sel3\"}],\"dataSource\":\"static\"},\"key\":\"tmultiselect\"},{\"mode\":\"input\",\"isRequired\":0,\"defaultValue\":\"\",\"name\":\"密码输入\",\"description\":\"密码输入测试\",\"sort\":4,\"type\":\"password\",\"key\":\"tpassword\"},{\"mode\":\"input\",\"isRequired\":0,\"defaultValue\":\"\",\"name\":\"文件输入\",\"description\":\"文件输入测试\",\"sort\":5,\"type\":\"file\",\"key\":\"tfile\"},{\"mode\":\"input\",\"isRequired\":0,\"defaultValue\":\"\",\"name\":\"节点参数\",\"description\":\"节点输入测试\",\"sort\":6,\"type\":\"node\",\"key\":\"tnode\"},{\"mode\":\"input\",\"isRequired\":0,\"defaultValue\":\"\",\"name\":\"日期输入\",\"description\":\"日期输入测试\",\"sort\":7,\"type\":\"date\",\"key\":\"tdate\"},{\"mode\":\"input\",\"isRequired\":0,\"defaultValue\":\"\",\"name\":\"时间输入\",\"description\":\"时间输入测试\",\"sort\":8,\"type\":\"time\",\"key\":\"ttime\"},{\"mode\":\"input\",\"isRequired\":0,\"defaultValue\":\"\",\"name\":\"日期时间输入\",\"description\":\"日期时间输入测试\",\"sort\":9,\"type\":\"datetime\",\"key\":\"tdatetime\"},{\"mode\":\"output\",\"name\":\"普通输出1\",\"description\":\"普通输出测试\",\"sort\":0,\"type\":\"text\",\"key\":\"outtext\"},{\"mode\":\"output\",\"name\":\"文件输出\",\"description\":\"文件输出测试\",\"sort\":1,\"type\":\"filepath\",\"key\":\"outfile\"},{\"mode\":\"output\",\"name\":\"json列表输出\",\"description\":\"json列表输出测试\",\"sort\":2,\"type\":\"json\",\"key\":\"outjsonlist\"},{\"mode\":\"output\",\"name\":\"json对象输出\",\"description\":\"json对象输出测试\",\"sort\":3,\"type\":\"json\",\"key\":\"outjsonobj\"},{\"mode\":\"output\",\"name\":\"csv输出\",\"description\":\"csv输出测试\",\"sort\":4,\"type\":\"text\",\"key\":\"outcsv\"},{\"mode\":\"output\",\"name\":\"password输出\",\"description\":\"password输出测试\",\"sort\":5,\"type\":\"password\",\"key\":\"outpassword\"}]}', '2023-03-16 19:54:07.628', NULL, 0);
INSERT INTO `autoexec_tool` VALUES (477434696704007, 'fileops/ftpexec', 1, 'runner_target', 477319286235136, 477403314921472, '基于FTP文件传输', 'perl', NULL, NULL, '{\"paramList\":[{\"mode\":\"input\",\"isRequired\":1,\"defaultValue\":\"0\",\"name\":\"输出详细信息\",\"description\":\"\",\"sort\":0,\"type\":\"select\",\"config\":{\"dataList\":[{\"text\":\"否\",\"value\":\"0\"},{\"text\":\"是\",\"value\":\"1\"}],\"dataSource\":\"static\"},\"key\":\"verbose\"},{\"mode\":\"input\",\"isRequired\":1,\"defaultValue\":\"pull\",\"name\":\"拷贝方向\",\"description\":\"拷贝方向\",\"sort\":1,\"type\":\"select\",\"config\":{\"dataList\":[{\"text\":\"远程到本地\",\"value\":\"pull\"},{\"text\":\"本地到远程\",\"value\":\"push\"}],\"dataSource\":\"static\"},\"key\":\"direction\"},{\"mode\":\"input\",\"isRequired\":1,\"defaultValue\":\"\",\"name\":\"源目录\",\"description\":\"多个目录/文件逗号分隔，如：/tmp/a,/tmp/b\",\"sort\":2,\"type\":\"text\",\"key\":\"src\"},{\"mode\":\"input\",\"isRequired\":1,\"defaultValue\":\"\",\"name\":\"目标目录\",\"description\":\"多个目录/文件逗号分隔，如：/tmp/a,/tmp/b\",\"sort\":3,\"type\":\"text\",\"key\":\"dest\"}]}', '2023-03-16 19:54:08.038', NULL, 0);
INSERT INTO `autoexec_tool` VALUES (477434696704008, 'fileops/scpexec', 1, 'runner_target', 477319286235136, 477403314921472, '基于SSH协议进行文件传输', 'perl', NULL, NULL, '{\"paramList\":[{\"mode\":\"input\",\"isRequired\":1,\"defaultValue\":\"0\",\"name\":\"输出详细信息\",\"description\":\"\",\"sort\":0,\"type\":\"select\",\"config\":{\"dataList\":[{\"text\":\"否\",\"value\":\"0\"},{\"text\":\"是\",\"value\":\"1\"}],\"dataSource\":\"static\"},\"key\":\"verbose\"},{\"mode\":\"input\",\"isRequired\":1,\"defaultValue\":\"pull\",\"name\":\"拷贝方向\",\"description\":\"拷贝方向\",\"sort\":1,\"type\":\"select\",\"config\":{\"dataList\":[{\"text\":\"远程到本地\",\"value\":\"pull\"},{\"text\":\"本地到远程\",\"value\":\"push\"}],\"dataSource\":\"static\"},\"key\":\"direction\"},{\"mode\":\"input\",\"isRequired\":1,\"defaultValue\":\"\",\"name\":\"源目录\",\"description\":\"多个目录/文件逗号分隔，如：/tmp/a,/tmp/b\",\"sort\":2,\"type\":\"text\",\"key\":\"src\"},{\"mode\":\"input\",\"isRequired\":1,\"defaultValue\":\"\",\"name\":\"目标目录\",\"description\":\"多个目录/文件逗号分隔，如：/tmp/a,/tmp/b\",\"sort\":3,\"type\":\"text\",\"key\":\"dest\"},{\"mode\":\"input\",\"isRequired\":1,\"defaultValue\":\"1\",\"name\":\"不保留文件信息\",\"description\":\"不保留文件/目录的时间、权限\",\"sort\":4,\"type\":\"select\",\"config\":{\"dataList\":[{\"text\":\"是\",\"value\":\"1\"},{\"text\":\"否\",\"value\":\"0\"}],\"dataSource\":\"static\"},\"key\":\"np\"}]}', '2023-03-16 19:54:07.988', NULL, 0);
INSERT INTO `autoexec_tool` VALUES (477434696704009, 'fileops/tagentcopy', 1, 'runner_target', 477319286235136, 477403314921472, '基于tagent文件传输', 'perl', NULL, NULL, '{\"paramList\":[{\"mode\":\"input\",\"isRequired\":1,\"defaultValue\":\"0\",\"name\":\"输出详细信息\",\"description\":\"\",\"sort\":0,\"type\":\"select\",\"config\":{\"dataList\":[{\"text\":\"否\",\"value\":\"0\"},{\"text\":\"是\",\"value\":\"1\"}],\"dataSource\":\"static\"},\"key\":\"verbose\"},{\"mode\":\"input\",\"isRequired\":1,\"defaultValue\":\"pull\",\"name\":\"拷贝方向\",\"description\":\"拷贝方向\",\"sort\":1,\"type\":\"select\",\"config\":{\"dataList\":[{\"text\":\"远程到本地\",\"value\":\"pull\"},{\"text\":\"本地到远程\",\"value\":\"push\"}],\"dataSource\":\"static\"},\"key\":\"direction\"},{\"mode\":\"input\",\"isRequired\":1,\"defaultValue\":\"\",\"name\":\"源目录\",\"description\":\"多个目录/文件逗号分隔，如：/tmp/a,/tmp/b\",\"sort\":2,\"type\":\"text\",\"key\":\"src\"},{\"mode\":\"input\",\"isRequired\":1,\"defaultValue\":\"\",\"name\":\"目标目录\",\"description\":\"多个目录/文件逗号分隔，如：/tmp/a,/tmp/b\",\"sort\":3,\"type\":\"text\",\"key\":\"dest\"},{\"mode\":\"input\",\"isRequired\":1,\"defaultValue\":\"1\",\"name\":\"不保留文件信息\",\"description\":\"不保留文件/目录的时间、权限\",\"sort\":4,\"type\":\"select\",\"config\":{\"dataList\":[{\"text\":\"是\",\"value\":\"1\"},{\"text\":\"否\",\"value\":\"0\"}],\"dataSource\":\"static\"},\"key\":\"np\"},{\"mode\":\"input\",\"isRequired\":1,\"defaultValue\":\"0\",\"name\":\"追踪软连接\",\"description\":\"把软连接当成普通文件和目录看待\",\"sort\":5,\"type\":\"select\",\"config\":{\"dataList\":[{\"text\":\"否\",\"value\":\"0\"},{\"text\":\"是\",\"value\":\"1\"}],\"dataSource\":\"static\"},\"key\":\"followlinks\"},{\"mode\":\"input\",\"isRequired\":1,\"defaultValue\":\"0\",\"name\":\"文件不存在不报错\",\"description\":\"仅当文件存在才执行拷贝\",\"sort\":6,\"type\":\"select\",\"config\":{\"dataList\":[{\"text\":\"否\",\"value\":\"0\"},{\"text\":\"是\",\"value\":\"1\"}],\"dataSource\":\"static\"},\"key\":\"cpifexists\"}]}', '2023-03-16 19:54:08.018', NULL, 0);
INSERT INTO `autoexec_tool` VALUES (477434696704010, 'sqlfile/sqlexec', 0, 'sqlfile', 477316643823616, 477403314921472, 'SQL文件执行', 'perl', NULL, NULL, '{\"paramList\":[{\"mode\":\"input\",\"isRequired\":1,\"defaultValue\":\"\",\"name\":\"SQL文件\",\"description\":\"上传到系统的多个SQL文件\",\"sort\":0,\"type\":\"file\",\"key\":\"sqlfilejson\"},{\"mode\":\"input\",\"isRequired\":1,\"defaultValue\":\"\",\"name\":\"SQL文件编码\",\"description\":\"SQL文件的编码\",\"sort\":1,\"type\":\"select\",\"config\":{\"dataList\":[{\"text\":\"自动识别\",\"value\":\"\"},{\"text\":\"UTF-8\",\"value\":\"UTF-8\"},{\"text\":\"GBK\",\"value\":\"GBK\"}],\"dataSource\":\"static\"},\"key\":\"encoding\"},{\"mode\":\"input\",\"isRequired\":1,\"defaultValue\":\"0\",\"name\":\"测试运行\",\"description\":\"测试运行，并没有真正执行SQL\",\"sort\":2,\"type\":\"radio\",\"config\":{\"dataList\":[{\"text\":\"否\",\"value\":\"0\"},{\"text\":\"是\",\"value\":\"1\"}],\"dataSource\":\"static\"},\"key\":\"dryrun\"},{\"mode\":\"input\",\"isRequired\":1,\"defaultValue\":\"0\",\"name\":\"强制运行\",\"description\":\"不管SQL处于什么状态，重复强制执行SQL文件\",\"sort\":3,\"type\":\"radio\",\"config\":{\"dataList\":[{\"text\":\"否\",\"value\":\"0\"},{\"text\":\"是\",\"value\":\"1\"}],\"dataSource\":\"static\"},\"key\":\"force\"},{\"mode\":\"input\",\"isRequired\":1,\"defaultValue\":\"0\",\"name\":\"自动提交\",\"description\":\"SQL执行，每执行一条SQL自动提交\",\"sort\":4,\"type\":\"radio\",\"config\":{\"dataList\":[{\"text\":\"否\",\"value\":\"0\"},{\"text\":\"是\",\"value\":\"1\"}],\"dataSource\":\"static\"},\"key\":\"autocommit\"},{\"mode\":\"input\",\"isRequired\":0,\"defaultValue\":\"\",\"name\":\"DB自定义参数\",\"description\":\"数据库执行工具的自定义参数\",\"sort\":5,\"type\":\"text\",\"key\":\"dbargs\"}]}', '2022-04-12 19:14:11.000', NULL, 0);
INSERT INTO `autoexec_tool` VALUES (477434696704011, 'sqlfile/sqlcheck', 0, 'sqlfile', 477316643823616, 477321156894720, 'SQL文件检查', 'perl', NULL, NULL, '{\"paramList\":[{\"mode\":\"input\",\"isRequired\":1,\"defaultValue\":\"\",\"name\":\"SQL文件\",\"description\":\"上传到系统的多个SQL文件\",\"sort\":0,\"type\":\"file\",\"key\":\"sqlfilejson\"},{\"mode\":\"input\",\"isRequired\":0,\"defaultValue\":\"\",\"name\":\"库名\",\"description\":\"库名，如不指定则使用执行节点名\",\"sort\":1,\"type\":\"text\",\"key\":\"dbname\"},{\"mode\":\"input\",\"isRequired\":0,\"defaultValue\":\"\",\"name\":\"DB参数\",\"description\":\"额外的DB参数，一般不需要设置\",\"sort\":2,\"type\":\"text\",\"key\":\"dgargs\"}]}', '2022-04-12 19:14:11.000', NULL, 0);
INSERT INTO `autoexec_tool` VALUES (477434696704012, 'interact/continue', 1, 'runner', 477319286235136, 477321156894720, '执行过程中确认是否继续，不继续则中止运行', 'perl', NULL, NULL, '{\"paramList\":[{\"mode\":\"input\",\"isRequired\":1,\"defaultValue\":\"\",\"name\":\"交互说明\",\"description\":\"交互主体中显示的说明文案\",\"sort\":0,\"type\":\"text\",\"key\":\"message\"}]}', '2023-03-16 19:54:08.355', NULL, 0);
INSERT INTO `autoexec_tool` VALUES (477434705092608, 'interact/interact', 1, 'runner', 477319286235136, 477321156894720, '执行过程中获取用户输入', 'perl', NULL, NULL, '{\"paramList\":[{\"mode\":\"input\",\"isRequired\":1,\"defaultValue\":\"button\",\"name\":\"交互类型\",\"description\":\"选择交互的类型\",\"sort\":0,\"type\":\"select\",\"config\":{\"dataList\":[{\"text\":\"按钮\",\"value\":\"button\"},{\"text\":\"下拉选择\",\"value\":\"select\"},{\"text\":\"下拉多项选择\",\"value\":\"mselect\"},{\"text\":\"输入\",\"value\":\"input\"}],\"dataSource\":\"static\"},\"key\":\"optype\"},{\"mode\":\"input\",\"isRequired\":1,\"defaultValue\":\"[]\",\"name\":\"输入选项\",\"description\":\"输入选项的JSON数组，例如：[\\\"Yes\\\",\\\"No\\\"], 如果输入类型是input，则设置为[]\",\"sort\":1,\"type\":\"json\",\"key\":\"optionsjson\"},{\"mode\":\"input\",\"isRequired\":0,\"defaultValue\":\"\",\"name\":\"操作角色\",\"description\":\"允许操作的角色\",\"sort\":2,\"type\":\"text\",\"key\":\"role\"},{\"mode\":\"input\",\"isRequired\":1,\"defaultValue\":\"Please Select\",\"name\":\"标题\",\"description\":\"交互标题\",\"sort\":3,\"type\":\"text\",\"key\":\"title\"},{\"mode\":\"input\",\"isRequired\":1,\"defaultValue\":\"\",\"name\":\"交互说明\",\"description\":\"交互主体中显示的说明文案\",\"sort\":4,\"type\":\"text\",\"key\":\"message\"},{\"mode\":\"output\",\"name\":\"交互结果\",\"description\":\"交互输入的结果\",\"sort\":0,\"type\":\"text\",\"key\":\"interactOut\"}]}', '2023-03-16 19:54:08.365', NULL, 0);
INSERT INTO `autoexec_tool` VALUES (477434705092609, 'inspect/sshcheck', 1, 'runner_target', 1, 477321156894720, '检查当前节点SSH是否可以登录', 'perl', NULL, NULL, '{\"paramList\":[{\"mode\":\"input\",\"isRequired\":1,\"defaultValue\":\"10\",\"name\":\"超时时间\",\"description\":\"查询超时时间，单位秒\",\"sort\":0,\"type\":\"text\",\"key\":\"timeout\"},{\"mode\":\"output\",\"name\":\"JSON数据\",\"description\":\"采集到的数据\",\"sort\":0,\"type\":\"json\",\"key\":\"DATA\"}]}', '2023-03-16 19:54:08.309', NULL, 0);
INSERT INTO `autoexec_tool` VALUES (477434705092610, 'inspect/tcpcheck', 1, 'runner_target', 1, 477321156894720, '检查IP端口是否可以建立TCP连接', 'perl', NULL, NULL, '{\"paramList\":[{\"mode\":\"input\",\"isRequired\":1,\"defaultValue\":\"10\",\"name\":\"超时时间\",\"description\":\"查询超时时间，单位秒\",\"sort\":0,\"type\":\"text\",\"key\":\"timeout\"},{\"mode\":\"output\",\"name\":\"JSON数据\",\"description\":\"采集到的数据\",\"sort\":0,\"type\":\"json\",\"key\":\"DATA\"}]}', '2023-03-16 19:54:08.154', NULL, 0);
INSERT INTO `autoexec_tool` VALUES (477434705092611, 'inspect/urlcheck', 1, 'runner_target', 1, 477321156894720, '检查多个URL是否可以正常访问', 'perl', NULL, NULL, '{\"argument\":{\"argumentCount\":0,\"defaultValue\":\"GET, http://${host}:${port}/\",\"description\":\"例如：GET, http://${host}:${port}/console\",\"id\":848588925886520,\"isRequired\":1,\"mappingMode\":\"constant\",\"mappingModeText\":\"常量\",\"mode\":\"input\",\"name\":\"HTTP请求\",\"type\":\"text\",\"typeText\":\"文本\",\"validate\":\"\"},\"paramList\":[{\"mode\":\"input\",\"isRequired\":1,\"defaultValue\":\"10\",\"name\":\"超时时间\",\"description\":\"查询超时时间，单位秒\",\"sort\":0,\"type\":\"text\",\"key\":\"timeout\"},{\"mode\":\"output\",\"name\":\"JSON数据\",\"description\":\"采集到的数据\",\"sort\":0,\"type\":\"json\",\"key\":\"DATA\"}]}', '2023-03-16 19:54:08.274', NULL, 0);
INSERT INTO `autoexec_tool` VALUES (477434705092612, 'inspect/genreport', 1, 'runner_target', 1, 477321156894720, '分析CMDB采集输出数据，形成巡检报告', 'python', NULL, NULL, '{\"paramList\":[{\"mode\":\"input\",\"isRequired\":1,\"defaultValue\":\"inspect\",\"name\":\"保存目标\",\"description\":\"检查状态保存目标\",\"sort\":0,\"type\":\"select\",\"config\":{\"dataList\":[{\"text\":\"巡检\",\"value\":\"inspect\"},{\"text\":\"监控\",\"value\":\"monitor\"},{\"text\":\"巡检和监控\",\"value\":\"both\"}],\"dataSource\":\"static\"},\"key\":\"statustarget\"}]}', '2023-03-16 19:54:08.289', NULL, 0);
INSERT INTO `autoexec_tool` VALUES (477434705092613, 'netdevice/sshbackup', 1, 'runner_target', 477317709176833, 477403314921472, '基于telnet对交换机配置备份', 'perl', NULL, NULL, '{\"paramList\":[{\"mode\":\"input\",\"isRequired\":0,\"defaultValue\":\"\",\"name\":\"node\",\"description\":\"\",\"sort\":0,\"type\":\"text\",\"key\":\"node\"},{\"mode\":\"input\",\"isRequired\":1,\"defaultValue\":\"\",\"name\":\"备份存放目录\",\"description\":\"如：/tmp/config,目录不存在会自动创建\",\"sort\":1,\"type\":\"text\",\"key\":\"backupdir\"},{\"mode\":\"input\",\"isRequired\":1,\"defaultValue\":\"3\",\"name\":\"连接超时时间\",\"description\":\"默认是3秒\",\"sort\":2,\"type\":\"text\",\"key\":\"timeout\"}]}', '2022-07-28 18:58:21.822', NULL, 0);
INSERT INTO `autoexec_tool` VALUES (477434705092614, 'netdevice/telnetbackup', 1, 'runner_target', 477317709176833, 477403314921472, '基于telnet对交换机配置备份', 'perl', NULL, NULL, '{\"paramList\":[{\"mode\":\"input\",\"isRequired\":0,\"defaultValue\":\"\",\"name\":\"Switch IP\",\"description\":\"\",\"sort\":0,\"type\":\"text\",\"key\":\"ip\"},{\"mode\":\"input\",\"isRequired\":1,\"defaultValue\":\"23\",\"name\":\"Switch端口\",\"description\":\"默认为23端口\",\"sort\":1,\"type\":\"text\",\"key\":\"port\"},{\"mode\":\"input\",\"isRequired\":0,\"defaultValue\":\"\",\"name\":\"用户\",\"description\":\"\",\"sort\":2,\"type\":\"text\",\"key\":\"user\"},{\"mode\":\"input\",\"isRequired\":0,\"defaultValue\":\"\",\"name\":\"密码\",\"description\":\"\",\"sort\":3,\"type\":\"text\",\"key\":\"password\"},{\"mode\":\"input\",\"isRequired\":1,\"defaultValue\":\"\",\"name\":\"备份命令\",\"description\":\"如华为交换机：display current-configuration\",\"sort\":4,\"type\":\"text\",\"key\":\"cmd\"},{\"mode\":\"input\",\"isRequired\":1,\"defaultValue\":\"\",\"name\":\"备份存放目录\",\"description\":\"如：/tmp/config,目录不存在会自动创建\",\"sort\":5,\"type\":\"text\",\"key\":\"backupdir\"},{\"mode\":\"input\",\"isRequired\":1,\"defaultValue\":\"3\",\"name\":\"连接超时时间\",\"description\":\"默认是3秒\",\"sort\":6,\"type\":\"text\",\"key\":\"timeout\"}]}', '2022-07-28 18:58:21.798', NULL, 0);
INSERT INTO `autoexec_tool` VALUES (477434705092615, 'demo/remote', 1, 'target', 477319286235136, 477321156894720, '在远程target OS执行工具的Demo', 'perl', NULL, NULL, '{\"argument\":{\"argumentCount\":0,\"defaultValue\":\"\",\"description\":\"自由参数测试\",\"id\":848588934275072,\"isRequired\":1,\"mappingMode\":\"constant\",\"mappingModeText\":\"常量\",\"mode\":\"input\",\"name\":\"自由参数\",\"type\":\"text\",\"typeText\":\"文本\",\"validate\":\"\"},\"paramList\":[{\"mode\":\"input\",\"isRequired\":1,\"defaultValue\":\"测试1\",\"name\":\"普通输入\",\"description\":\"普通输入测试\",\"sort\":0,\"type\":\"text\",\"key\":\"tinput\"},{\"mode\":\"input\",\"isRequired\":1,\"defaultValue\":\"测试1\",\"name\":\"json输入\",\"description\":\"json输入测试\",\"sort\":1,\"type\":\"json\",\"key\":\"tjson\"},{\"mode\":\"input\",\"isRequired\":1,\"defaultValue\":\"sel1\",\"name\":\"单选输入\",\"description\":\"单选输入测试\",\"sort\":2,\"type\":\"select\",\"config\":{\"dataList\":[{\"text\":\"选择1\",\"value\":\"sel1\"},{\"text\":\"选择2\",\"value\":\"sel2\"}],\"dataSource\":\"static\"},\"key\":\"tselect\"},{\"mode\":\"input\",\"isRequired\":1,\"defaultValue\":[\"sel1\",\"sel2\"],\"name\":\"多选输入\",\"description\":\"多选输入测试\",\"sort\":3,\"type\":\"multiselect\",\"config\":{\"dataList\":[{\"text\":\"选择1\",\"value\":\"sel1\"},{\"text\":\"选择2\",\"value\":\"sel2\"},{\"text\":\"选择3\",\"value\":\"sel3\"}],\"dataSource\":\"static\"},\"key\":\"tmultiselect\"},{\"mode\":\"input\",\"isRequired\":0,\"defaultValue\":\"\",\"name\":\"密码输入\",\"description\":\"密码输入测试\",\"sort\":4,\"type\":\"password\",\"key\":\"tpassword\"},{\"mode\":\"input\",\"isRequired\":0,\"defaultValue\":\"\",\"name\":\"文件输入\",\"description\":\"文件输入测试\",\"sort\":5,\"type\":\"file\",\"key\":\"tfile\"},{\"mode\":\"input\",\"isRequired\":0,\"defaultValue\":\"\",\"name\":\"节点参数\",\"description\":\"节点输入测试\",\"sort\":6,\"type\":\"node\",\"key\":\"tnode\"},{\"mode\":\"input\",\"isRequired\":0,\"defaultValue\":\"\",\"name\":\"日期输入\",\"description\":\"日期输入测试\",\"sort\":7,\"type\":\"date\",\"key\":\"tdate\"},{\"mode\":\"input\",\"isRequired\":0,\"defaultValue\":\"\",\"name\":\"时间输入\",\"description\":\"时间输入测试\",\"sort\":8,\"type\":\"time\",\"key\":\"ttime\"},{\"mode\":\"input\",\"isRequired\":0,\"defaultValue\":\"\",\"name\":\"日期时间输入\",\"description\":\"日期时间输入测试\",\"sort\":9,\"type\":\"datetime\",\"key\":\"tdatetime\"},{\"mode\":\"output\",\"name\":\"普通输出1\",\"description\":\"普通输出测试\",\"sort\":0,\"type\":\"text\",\"key\":\"outtext\"},{\"mode\":\"output\",\"defaultValue\":\"test.txt\",\"name\":\"文件输出\",\"description\":\"文件输出测试\",\"sort\":1,\"type\":\"filepath\",\"key\":\"outfile\"},{\"mode\":\"output\",\"name\":\"json列表输出\",\"description\":\"json列表输出测试\",\"sort\":2,\"type\":\"json\",\"key\":\"outjsonlist\"},{\"mode\":\"output\",\"name\":\"json对象输出\",\"description\":\"json对象输出测试\",\"sort\":3,\"type\":\"json\",\"key\":\"outjsonobj\"},{\"mode\":\"output\",\"name\":\"csv输出\",\"description\":\"csv输出测试\",\"sort\":4,\"type\":\"text\",\"key\":\"outcsv\"},{\"mode\":\"output\",\"name\":\"password输出\",\"description\":\"password输出测试\",\"sort\":5,\"type\":\"password\",\"key\":\"outpassword\"}]}', '2023-03-16 19:54:08.772', NULL, 0);
INSERT INTO `autoexec_tool` VALUES (477434705092616, 'oradgswitch/afterswitch', 1, 'target', 477316341833728, 477403314921472, 'ORACLE切换后检查', 'perl', NULL, NULL, '{\"paramList\":[{\"mode\":\"input\",\"isRequired\":0,\"defaultValue\":\"\",\"name\":\"SID\",\"description\":\"如不设置则直接使用环境变量ORACLE_SID\",\"sort\":0,\"type\":\"text\",\"key\":\"sid\"},{\"mode\":\"input\",\"isRequired\":1,\"defaultValue\":\"\",\"name\":\"主库DB唯一名\",\"description\":\"原来主库的DB唯一名，主备名称不一样\",\"sort\":1,\"type\":\"text\",\"key\":\"primaryuniquename\"}]}', '2023-03-16 19:54:08.991', NULL, 0);
INSERT INTO `autoexec_tool` VALUES (477434713481216, 'oradgswitch/getconfig', 1, 'target', 477316341833728, 477403314921472, '参数包括：库名（主备一致），实例名：RAC集群内一致，主备不一样，同步的sequence等', 'perl', NULL, NULL, '{\"paramList\":[{\"mode\":\"input\",\"isRequired\":0,\"defaultValue\":\"\",\"name\":\"SID\",\"description\":\"如不设置则直接使用环境变量ORACLE_SID\",\"sort\":0,\"type\":\"text\",\"key\":\"sid\"},{\"mode\":\"output\",\"name\":\"DB库名\",\"description\":\"库名，主备是一致的\",\"sort\":0,\"type\":\"text\",\"key\":\"dbName\"},{\"mode\":\"output\",\"name\":\"是否RAC\",\"description\":\"是否是Oracle RAC\",\"sort\":1,\"type\":\"text\",\"key\":\"isRAC\"},{\"mode\":\"output\",\"name\":\"DB实例名\",\"description\":\"实例名，RAC集群内一致，主备不一样\",\"sort\":2,\"type\":\"text\",\"key\":\"dbUniqueName\"},{\"mode\":\"output\",\"name\":\"同步Sequence号\",\"description\":\"同步的归档日志的Sequence号\",\"sort\":3,\"type\":\"text\",\"key\":\"dbSequence\"},{\"mode\":\"output\",\"name\":\"临时文件数量\",\"description\":\"临时文件数量\",\"sort\":4,\"type\":\"text\",\"key\":\"tempFilesCount\"}]}', '2023-03-16 19:54:09.020', NULL, 0);
INSERT INTO `autoexec_tool` VALUES (477434713481217, 'oradgswitch/origpristart', 1, 'target', 477316341833728, 477403314921472, '原主库启动，需要在原备库（现主库）启动后再执行', 'perl', NULL, NULL, '{\"paramList\":[{\"mode\":\"input\",\"isRequired\":0,\"defaultValue\":\"\",\"name\":\"SID\",\"description\":\"如不设置则直接使用环境变量ORACLE_SID\",\"sort\":0,\"type\":\"text\",\"key\":\"sid\"},{\"mode\":\"input\",\"isRequired\":1,\"defaultValue\":\"\",\"name\":\"DB库名\",\"description\":\"库名，主备是一致的\",\"sort\":1,\"type\":\"text\",\"key\":\"dbname\"},{\"mode\":\"input\",\"isRequired\":1,\"defaultValue\":\"0\",\"name\":\"是否是RAC\",\"description\":\"当前节点是否是ORACLE RAC的成员\",\"sort\":2,\"type\":\"select\",\"config\":{\"dataList\":[{\"text\":\"否\",\"value\":\"0\"},{\"text\":\"是\",\"value\":\"1\"}],\"dataSource\":\"static\"},\"key\":\"israc\"}]}', '2023-03-16 19:54:09.030', NULL, 0);
INSERT INTO `autoexec_tool` VALUES (477434713481218, 'oradgswitch/origstbystart', 1, 'target', 477316341833728, 477403314921472, '原备库（现主库）启动，需要在现备库启动前启动', 'perl', NULL, NULL, '{\"paramList\":[{\"mode\":\"input\",\"isRequired\":0,\"defaultValue\":\"\",\"name\":\"SID\",\"description\":\"如不设置则直接使用环境变量ORACLE_SID\",\"sort\":0,\"type\":\"text\",\"key\":\"sid\"},{\"mode\":\"input\",\"isRequired\":1,\"defaultValue\":\"\",\"name\":\"DB库名\",\"description\":\"库名，主备是一致的\",\"sort\":1,\"type\":\"text\",\"key\":\"dbname\"},{\"mode\":\"input\",\"isRequired\":1,\"defaultValue\":\"0\",\"name\":\"是否是RAC\",\"description\":\"当前节点是否是ORACLE RAC的成员\",\"sort\":2,\"type\":\"select\",\"config\":{\"dataList\":[{\"text\":\"否\",\"value\":\"0\"},{\"text\":\"是\",\"value\":\"1\"}],\"dataSource\":\"static\"},\"key\":\"israc\"}]}', '2023-03-16 19:54:09.039', NULL, 0);
INSERT INTO `autoexec_tool` VALUES (477434713481219, 'oradgswitch/pri2stby', 1, 'target', 477316341833728, 477403314921472, '在主库执行，切换到备库状态，需要在备库执行切换到主库前执行', 'perl', NULL, NULL, '{\"paramList\":[{\"mode\":\"input\",\"isRequired\":0,\"defaultValue\":\"\",\"name\":\"SID\",\"description\":\"如不设置则直接使用环境变量ORACLE_SID\",\"sort\":0,\"type\":\"text\",\"key\":\"sid\"}]}', '2023-03-16 19:54:09.049', NULL, 0);
INSERT INTO `autoexec_tool` VALUES (477434713481220, 'oradgswitch/pricheck', 1, 'target', 477316341833728, 477403314921472, '切换前对原主库进行检查，确认可以切换', 'perl', NULL, NULL, '{\"paramList\":[{\"mode\":\"input\",\"isRequired\":0,\"defaultValue\":\"\",\"name\":\"SID\",\"description\":\"如不设置则直接使用环境变量ORACLE_SID\",\"sort\":0,\"type\":\"text\",\"key\":\"sid\"},{\"mode\":\"input\",\"isRequired\":1,\"defaultValue\":\"\",\"name\":\"DB库名\",\"description\":\"库名，主备是一致的\",\"sort\":1,\"type\":\"text\",\"key\":\"dbname\"},{\"mode\":\"input\",\"isRequired\":1,\"defaultValue\":\"\",\"name\":\"主库DB唯一名\",\"description\":\"原来主库的DB唯一名，主备名称不一样\",\"sort\":2,\"type\":\"text\",\"key\":\"primaryuniquename\"},{\"mode\":\"input\",\"isRequired\":1,\"defaultValue\":\"\",\"name\":\"备库DB唯一名\",\"description\":\"原来备库的DB唯一名，主备名称不一样\",\"sort\":3,\"type\":\"text\",\"key\":\"standbyuniquename\"},{\"mode\":\"input\",\"isRequired\":1,\"defaultValue\":\"\",\"name\":\"主库Log Sequence号\",\"description\":\"Archive Log同步，主库的Log Sequence号\",\"sort\":4,\"type\":\"text\",\"key\":\"primarysequence\"},{\"mode\":\"input\",\"isRequired\":1,\"defaultValue\":\"\",\"name\":\"备库Log Sequence号\",\"description\":\"Archive Log同步，备库的Log Sequence号\",\"sort\":5,\"type\":\"text\",\"key\":\"standbysequence\"}]}', '2023-03-16 19:54:09.058', NULL, 0);
INSERT INTO `autoexec_tool` VALUES (477434713481221, 'oradgswitch/stby2pri', 1, 'target', 477316341833728, 477403314921472, '在备库执行，切换到主库状态，需要在主库执行切换后执行', 'perl', NULL, NULL, '{\"paramList\":[{\"mode\":\"input\",\"isRequired\":0,\"defaultValue\":\"\",\"name\":\"SID\",\"description\":\"如不设置则直接使用环境变量ORACLE_SID\",\"sort\":0,\"type\":\"text\",\"key\":\"sid\"}]}', '2023-03-16 19:54:09.068', NULL, 0);
INSERT INTO `autoexec_tool` VALUES (477434713481222, 'oradgswitch/stbycheck', 1, 'target', 477316341833728, 477403314921472, '切换前对原备库进行检查，确认可以切换', 'perl', NULL, NULL, '{\"paramList\":[{\"mode\":\"input\",\"isRequired\":0,\"defaultValue\":\"\",\"name\":\"SID\",\"description\":\"如不设置则直接使用环境变量ORACLE_SID\",\"sort\":0,\"type\":\"text\",\"key\":\"sid\"},{\"mode\":\"input\",\"isRequired\":1,\"defaultValue\":\"\",\"name\":\"DB库名\",\"description\":\"库名，主备是一致的\",\"sort\":1,\"type\":\"text\",\"key\":\"dbname\"},{\"mode\":\"input\",\"isRequired\":1,\"defaultValue\":\"\",\"name\":\"主库DB唯一名\",\"description\":\"原来主库的DB唯一名，主备名称不一样\",\"sort\":2,\"type\":\"text\",\"key\":\"primaryuniquename\"},{\"mode\":\"input\",\"isRequired\":1,\"defaultValue\":\"\",\"name\":\"备库DB唯一名\",\"description\":\"原来备库的DB唯一名，主备名称不一样\",\"sort\":3,\"type\":\"text\",\"key\":\"standbyuniquename\"},{\"mode\":\"input\",\"isRequired\":1,\"defaultValue\":\"\",\"name\":\"主库Log Sequence号\",\"description\":\"Archive Log同步，主库的Log Sequence号\",\"sort\":4,\"type\":\"text\",\"key\":\"primarysequence\"},{\"mode\":\"input\",\"isRequired\":1,\"defaultValue\":\"\",\"name\":\"备库Log Sequence号\",\"description\":\"Archive Log同步，备库的Log Sequence号\",\"sort\":5,\"type\":\"text\",\"key\":\"standbysequence\"}]}', '2023-03-16 19:54:09.077', NULL, 0);
INSERT INTO `autoexec_tool` VALUES (477434713481223, 'startstop/checklog', 1, 'target', 680932126023680, 477403314921472, '检查日志是否出现某些关键字', 'perl', NULL, NULL, '{\"argument\":{\"argumentCount\":0,\"defaultValue\":\"\",\"description\":\"日志路径，支持通配符和反引号\",\"id\":848588934275129,\"isRequired\":1,\"mappingMode\":\"constant\",\"mappingModeText\":\"常量\",\"mode\":\"input\",\"name\":\"日志路径\",\"type\":\"text\",\"typeText\":\"文本\",\"validate\":\"\"},\"paramList\":[{\"mode\":\"input\",\"isRequired\":1,\"defaultValue\":\"1\",\"name\":\"详细输出\",\"description\":\"显示匹配的详细信息\",\"sort\":0,\"type\":\"select\",\"config\":{\"dataList\":[{\"text\":\"是\",\"value\":\"1\"},{\"text\":\"否\",\"value\":\"0\"}],\"dataSource\":\"static\"},\"key\":\"verbose\"},{\"mode\":\"input\",\"isRequired\":1,\"defaultValue\":\"16\",\"name\":\"最大检查量(MB)\",\"description\":\"从日志文件末尾开始检查的最大的大小，单位MB\",\"sort\":1,\"type\":\"text\",\"key\":\"maxsize\"},{\"mode\":\"input\",\"isRequired\":1,\"defaultValue\":\"1\",\"name\":\"检测方向\",\"description\":\"出现关键字是成功还是失败\",\"sort\":2,\"type\":\"select\",\"config\":{\"dataList\":[{\"text\":\"失败\",\"value\":\"1\"},{\"text\":\"成功\",\"value\":\"0\"}],\"dataSource\":\"static\"},\"key\":\"failcheck\"},{\"mode\":\"input\",\"isRequired\":1,\"defaultValue\":\"ERROR\",\"name\":\"关键字\",\"description\":\"关键字，支持正则表达式\",\"sort\":3,\"type\":\"text\",\"key\":\"pattern\"},{\"mode\":\"input\",\"isRequired\":1,\"defaultValue\":\"or\",\"name\":\"多关键字\",\"description\":\"多个关键字的操作符号\",\"sort\":4,\"type\":\"select\",\"config\":{\"dataList\":[{\"text\":\"OR\",\"value\":\"or\"},{\"text\":\"AND\",\"value\":\"and\"}],\"dataSource\":\"static\"},\"key\":\"op\"}]}', '2023-03-16 19:54:09.333', NULL, 0);
INSERT INTO `autoexec_tool` VALUES (477434713481224, 'startstop/checkmd5', 1, 'target', 477317977612288, 477403314921472, '根据MD5列表检查文件MD5是否正确', 'perl', NULL, NULL, '{\"argument\":{\"defaultValue\":\"\",\"description\":\"检查目录，支持通配符和反引号\",\"isRequired\":1,\"mode\":\"input\",\"name\":\"检查目录\",\"type\":\"text\",\"typeText\":\"文本\",\"validate\":\"\"},\"paramList\":[{\"mode\":\"input\",\"isRequired\":1,\"defaultValue\":\"1\",\"name\":\"详细输出\",\"description\":\"显示匹配的详细信息\",\"sort\":0,\"type\":\"radio\",\"config\":{\"dataList\":[{\"text\":\"是\",\"value\":\"1\"},{\"text\":\"否\",\"value\":\"0\"}],\"dataSource\":\"static\"},\"key\":\"verbose\"},{\"mode\":\"input\",\"isRequired\":1,\"defaultValue\":\"\",\"name\":\"MD5列表文件\",\"description\":\"文件路径，每行格式例子：2ac723bd99d4c359b4b8cba54a42de3f  /test/myfile.txt\",\"sort\":1,\"type\":\"text\",\"key\":\"md5listfile\"},{\"mode\":\"input\",\"isRequired\":1,\"defaultValue\":\"0\",\"name\":\"删除MD5文件\",\"description\":\"检查成功后是否删除MD5列表文件\",\"sort\":2,\"type\":\"radio\",\"config\":{\"dataList\":[{\"text\":\"否\",\"value\":\"0\"},{\"text\":\"是\",\"value\":\"1\"}],\"dataSource\":\"static\"},\"key\":\"delmd5\"}]}', '2022-01-14 11:33:52.000', NULL, 0);
INSERT INTO `autoexec_tool` VALUES (477434713481225, 'startstop/checkprocess', 1, 'target', 680932126023680, 477403314921472, '检查进程数量是否符合预期', 'perl', NULL, NULL, '{\"argument\":{\"argumentCount\":0,\"defaultValue\":\"ERROR\",\"description\":\"关键字，支持正则表达式\",\"id\":848588934275131,\"isRequired\":1,\"mappingMode\":\"constant\",\"mappingModeText\":\"常量\",\"mode\":\"input\",\"name\":\"关键字\",\"type\":\"text\",\"typeText\":\"文本\",\"validate\":\"\"},\"paramList\":[{\"mode\":\"input\",\"isRequired\":1,\"defaultValue\":\"1\",\"name\":\"详细输出\",\"description\":\"显示匹配的详细信息\",\"sort\":0,\"type\":\"select\",\"config\":{\"dataList\":[{\"text\":\"是\",\"value\":\"1\"},{\"text\":\"否\",\"value\":\"0\"}],\"dataSource\":\"static\"},\"key\":\"verbose\"},{\"mode\":\"input\",\"isRequired\":1,\"defaultValue\":\"\",\"name\":\"数量表达式\",\"description\":\"进程数量的不等式，例如：\'>10\'或者\'==10\'或者\'<10\'或者\'>=10\'\",\"sort\":1,\"type\":\"text\",\"key\":\"checkexp\"},{\"mode\":\"input\",\"isRequired\":1,\"defaultValue\":\"or\",\"name\":\"多关键字\",\"description\":\"多个关键字的操作符号\",\"sort\":2,\"type\":\"select\",\"config\":{\"dataList\":[{\"text\":\"OR\",\"value\":\"or\"},{\"text\":\"AND\",\"value\":\"and\"}],\"dataSource\":\"static\"},\"key\":\"op\"}]}', '2023-03-16 19:54:09.343', NULL, 0);
INSERT INTO `autoexec_tool` VALUES (477434713481226, 'startstop/checkspace', 1, 'target', 477317977612288, 477403314921472, '检查挂载点的空间是否足够', 'perl', NULL, NULL, '{\"argument\":{\"defaultValue\":\"\",\"description\":\"例如：\'/app/mysystem1 100M 50\',\'/app/mysystem2 10G 50\'\",\"isRequired\":1,\"mode\":\"input\",\"name\":\"检查表达式\",\"type\":\"text\",\"typeText\":\"文本\",\"validate\":\"\"}}', '2022-01-14 11:33:52.000', NULL, 0);
INSERT INTO `autoexec_tool` VALUES (477434721869824, 'startstop/startwait', 1, 'target', 680932126023680, 477403314921472, '调用远程命令启动应用，检测应用是否启动的同时tail日志', 'perl', NULL, NULL, '{\"argument\":{\"argumentCount\":0,\"defaultValue\":\"\",\"description\":\"日志路径，支持通配符和反引号，用于执行启动命令后展示启动日志\",\"id\":848588934275133,\"isRequired\":0,\"mappingMode\":\"constant\",\"mappingModeText\":\"常量\",\"mode\":\"input\",\"name\":\"日志路径\",\"type\":\"text\",\"typeText\":\"文本\",\"validate\":\"\"},\"paramList\":[{\"mode\":\"input\",\"isRequired\":1,\"defaultValue\":\"\",\"name\":\"启动命令\",\"description\":\"启动应用所需要的Shell命令\",\"sort\":0,\"type\":\"text\",\"key\":\"prescript\"},{\"mode\":\"input\",\"isRequired\":1,\"defaultValue\":\"0\",\"name\":\"关闭TTY\",\"description\":\"关闭标准输入输出，对于启动后因父进程退出而退出的应用需要启用此选项\",\"sort\":1,\"type\":\"select\",\"config\":{\"dataList\":[{\"text\":\"否\",\"value\":\"0\"},{\"text\":\"是\",\"value\":\"1\"}],\"dataSource\":\"static\"},\"key\":\"closetty\"},{\"mode\":\"input\",\"isRequired\":0,\"defaultValue\":\"\",\"name\":\"服务地址\",\"description\":\"URL或者IP:PORT，例如：http://127.0.0.1:8080\",\"sort\":2,\"type\":\"text\",\"key\":\"addr\"},{\"mode\":\"input\",\"isRequired\":0,\"defaultValue\":\"\",\"name\":\"启动成功字串\",\"description\":\"如果日志编码不是UTF-8, 则配置:{GBK}启动完成; 尽量留空少用, 少用服务地址检测替代\",\"sort\":3,\"type\":\"text\",\"key\":\"eofstr\"},{\"mode\":\"input\",\"isRequired\":1,\"defaultValue\":\"300\",\"name\":\"超时(秒)\",\"description\":\"启动超时的秒数，超时后启动失败\",\"sort\":4,\"type\":\"text\",\"key\":\"timeout\"},{\"mode\":\"input\",\"isRequired\":0,\"defaultValue\":\"\",\"name\":\"启动后置命令\",\"description\":\"应用启动，检测成功启动后执行此命令\",\"sort\":5,\"type\":\"text\",\"key\":\"postscript\"},{\"mode\":\"input\",\"isRequired\":1,\"defaultValue\":\"0\",\"name\":\"终止启动命令\",\"description\":\"用于某些启动命令启动成功后，需要Ctrl+C的情况\",\"sort\":6,\"type\":\"select\",\"config\":{\"dataList\":[{\"text\":\"否\",\"value\":\"0\"},{\"text\":\"是\",\"value\":\"1\"}],\"dataSource\":\"static\"},\"key\":\"endprescript\"}]}', '2023-03-16 19:54:09.353', NULL, 0);
INSERT INTO `autoexec_tool` VALUES (477434730258432, 'startstop/stopwait', 1, 'target', 680932126023680, 477403314921472, '调用远程命令停止应用，检测应用是否停止的同时tail日志', 'perl', NULL, NULL, '{\"argument\":{\"argumentCount\":0,\"defaultValue\":\"\",\"description\":\"日志路径，支持通配符和反引号，用于执行启动命令后展示启动日志\",\"id\":848588934275135,\"isRequired\":0,\"mappingMode\":\"constant\",\"mappingModeText\":\"常量\",\"mode\":\"input\",\"name\":\"日志路径\",\"type\":\"text\",\"typeText\":\"文本\",\"validate\":\"\"},\"paramList\":[{\"mode\":\"input\",\"isRequired\":1,\"defaultValue\":\"\",\"name\":\"停止命令\",\"description\":\"停止应用所需要的Shell命令\",\"sort\":0,\"type\":\"text\",\"key\":\"prescript\"},{\"mode\":\"input\",\"isRequired\":0,\"defaultValue\":\"\",\"name\":\"服务地址\",\"description\":\"URL或者IP:PORT，例如：http://127.0.0.1:8080\",\"sort\":1,\"type\":\"text\",\"key\":\"addr\"},{\"mode\":\"input\",\"isRequired\":0,\"defaultValue\":\"\",\"name\":\"停止成功字串\",\"description\":\"如果日志编码不是UTF-8, 则配置:{GBK}启动完成; 尽量留空少用，少用服务地址检测替代\",\"sort\":2,\"type\":\"text\",\"key\":\"eofstr\"},{\"mode\":\"input\",\"isRequired\":1,\"defaultValue\":\"300\",\"name\":\"超时(秒)\",\"description\":\"停止超时的秒数，超时后停止失败\",\"sort\":3,\"type\":\"text\",\"key\":\"timeout\"},{\"mode\":\"input\",\"isRequired\":0,\"defaultValue\":\"\",\"name\":\"停止后置命令\",\"description\":\"应用停止，检测成功停止后执行此命令\",\"sort\":4,\"type\":\"text\",\"key\":\"postscript\"},{\"mode\":\"input\",\"isRequired\":1,\"defaultValue\":\"0\",\"name\":\"Kill停止命令\",\"description\":\"用于某些停止命令停止成功后，需要Ctrl+C的情况\",\"sort\":5,\"type\":\"select\",\"config\":{\"dataList\":[{\"text\":\"否\",\"value\":\"0\"},{\"text\":\"是\",\"value\":\"1\"}],\"dataSource\":\"static\"},\"key\":\"endprescript\"}]}', '2023-03-16 19:54:09.363', NULL, 0);
INSERT INTO `autoexec_tool` VALUES (477438404468736, 'cmdbcollect/oscollector', 1, 'target', 2, 477321156894720, '采集主机硬件、OS和OS上运行应用和DB的信息', 'perl', NULL, NULL, '{\"paramList\":[{\"mode\":\"input\",\"isRequired\":0,\"defaultValue\":\"\",\"name\":\"采集类列表\",\"description\":\"采集类别的名称, 空代表采集所有，逗号相隔，要与采集类名相同，譬如：OS,Tomcat,Weblogic,Oracle\",\"sort\":0,\"type\":\"multiselect\",\"config\":{\"dataList\":[{\"text\":\"全部\",\"value\":\"\"},{\"text\":\"操作系统\",\"value\":\"OS\"},{\"text\":\"Informix\",\"value\":\"Informix\"},{\"text\":\"IIS\",\"value\":\"IIS\"},{\"text\":\"Elasticsearch\",\"value\":\"Elasticsearch\"},{\"text\":\"Hadoop\",\"value\":\"Hadoop\"},{\"text\":\"Java\",\"value\":\"Java\"},{\"text\":\"JBoss\",\"value\":\"JBoss\"},{\"text\":\"Jetty\",\"value\":\"Jetty\"},{\"text\":\"Kafka\",\"value\":\"Kafka\"},{\"text\":\"Keepalived\",\"value\":\"Keepalived\"},{\"text\":\"Lighttpd\",\"value\":\"Lighttpd\"},{\"text\":\"Memcached\",\"value\":\"Memcached\"},{\"text\":\"Mongodb\",\"value\":\"Mongodb\"},{\"text\":\"MSSQLServer\",\"value\":\"MSSQLServer\"},{\"text\":\"Mysql\",\"value\":\"Mysql\"},{\"text\":\"Nginx\",\"value\":\"Nginx\"},{\"text\":\"Oracle\",\"value\":\"Oracle\"},{\"text\":\"OracleRAC\",\"value\":\"OracleRAC\"},{\"text\":\"PHP\",\"value\":\"PHP\"},{\"text\":\"Postgresql\",\"value\":\"Postgresql\"},{\"text\":\"Python\",\"value\":\"Python\"},{\"text\":\"RabbitMQ\",\"value\":\"RabbitMQ\"},{\"text\":\"Redis\",\"value\":\"Redis\"},{\"text\":\"Resin\",\"value\":\"Resin\"},{\"text\":\"Sybase\",\"value\":\"Sybase\"},{\"text\":\"ActiveMQ\",\"value\":\"ActiveMQ\"},{\"text\":\"Apache\",\"value\":\"Apache\"},{\"text\":\"DB2\",\"value\":\"DB2\"},{\"text\":\"Tomcat\",\"value\":\"Tomcat\"},{\"text\":\"Tuxedo\",\"value\":\"Tuxedo\"},{\"text\":\"Weblogic\",\"value\":\"Weblogic\"},{\"text\":\"WebSphere\",\"value\":\"WebSphere\"},{\"text\":\"WebSphereMQ\",\"value\":\"WebSphereMQ\"},{\"text\":\"Zookeeper\",\"value\":\"Zookeeper\"},{\"text\":\"Docker\",\"value\":\"Docker\"}],\"dataSource\":\"static\"},\"key\":\"class\"},{\"mode\":\"input\",\"isRequired\":0,\"defaultValue\":\"\",\"name\":\"Mysql账户\",\"description\":\"例如：采集数据需要用到的Mysql的只读用户\",\"sort\":1,\"type\":\"account\",\"key\":\"Mysql\"},{\"mode\":\"input\",\"isRequired\":0,\"defaultValue\":\"\",\"name\":\"Postgresql账户\",\"description\":\"例如：采集数据需要用到的Postgresql的只读用户\",\"sort\":2,\"type\":\"account\",\"key\":\"Postgresql\"},{\"mode\":\"input\",\"isRequired\":0,\"defaultValue\":\"\",\"name\":\"MSSQLServer账户\",\"description\":\"例如：采集数据需要用到的MSSQLServer的只读用户\",\"sort\":3,\"type\":\"account\",\"key\":\"MSSQLServer\"},{\"mode\":\"input\",\"isRequired\":0,\"defaultValue\":\"\",\"name\":\"Mongdb账户\",\"description\":\"例如：采集数据需要用到的MongoDB的只读用户\",\"sort\":4,\"type\":\"account\",\"key\":\"Mongodb\"},{\"mode\":\"input\",\"isRequired\":0,\"defaultValue\":\"\",\"name\":\"默认密码设置\",\"description\":\"如没有选择账号，请输入，例如：Mysql:root/pass1234,Postgresql:demo/test1234\",\"sort\":5,\"type\":\"password\",\"key\":\"defaultpassconf\"},{\"mode\":\"input\",\"isRequired\":1,\"defaultValue\":\"0\",\"name\":\"巡检检查\",\"description\":\"采集更详细的巡检数据\",\"sort\":6,\"type\":\"select\",\"config\":{\"dataList\":[{\"text\":\"不采集\",\"value\":\"0\"},{\"text\":\"采集\",\"value\":\"1\"}],\"dataSource\":\"static\"},\"key\":\"inspect\"},{\"mode\":\"input\",\"isRequired\":1,\"defaultValue\":\"0\",\"name\":\"采集容器\",\"description\":\"是否采集容器信息，如:docker\",\"sort\":7,\"type\":\"select\",\"config\":{\"dataList\":[{\"text\":\"不采集\",\"value\":\"0\"},{\"text\":\"采集\",\"value\":\"1\"}],\"dataSource\":\"static\"},\"key\":\"containner\"},{\"mode\":\"input\",\"isRequired\":0,\"defaultValue\":\"\",\"name\":\"进程特征环境变量\",\"description\":\"对于未识别的进程，如果含有此环境变量则自动采集\",\"sort\":8,\"type\":\"text\",\"key\":\"procenvname\"},{\"mode\":\"input\",\"isRequired\":1,\"defaultValue\":\"0\",\"name\":\"回显结果数据\",\"description\":\"回显采集到的数据\",\"sort\":9,\"type\":\"select\",\"config\":{\"dataList\":[{\"text\":\"不回显\",\"value\":\"0\"},{\"text\":\"回显\",\"value\":\"1\"}],\"dataSource\":\"static\"},\"key\":\"verbose\"},{\"mode\":\"input\",\"isRequired\":1,\"defaultValue\":\"0\",\"name\":\"显示明细\",\"description\":\"显示命令执行的详细信息\",\"sort\":10,\"type\":\"select\",\"config\":{\"dataList\":[{\"text\":\"否\",\"value\":\"0\"},{\"text\":\"是\",\"value\":\"1\"}],\"dataSource\":\"static\"},\"key\":\"debug\"},{\"mode\":\"output\",\"name\":\"JSON数据\",\"description\":\"采集到的数据\",\"sort\":0,\"type\":\"json\",\"key\":\"DATA\"}]}', '2023-03-16 19:54:08.750', NULL, 0);
INSERT INTO `autoexec_tool` VALUES (509236429512704, 'inspect/setresjobid', 1, 'runner_target', 1, 477321156894720, '用于巡检界面中展示巡检目标的关联的自动化作业', 'python', NULL, NULL, '{}', '2023-03-16 19:54:08.263', NULL, 0);
INSERT INTO `autoexec_tool` VALUES (512017689272320, 'inspect/endpointcheck', 1, 'runner_target', 1, 477321156894720, '检查访问入口是否正常，支持IP、IP:PORT、URL', 'python', NULL, NULL, '{\"paramList\":[{\"mode\":\"input\",\"isRequired\":1,\"defaultValue\":\"10\",\"name\":\"超时时间\",\"description\":\"查询超时时间，单位秒\",\"sort\":0,\"type\":\"text\",\"key\":\"timeout\"},{\"mode\":\"output\",\"name\":\"JSON数据\",\"description\":\"采集到的数据\",\"sort\":0,\"type\":\"json\",\"key\":\"DATA\"}]}', '2023-03-16 19:54:08.196', NULL, 0);
INSERT INTO `autoexec_tool` VALUES (517997927915526, 'inspect/tagentcheck', 1, 'runner_target', 1, 477321156894720, '检查当前节点Tagent是否可以登录', 'perl', NULL, NULL, '{\"paramList\":[{\"mode\":\"input\",\"isRequired\":1,\"defaultValue\":\"10\",\"name\":\"超时时间\",\"description\":\"查询超时时间，单位秒\",\"sort\":0,\"type\":\"text\",\"key\":\"timeout\"},{\"mode\":\"output\",\"name\":\"JSON数据\",\"description\":\"采集到的数据\",\"sort\":0,\"type\":\"json\",\"key\":\"DATA\"}]}', '2023-03-16 19:54:08.143', NULL, 0);
INSERT INTO `autoexec_tool` VALUES (603593052577792, 'cmdbcollect/k8scollector', 1, 'runner_target', 2, 477321156894720, 'k8s采集插件', 'python', NULL, NULL, '{\"paramList\":[{\"mode\":\"input\",\"isRequired\":0,\"defaultValue\":\"\",\"name\":\"管理IP\",\"description\":\"k8s master 管理IP\",\"sort\":0,\"type\":\"text\",\"key\":\"ip\"},{\"mode\":\"input\",\"isRequired\":0,\"defaultValue\":\"\",\"name\":\"管理端口\",\"description\":\"k8s管理端口\",\"sort\":1,\"type\":\"text\",\"key\":\"port\"},{\"mode\":\"input\",\"isRequired\":0,\"defaultValue\":\"\",\"name\":\"令牌\",\"description\":\"k8s管理用户令牌\",\"sort\":2,\"type\":\"text\",\"key\":\"token\"},{\"mode\":\"input\",\"isRequired\":1,\"defaultValue\":\"0\",\"name\":\"回显结果数据\",\"description\":\"回显采集到的数据\",\"sort\":3,\"type\":\"select\",\"config\":{\"dataList\":[{\"text\":\"不回显\",\"value\":\"0\"},{\"text\":\"回显\",\"value\":\"1\"}],\"dataSource\":\"static\"},\"key\":\"verbose\"},{\"mode\":\"output\",\"name\":\"采集数据\",\"description\":\"采集数据输出\",\"sort\":0,\"type\":\"json\",\"key\":\"DATA\"}]}', '2023-03-16 19:54:07.547', NULL, 0);
INSERT INTO `autoexec_tool` VALUES (603593052577793, 'deploy/checkmd5', 1, 'target', 477319286235136, 477403314921472, '根据MD5列表检查文件MD5是否正确', 'perl', NULL, NULL, '{\"argument\":{\"argumentCount\":0,\"defaultValue\":\"\",\"description\":\"检查目录，支持通配符和反引号\",\"id\":848588934275075,\"isRequired\":1,\"mappingMode\":\"constant\",\"mappingModeText\":\"常量\",\"mode\":\"input\",\"name\":\"检查目录\",\"type\":\"text\",\"typeText\":\"文本\",\"validate\":\"\"},\"paramList\":[{\"mode\":\"input\",\"isRequired\":1,\"defaultValue\":\"1\",\"name\":\"详细输出\",\"description\":\"显示匹配的详细信息\",\"sort\":0,\"type\":\"select\",\"config\":{\"dataList\":[{\"text\":\"是\",\"value\":\"1\"},{\"text\":\"否\",\"value\":\"0\"}],\"dataSource\":\"static\"},\"key\":\"verbose\"},{\"mode\":\"input\",\"isRequired\":1,\"defaultValue\":\"\",\"name\":\"MD5列表文件\",\"description\":\"文件路径，每行格式例子：2ac723bd99d4c359b4b8cba54a42de3f  /test/myfile.txt\",\"sort\":1,\"type\":\"text\",\"key\":\"md5listfile\"},{\"mode\":\"input\",\"isRequired\":1,\"defaultValue\":\"0\",\"name\":\"删除MD5文件\",\"description\":\"检查成功后是否删除MD5列表文件\",\"sort\":2,\"type\":\"select\",\"config\":{\"dataList\":[{\"text\":\"否\",\"value\":\"0\"},{\"text\":\"是\",\"value\":\"1\"}],\"dataSource\":\"static\"},\"key\":\"delmd5\"}]}', '2023-03-16 19:54:08.799', NULL, 0);
INSERT INTO `autoexec_tool` VALUES (603593052577794, 'deploy/checkspace', 1, 'target', 477319286235136, 477403314921472, '检查挂载点的空间是否足够', 'perl', NULL, NULL, '{\"argument\":{\"argumentCount\":0,\"defaultValue\":\"\",\"description\":\"例如：\'/app/mysystem1 100M 50\',\'/app/mysystem2 10G 50\'\",\"id\":848588934275077,\"isRequired\":1,\"mappingMode\":\"constant\",\"mappingModeText\":\"常量\",\"mode\":\"input\",\"name\":\"检查表达式\",\"type\":\"text\",\"typeText\":\"文本\",\"validate\":\"\"}}', '2023-03-16 19:54:08.810', NULL, 0);
INSERT INTO `autoexec_tool` VALUES (603593438453760, 'wastool/wastool', 1, 'target', 477317977612288, 477321156894720, 'WAS发布', 'perl', NULL, 650506477035520, '{\"paramList\":[{\"mode\":\"input\",\"isRequired\":1,\"defaultValue\":\"1\",\"name\":\"显示明细\",\"description\":\"执行日志显示详细信息\",\"sort\":0,\"type\":\"select\",\"config\":{\"dataList\":[{\"text\":\"是\",\"value\":\"1\"},{\"text\":\"否\",\"value\":\"0\"}],\"dataSource\":\"static\"},\"key\":\"verbose\"},{\"mode\":\"input\",\"isRequired\":1,\"defaultValue\":\"en_US.UTF-8\",\"name\":\"LANG\",\"description\":\"WAS启动使用的语言设置，一般不需要设置，保持为自动\",\"sort\":1,\"type\":\"select\",\"config\":{\"dataList\":[{\"text\":\"自动\",\"value\":\"\"},{\"text\":\"en_US.UTF-8\",\"value\":\"en_US.UTF-8\"},{\"text\":\"zh_CN.GBK\",\"value\":\"en_US.GBK\"},{\"text\":\"zh_CN.GB18030\",\"value\":\"en_US.GB18030\"}],\"dataSource\":\"static\"},\"key\":\"LANG\"},{\"mode\":\"input\",\"isRequired\":1,\"defaultValue\":\"en_US.UTF-8\",\"name\":\"LC_ALL\",\"description\":\"WAS启动使用的语言设置，一般不需要设置，保持为自动\",\"sort\":2,\"type\":\"select\",\"config\":{\"dataList\":[{\"text\":\"自动\",\"value\":\"\"},{\"text\":\"en_US.UTF-8\",\"value\":\"en_US.UTF-8\"},{\"text\":\"zh_CN.GBK\",\"value\":\"en_US.GBK\"},{\"text\":\"zh_CN.GB18030\",\"value\":\"en_US.GB18030\"}],\"dataSource\":\"static\"},\"key\":\"LC_ALL\"},{\"mode\":\"input\",\"isRequired\":1,\"defaultValue\":\"0022\",\"name\":\"umask\",\"description\":\"umask设置，如果留空则不对umask进行修改，例如：0022\",\"sort\":3,\"type\":\"text\",\"key\":\"umask\"},{\"mode\":\"input\",\"isRequired\":1,\"defaultValue\":\"app-start\",\"name\":\"动作\",\"description\":\"WAS操作动作\",\"sort\":4,\"type\":\"select\",\"config\":{\"dataList\":[{\"text\":\"app-start\",\"value\":\"app-start\"},{\"text\":\"app-stop\",\"value\":\"app-stop\"},{\"text\":\"check\",\"value\":\"check\"},{\"text\":\"clean-extract\",\"value\":\"clean-extract\"},{\"text\":\"cluster-start\",\"value\":\"cluster-start\"},{\"text\":\"cluster-stop\",\"value\":\"cluster-stop\"},{\"text\":\"dmgr-start\",\"value\":\"dmgr-start\"},{\"text\":\"dmgr-stop\",\"value\":\"dmgr-stop\"},{\"text\":\"extract\",\"value\":\"extract\"},{\"text\":\"node-start\",\"value\":\"node-start\"},{\"text\":\"node-stop\",\"value\":\"node-stop\"},{\"text\":\"patch\",\"value\":\"patch\"},{\"text\":\"start\",\"value\":\"start\"},{\"text\":\"stop\",\"value\":\"stop\"},{\"text\":\"unpatch\",\"value\":\"unpatch\"},{\"text\":\"update\",\"value\":\"update\"}],\"dataSource\":\"static\"},\"key\":\"action\"},{\"mode\":\"input\",\"isRequired\":1,\"defaultValue\":\"\",\"name\":\"Profile目录\",\"description\":\"WAS的AppSrv则配置WAS的profile目录\",\"sort\":5,\"type\":\"text\",\"key\":\"was_profile\"},{\"mode\":\"input\",\"isRequired\":1,\"defaultValue\":\"\",\"name\":\"Admin URL\",\"description\":\"WAS管理控制台URL，用于访问/ibm/console/，例如：http://127.0.0.1:9060\",\"sort\":6,\"type\":\"text\",\"key\":\"admin_url\"},{\"mode\":\"input\",\"isRequired\":1,\"defaultValue\":\"wasadmin\",\"name\":\"WAS用户名\",\"description\":\"WAS用户名\",\"sort\":7,\"type\":\"text\",\"key\":\"was_user\"},{\"mode\":\"input\",\"isRequired\":0,\"defaultValue\":\"\",\"name\":\"WAS密码\",\"description\":\"WAS密码\",\"sort\":8,\"type\":\"password\",\"key\":\"was_pwd\"},{\"mode\":\"input\",\"isRequired\":1,\"defaultValue\":\"/opt/IBM/WebSphere/profiles/dmgr\",\"name\":\"DMGR Profile\",\"description\":\"DMRG的Profile目录，如果没有部署则留空，例如：/opt/IBM/WebSphere/profiles/dmgr\",\"sort\":9,\"type\":\"text\",\"key\":\"dmgr_profile\"},{\"mode\":\"input\",\"isRequired\":1,\"defaultValue\":\"180\",\"name\":\"启动超时\",\"description\":\"启动超时时间（秒），默认180秒\",\"sort\":10,\"type\":\"text\",\"key\":\"start_timeout\"},{\"mode\":\"input\",\"isRequired\":1,\"defaultValue\":\"180\",\"name\":\"停止超时\",\"description\":\"停止超时时间（秒），默认180秒\",\"sort\":11,\"type\":\"text\",\"key\":\"stop_timeout\"},{\"mode\":\"input\",\"isRequired\":1,\"defaultValue\":\"0\",\"name\":\"独立运行\",\"description\":\"是否独立Server运行，不需要nodeagent和dmgr的运行方式\",\"sort\":12,\"type\":\"select\",\"config\":{\"dataList\":[{\"text\":\"否\",\"value\":\"0\"},{\"text\":\"是\",\"value\":\"1\"}],\"dataSource\":\"static\"},\"key\":\"standalone\"},{\"mode\":\"input\",\"isRequired\":1,\"defaultValue\":\"0\",\"name\":\"新应用自动部署\",\"description\":\"是否需要调用was接口部署应用，对应dmgr的情况，只需要在一个机器上进行部署，其他节点都会自动同步\",\"sort\":13,\"type\":\"select\",\"config\":{\"dataList\":[{\"text\":\"否\",\"value\":\"0\"},{\"text\":\"是\",\"value\":\"1\"}],\"dataSource\":\"static\"},\"key\":\"need_deploy\"},{\"mode\":\"input\",\"isRequired\":1,\"defaultValue\":\"demoCell01\",\"name\":\"Cell名称\",\"description\":\"Cell名称\",\"sort\":14,\"type\":\"text\",\"key\":\"cellname\"},{\"mode\":\"input\",\"isRequired\":1,\"defaultValue\":\"demoNode01\",\"name\":\"Node名称\",\"description\":\"Node名称\",\"sort\":15,\"type\":\"text\",\"key\":\"nodename\"},{\"mode\":\"input\",\"isRequired\":1,\"defaultValue\":\"server1\",\"name\":\"Server名称\",\"description\":\"Server名称\",\"sort\":16,\"type\":\"text\",\"key\":\"servername\"},{\"mode\":\"input\",\"isRequired\":0,\"defaultValue\":\"\",\"name\":\"Cluster名\",\"description\":\"Cluster名, 如果没有配置cluster或者不使用cluster部署则留空\",\"sort\":17,\"type\":\"text\",\"key\":\"clustername\"},{\"mode\":\"input\",\"isRequired\":1,\"defaultValue\":\"demo_war\",\"name\":\"部署名\",\"description\":\"在WAS console上看到的应用的部署名\",\"sort\":18,\"type\":\"text\",\"key\":\"appname\"},{\"mode\":\"input\",\"isRequired\":1,\"defaultValue\":\"/tmp/demo.war\",\"name\":\"包路径\",\"description\":\"包路径\",\"sort\":19,\"type\":\"text\",\"key\":\"appfile\"},{\"mode\":\"input\",\"isRequired\":1,\"defaultValue\":\"/demo\",\"name\":\"WEB上下文根\",\"description\":\"每个war应用都要配置，WAR的Context Root\",\"sort\":20,\"type\":\"text\",\"key\":\"contextroot\"},{\"mode\":\"input\",\"isRequired\":1,\"defaultValue\":\"/opt/IBM/deploy/demo\",\"name\":\"应用安装目录\",\"description\":\"应用安装目录，在websphere console安装时，指定的安装路径，留空，则采用默认值\",\"sort\":21,\"type\":\"text\",\"key\":\"targetdir\"},{\"mode\":\"input\",\"isRequired\":1,\"defaultValue\":\"\",\"name\":\"检测URL\",\"description\":\"应用访问URL，注意端口，例如：http://127.0.0.1:9082/demo/\",\"sort\":22,\"type\":\"text\",\"key\":\"checkurl\"},{\"mode\":\"input\",\"isRequired\":0,\"defaultValue\":\"\",\"name\":\"IHS安装目录\",\"description\":\"IHS的安装目录，如果没有部署则留空，例如：/opt/IBM/HTTPServer\",\"sort\":23,\"type\":\"text\",\"key\":\"ihs_dir\"},{\"mode\":\"input\",\"isRequired\":0,\"defaultValue\":\"\",\"name\":\"IHS WEB目录\",\"description\":\"IHS的html根目录，如果没有部署则留空，例如：/opt/IBM/HTTPServer/htdocs/demo\",\"sort\":24,\"type\":\"text\",\"key\":\"ihs_docroot\"},{\"mode\":\"input\",\"isRequired\":0,\"defaultValue\":\"\",\"name\":\"其他选项\",\"description\":\"其他选项\",\"sort\":25,\"type\":\"text\",\"key\":\"options\"}]}', '2023-03-16 19:54:09.415', NULL, 0);
INSERT INTO `autoexec_tool` VALUES (603594176651264, 'wlstool/wlstool', 1, 'target', 477317977612288, 477321156894720, 'Weblogic发布', 'perl', NULL, 826702368137241, '{\"paramList\":[{\"mode\":\"input\",\"isRequired\":1,\"defaultValue\":\"1\",\"name\":\"显示明细\",\"description\":\"执行日志显示详细信息\",\"sort\":0,\"type\":\"select\",\"config\":{\"dataList\":[{\"text\":\"是\",\"value\":\"1\"},{\"text\":\"否\",\"value\":\"0\"}],\"dataSource\":\"static\"},\"key\":\"verbose\"},{\"mode\":\"input\",\"isRequired\":1,\"defaultValue\":\"en_US.UTF-8\",\"name\":\"LANG\",\"description\":\"WAS启动使用的语言设置，一般不需要设置，保持为自动\",\"sort\":1,\"type\":\"select\",\"config\":{\"dataList\":[{\"text\":\"自动\",\"value\":\"\"},{\"text\":\"en_US.UTF-8\",\"value\":\"en_US.UTF-8\"},{\"text\":\"zh_CN.GBK\",\"value\":\"en_US.GBK\"},{\"text\":\"zh_CN.GB18030\",\"value\":\"en_US.GB18030\"}],\"dataSource\":\"static\"},\"key\":\"LANG\"},{\"mode\":\"input\",\"isRequired\":1,\"defaultValue\":\"en_US.UTF-8\",\"name\":\"LC_ALL\",\"description\":\"WAS启动使用的语言设置，一般不需要设置，保持为自动\",\"sort\":2,\"type\":\"select\",\"config\":{\"dataList\":[{\"text\":\"自动\",\"value\":\"\"},{\"text\":\"en_US.UTF-8\",\"value\":\"en_US.UTF-8\"},{\"text\":\"zh_CN.GBK\",\"value\":\"en_US.GBK\"},{\"text\":\"zh_CN.GB18030\",\"value\":\"en_US.GB18030\"}],\"dataSource\":\"static\"},\"key\":\"LC_ALL\"},{\"mode\":\"input\",\"isRequired\":1,\"defaultValue\":\"0022\",\"name\":\"umask\",\"description\":\"umask设置，如果留空则不对umask进行修改，例如：0022\",\"sort\":3,\"type\":\"text\",\"key\":\"umask\"},{\"mode\":\"input\",\"isRequired\":1,\"defaultValue\":\"admin-start\",\"name\":\"动作\",\"description\":\"WAS操作动作\",\"sort\":4,\"type\":\"select\",\"config\":{\"dataList\":[{\"text\":\"admin-start\",\"value\":\"admin-start\"},{\"text\":\"admin-stop\",\"value\":\"admin-stop\"},{\"text\":\"app-start\",\"value\":\"app-start\"},{\"text\":\"app-stop\",\"value\":\"app-stop\"},{\"text\":\"check\",\"value\":\"check\"},{\"text\":\"clean\",\"value\":\"clean\"},{\"text\":\"clean-extract\",\"value\":\"clean-extract\"},{\"text\":\"deploy\",\"value\":\"deploy\"},{\"text\":\"extract\",\"value\":\"extract\"},{\"text\":\"node-start\",\"value\":\"node-start\"},{\"text\":\"node-stop\",\"value\":\"node-stop\"},{\"text\":\"patch\",\"value\":\"patch\"},{\"text\":\"start\",\"value\":\"start\"},{\"text\":\"stop\",\"value\":\"stop\"},{\"text\":\"undeploy\",\"value\":\"undeploy\"},{\"text\":\"unpatch\",\"value\":\"unpatch\"}],\"dataSource\":\"static\"},\"key\":\"action\"},{\"mode\":\"input\",\"isRequired\":1,\"defaultValue\":\"/app/serverware/jdk\",\"name\":\"JAVA_HOME\",\"description\":\"JAVA HOME目录\",\"sort\":5,\"type\":\"text\",\"key\":\"java_home\"},{\"mode\":\"input\",\"isRequired\":1,\"defaultValue\":\"/app/serverware/wls/wls1036\",\"name\":\"WLS_HOME\",\"description\":\"Weblogic的安装目录，例如：/app/serverware/wls/wls1036\",\"sort\":6,\"type\":\"text\",\"key\":\"wls_home\"},{\"mode\":\"input\",\"isRequired\":1,\"defaultValue\":\"/app/serverware/wls/domains/tsdomain\",\"name\":\"DOMAIN_HOME\",\"description\":\"Weblogic的Domain目录，例如：/app/serverware/wls/domains/tsdomain\",\"sort\":7,\"type\":\"text\",\"key\":\"domain_home\"},{\"mode\":\"input\",\"isRequired\":1,\"defaultValue\":\"http://${INS_HOST}:${INS_PORT}\",\"name\":\"Admin URL\",\"description\":\"Weblogic当前domain的admin server访问地址，例如：http://127.0.0.1:7001\",\"sort\":8,\"type\":\"text\",\"key\":\"admin_url\"},{\"mode\":\"input\",\"isRequired\":1,\"defaultValue\":\"weblogic\",\"name\":\"console用户名\",\"description\":\"Weblogic console登录界面的用户名\",\"sort\":9,\"type\":\"text\",\"key\":\"wls_user\"},{\"mode\":\"input\",\"isRequired\":1,\"defaultValue\":\"\",\"name\":\"console用户的密码\",\"description\":\"Weblogic console登录界面的用户的密码\",\"sort\":10,\"type\":\"password\",\"key\":\"wls_pwd\"},{\"mode\":\"input\",\"isRequired\":1,\"defaultValue\":\"180\",\"name\":\"启动超时\",\"description\":\"启动超时时间（秒），默认180秒\",\"sort\":11,\"type\":\"text\",\"key\":\"start_timeout\"},{\"mode\":\"input\",\"isRequired\":1,\"defaultValue\":\"180\",\"name\":\"停止超时\",\"description\":\"停止超时时间（秒），默认180秒\",\"sort\":12,\"type\":\"text\",\"key\":\"stop_timeout\"},{\"mode\":\"input\",\"isRequired\":1,\"defaultValue\":\"0\",\"name\":\"独立运行\",\"description\":\"是否独立Server运行，不需要nodeagent和dmgr的运行方式\",\"sort\":13,\"type\":\"select\",\"config\":{\"dataList\":[{\"text\":\"否\",\"value\":\"0\"},{\"text\":\"是\",\"value\":\"1\"}],\"dataSource\":\"static\"},\"key\":\"standalone\"},{\"mode\":\"input\",\"isRequired\":1,\"defaultValue\":\"0\",\"name\":\"新应用自动部署\",\"description\":\"是否需要调用was接口部署应用，对应dmgr的情况，只需要在一个机器上进行部署，其他节点都会自动同步\",\"sort\":14,\"type\":\"select\",\"config\":{\"dataList\":[{\"text\":\"否\",\"value\":\"0\"},{\"text\":\"是\",\"value\":\"1\"}],\"dataSource\":\"static\"},\"key\":\"need_deploy\"},{\"mode\":\"input\",\"isRequired\":1,\"defaultValue\":\"\",\"name\":\"Server名称\",\"description\":\"Server名称，\",\"sort\":15,\"type\":\"text\",\"key\":\"servername\"},{\"mode\":\"input\",\"isRequired\":1,\"defaultValue\":\"demo_war\",\"name\":\"部署名\",\"description\":\"应用部署名，在weblogic console部署界面，应用对应的部署“名称”值\",\"sort\":16,\"type\":\"text\",\"key\":\"appname\"},{\"mode\":\"input\",\"isRequired\":1,\"defaultValue\":\"/tmp/demo.war\",\"name\":\"包路径\",\"description\":\"包路径，从当前目录更新到weblogic安装路径的中转目录\",\"sort\":17,\"type\":\"text\",\"key\":\"appfile\"},{\"mode\":\"input\",\"isRequired\":1,\"defaultValue\":\"/app/systems/test/sample/sample.war\",\"name\":\"安装路径\",\"description\":\"在weblogic console应用安装时，指定的目录或包的路径\",\"sort\":18,\"type\":\"text\",\"key\":\"source-path\"},{\"mode\":\"input\",\"isRequired\":1,\"defaultValue\":\"myserver\",\"name\":\"部署目标\",\"description\":\"应用部署的目标weblogic实例名或者Cluster名，在weblogic console部署界面，应用对应的部署“目标”值\",\"sort\":19,\"type\":\"text\",\"key\":\"target\"},{\"mode\":\"input\",\"isRequired\":1,\"defaultValue\":\"nostage\",\"name\":\"Staging Mode\",\"description\":\"部署模式，nostage代表Managed server不会从admin server下载应用，而是需要在所有Server上同构的目录上上传应用，建议使用nostage模式，否则每次重启都要从Admin Server下载应用\",\"sort\":20,\"type\":\"select\",\"config\":{\"dataList\":[{\"text\":\"nostage\",\"value\":\"nostage\"},{\"text\":\"stage\",\"value\":\"stage\"}],\"dataSource\":\"static\"},\"key\":\"staging-mode\"},{\"mode\":\"input\",\"isRequired\":1,\"defaultValue\":\"\",\"name\":\"检测URL\",\"description\":\"应用访问URL，注意端口，例如：http://127.0.0.1:9082/demo/\",\"sort\":21,\"type\":\"text\",\"key\":\"checkurl\"},{\"mode\":\"input\",\"isRequired\":0,\"defaultValue\":\"\",\"name\":\"客户化日志路径\",\"description\":\"可以设置多个路径，逗号相隔，第一个路径是标准输出文件路径\",\"sort\":22,\"type\":\"text\",\"key\":\"custom_stdoutfiles\"},{\"mode\":\"input\",\"isRequired\":1,\"defaultValue\":\"2048\",\"name\":\"日志单文件大小\",\"description\":\"控制台输出日志，单文件最大的大小（单位M），默认是2048M\",\"sort\":23,\"type\":\"text\",\"key\":\"max_logsize\"},{\"mode\":\"input\",\"isRequired\":1,\"defaultValue\":\"123\",\"name\":\"最大日志数量\",\"description\":\"控制台输出日志最大的文件数，超过会自动清理\",\"sort\":24,\"type\":\"text\",\"key\":\"max_logfiles\"},{\"mode\":\"input\",\"isRequired\":1,\"defaultValue\":\"93\",\"name\":\"日志最大保留天数\",\"description\":\"控制台输出日志最大保留天数，超过会自动清理\",\"sort\":25,\"type\":\"text\",\"key\":\"max_logdays\"},{\"mode\":\"input\",\"isRequired\":0,\"defaultValue\":\"\",\"name\":\"JAVA内存参数\",\"description\":\"JAVA内存参数，用于设置内存相关参数，例如：-Xms256m -Xmx1024m -XX:MaxPermSize=256m\",\"sort\":26,\"type\":\"text\",\"key\":\"USER_MEM_ARGS\"},{\"mode\":\"input\",\"isRequired\":1,\"defaultValue\":\"-Djava.security.egd=file:/dev/./urandom\",\"name\":\"JAVA参数\",\"description\":\"JAVA扩展参数，用于设置JAVA扩展参数\",\"sort\":27,\"type\":\"text\",\"key\":\"JAVA_EXT_OPTS\"}]}', '2023-03-16 19:54:09.427', NULL, 0);
INSERT INTO `autoexec_tool` VALUES (612792855748609, 'deploy/sqlexec', 1, 'sqlfile', 477316643823616, 477403314921472, 'SQL文件执行工具（非自动发布）', 'perl', NULL, NULL, '{\"paramList\":[{\"mode\":\"input\",\"isRequired\":0,\"defaultValue\":\"\",\"name\":\"SQL文件\",\"description\":\"上传到系统的多个SQL文件, SQL文件和SQL脚本至少一个非空\",\"sort\":0,\"type\":\"file\",\"key\":\"sqlfilejson\"},{\"mode\":\"input\",\"isRequired\":0,\"defaultValue\":\"\",\"name\":\"SQL文本\",\"description\":\"需要执行的SQL脚本, SQL文件和SQL脚本至少一个非空\",\"sort\":1,\"type\":\"textarea\",\"key\":\"sql\"},{\"mode\":\"input\",\"isRequired\":0,\"defaultValue\":\"\",\"name\":\"SQL文件编码\",\"description\":\"SQL文件的编码\",\"sort\":2,\"type\":\"select\",\"config\":{\"dataList\":[{\"text\":\"自动识别\",\"value\":\"\"},{\"text\":\"UTF-8\",\"value\":\"UTF-8\"},{\"text\":\"GBK\",\"value\":\"GBK\"}],\"dataSource\":\"static\"},\"key\":\"encoding\"},{\"mode\":\"input\",\"isRequired\":1,\"defaultValue\":\"0\",\"name\":\"测试运行\",\"description\":\"测试运行，并没有真正执行SQL\",\"sort\":3,\"type\":\"select\",\"config\":{\"dataList\":[{\"text\":\"是\",\"value\":\"1\"},{\"text\":\"否\",\"value\":\"0\"}],\"dataSource\":\"static\"},\"key\":\"dryrun\"},{\"mode\":\"input\",\"isRequired\":1,\"defaultValue\":\"0\",\"name\":\"强制运行\",\"description\":\"不管SQL处于什么状态，重复强制执行SQL文件\",\"sort\":4,\"type\":\"select\",\"config\":{\"dataList\":[{\"text\":\"否\",\"value\":\"0\"},{\"text\":\"是\",\"value\":\"1\"}],\"dataSource\":\"static\"},\"key\":\"force\"},{\"mode\":\"input\",\"isRequired\":1,\"defaultValue\":\"0\",\"name\":\"自动提交\",\"description\":\"SQL执行，每执行一条SQL自动提交\",\"sort\":5,\"type\":\"select\",\"config\":{\"dataList\":[{\"text\":\"否\",\"value\":\"0\"},{\"text\":\"是\",\"value\":\"1\"}],\"dataSource\":\"static\"},\"key\":\"autocommit\"},{\"mode\":\"input\",\"isRequired\":0,\"defaultValue\":\"\",\"name\":\"DB自定义参数\",\"description\":\"数据库执行工具的自定义参数\",\"sort\":6,\"type\":\"text\",\"key\":\"dbargs\"}]}', '2023-03-16 19:54:07.768', NULL, 0);
INSERT INTO `autoexec_tool` VALUES (612792855748610, 'deploy/sqlimport', 1, 'runner_target', 477317977612288, 477321156894720, 'SQL文件导入工具（非自动发布）', 'perl', NULL, NULL, '{\"paramList\":[{\"mode\":\"input\",\"isRequired\":1,\"defaultValue\":\"1\",\"name\":\"显示明细\",\"description\":\"执行日志显示详细信息\",\"sort\":0,\"type\":\"select\",\"config\":{\"dataList\":[{\"text\":\"是\",\"value\":\"1\"},{\"text\":\"否\",\"value\":\"0\"}],\"dataSource\":\"static\"},\"key\":\"verbose\"},{\"mode\":\"input\",\"isRequired\":1,\"defaultValue\":\"\",\"name\":\"目标阶段\",\"description\":\"SQL导入的目标执行阶段\",\"sort\":1,\"type\":\"phase\",\"key\":\"targetphase\"},{\"mode\":\"input\",\"isRequired\":1,\"defaultValue\":\"\",\"name\":\"SQL文件\",\"description\":\"上传到系统的多个SQL文件\",\"sort\":2,\"type\":\"file\",\"key\":\"sqlfilejson\"}]}', '2023-03-16 19:54:07.789', NULL, 0);
INSERT INTO `autoexec_tool` VALUES (612792864137216, 'deploy/dpsqlexec', 1, 'sqlfile', 477316643823616, 477403314921472, 'SQL文件自动发布执行', 'perl', NULL, 644823966867457, '{\"paramList\":[{\"mode\":\"input\",\"isRequired\":1,\"defaultValue\":\"1\",\"name\":\"显示明细\",\"description\":\"执行日志显示详细信息\",\"sort\":0,\"type\":\"select\",\"config\":{\"dataList\":[{\"text\":\"是\",\"value\":\"1\"},{\"text\":\"否\",\"value\":\"0\"}],\"dataSource\":\"static\"},\"key\":\"verbose\"},{\"mode\":\"input\",\"isRequired\":1,\"defaultValue\":\"1\",\"name\":\"最大并行\",\"description\":\"可以同时运行的SQL的最大并行运行数量\",\"sort\":1,\"type\":\"text\",\"key\":\"maxparallel\"},{\"mode\":\"input\",\"isRequired\":1,\"defaultValue\":\"sql.extnames\",\"name\":\"扩展名\",\"description\":\"逗号相隔的SQL扩展名，例如：sql,prc,pck,pkg,pkgh,pkgb\",\"mappingMode\":\"globalparam\",\"sort\":2,\"type\":\"text\",\"key\":\"extnames\"},{\"mode\":\"input\",\"isRequired\":1,\"defaultValue\":\"0\",\"name\":\"测试运行\",\"description\":\"测试运行，并没有真正执行SQL\",\"sort\":3,\"type\":\"select\",\"config\":{\"dataList\":[{\"text\":\"是\",\"value\":\"1\"},{\"text\":\"否\",\"value\":\"0\"}],\"dataSource\":\"static\"},\"key\":\"dryrun\"},{\"mode\":\"input\",\"isRequired\":1,\"defaultValue\":\"0\",\"name\":\"强制运行\",\"description\":\"不管SQL处于什么状态，重复强制执行SQL文件\",\"sort\":4,\"type\":\"select\",\"config\":{\"dataList\":[{\"text\":\"否\",\"value\":\"0\"},{\"text\":\"是\",\"value\":\"1\"}],\"dataSource\":\"static\"},\"key\":\"force\"},{\"mode\":\"input\",\"isRequired\":1,\"defaultValue\":\"0\",\"name\":\"自动提交\",\"description\":\"SQL执行，每执行一条SQL自动提交\",\"sort\":5,\"type\":\"select\",\"config\":{\"dataList\":[{\"text\":\"否\",\"value\":\"0\"},{\"text\":\"是\",\"value\":\"1\"}],\"dataSource\":\"static\"},\"key\":\"autocommit\"},{\"mode\":\"input\",\"isRequired\":1,\"defaultValue\":\"0\",\"name\":\"回退\",\"description\":\"检入回退用的SQL脚本\",\"sort\":6,\"type\":\"select\",\"config\":{\"dataList\":[{\"text\":\"是\",\"value\":\"1\"},{\"text\":\"否\",\"value\":\"0\"}],\"dataSource\":\"static\"},\"key\":\"rollback\"},{\"mode\":\"input\",\"isRequired\":0,\"defaultValue\":\"\",\"name\":\"目录过滤\",\"description\":\"只检入文件名匹配filter的文件，例如：after或before（留空，检入所有）\",\"sort\":7,\"type\":\"text\",\"key\":\"filter\"},{\"mode\":\"input\",\"isRequired\":0,\"defaultValue\":\"index.txt\",\"name\":\"SQL顺序文件\",\"description\":\"SQL文件执行顺序索引文件名或Pattern（留空，按照文件名顺序执行）\",\"sort\":8,\"type\":\"text\",\"key\":\"index\"}]}', '2023-03-16 19:54:07.731', NULL, 0);
INSERT INTO `autoexec_tool` VALUES (612792864137217, 'deploy/dpsqlimport', 1, 'runner', 477317977612288, 477321156894720, '自动发布SQL文件检查并导入', 'perl', NULL, 644823966867457, '{\"paramList\":[{\"mode\":\"input\",\"isRequired\":1,\"defaultValue\":\"1\",\"name\":\"显示明细\",\"description\":\"执行日志显示详细信息\",\"sort\":0,\"type\":\"select\",\"config\":{\"dataList\":[{\"text\":\"是\",\"value\":\"1\"},{\"text\":\"否\",\"value\":\"0\"}],\"dataSource\":\"static\"},\"key\":\"verbose\"},{\"mode\":\"input\",\"isRequired\":1,\"defaultValue\":\"执行SQL\",\"name\":\"执行阶段\",\"description\":\"SQL执行的阶段\",\"sort\":1,\"type\":\"phase\",\"key\":\"targetphase\"},{\"mode\":\"input\",\"isRequired\":1,\"defaultValue\":\"回退SQL\",\"name\":\"回退阶段\",\"description\":\"SQL回退执行的阶段\",\"sort\":2,\"type\":\"phase\",\"key\":\"rbtargetphase\"},{\"mode\":\"input\",\"isRequired\":1,\"defaultValue\":\"0\",\"name\":\"回退\",\"description\":\"检入回退用的SQL脚本\",\"sort\":3,\"type\":\"select\",\"config\":{\"dataList\":[{\"text\":\"是\",\"value\":\"1\"},{\"text\":\"否\",\"value\":\"0\"}],\"dataSource\":\"static\"},\"key\":\"rollback\"},{\"mode\":\"input\",\"isRequired\":1,\"defaultValue\":\"sql.extnames\",\"name\":\"SQL扩展名\",\"description\":\"SQL文件的扩展名, 默认: sql,exp,imp,prc,pck,pkg,pkgh,pkgb\",\"mappingMode\":\"globalparam\",\"sort\":4,\"type\":\"text\",\"key\":\"extnames\"},{\"mode\":\"input\",\"isRequired\":0,\"defaultValue\":\"\",\"name\":\"目录过滤\",\"description\":\"只检入文件名匹配filter的文件，例如：after或before（留空，检入所有）\",\"sort\":5,\"type\":\"text\",\"key\":\"filter\"},{\"mode\":\"input\",\"isRequired\":0,\"defaultValue\":\"\",\"name\":\"SQL顺序文件\",\"description\":\"SQL文件执行顺序索引文件名或Pattern（留空，按照文件名顺序执行）\",\"sort\":6,\"type\":\"text\",\"key\":\"index\"}]}', '2023-03-16 19:54:07.747', NULL, 0);
INSERT INTO `autoexec_tool` VALUES (622901128388608, 'deploy/as400exec', 1, 'runner_target', 477317977612288, 477321156894720, 'SSH通过Expect执行命令', 'perl', NULL, NULL, '{\"argument\":{\"argumentCount\":0,\"defaultValue\":\"\",\"description\":\"命令内容\",\"id\":848588917497921,\"isRequired\":1,\"mappingMode\":\"constant\",\"mappingModeText\":\"常量\",\"mode\":\"input\",\"name\":\"命令\",\"type\":\"text\",\"typeText\":\"文本\",\"validate\":\"\"},\"paramList\":[{\"mode\":\"input\",\"isRequired\":1,\"defaultValue\":\"1\",\"name\":\"显示明细\",\"description\":\"执行日志显示详细信息\",\"sort\":0,\"type\":\"select\",\"config\":{\"dataList\":[{\"text\":\"是\",\"value\":\"1\"},{\"text\":\"否\",\"value\":\"0\"}],\"dataSource\":\"static\"},\"key\":\"verbose\"},{\"mode\":\"input\",\"isRequired\":1,\"defaultValue\":\"USRLIB\",\"name\":\"AS400LIB\",\"description\":\"AS400的LIB名称, 多个逗号相隔, 例如: USRLIB,SYSLIB\",\"sort\":1,\"type\":\"text\",\"key\":\"libs\"},{\"mode\":\"input\",\"isRequired\":1,\"defaultValue\":\"1208\",\"name\":\"字符集\",\"description\":\"远端OS的字符集\",\"sort\":2,\"type\":\"select\",\"config\":{\"dataList\":[{\"text\":\"UTF-8\",\"value\":\"1208\"},{\"text\":\"GBK\",\"value\":\"1386\"}],\"dataSource\":\"static\"},\"key\":\"ccsid\"}]}', '2023-03-16 19:54:07.686', NULL, 0);
INSERT INTO `autoexec_tool` VALUES (622901128388610, 'deploy/deploykelan', 1, 'runner', 477317977612288, 477321156894720, '发布版本目录中的osgi包', 'perl', NULL, NULL, '{\"paramList\":[{\"mode\":\"input\",\"isRequired\":1,\"defaultValue\":\"\",\"name\":\"管理URL\",\"description\":\"科蓝管理控制台URL\",\"sort\":0,\"type\":\"text\",\"key\":\"console\"},{\"mode\":\"input\",\"isRequired\":1,\"defaultValue\":\"\",\"name\":\"用户名\",\"description\":\"访问科蓝管理控制台的用户名\",\"sort\":1,\"type\":\"text\",\"key\":\"user\"},{\"mode\":\"input\",\"isRequired\":1,\"defaultValue\":\"\",\"name\":\"密码\",\"description\":\"访问科蓝管理控制台用户密码\",\"sort\":2,\"type\":\"password\",\"key\":\"password\"},{\"mode\":\"input\",\"isRequired\":0,\"defaultValue\":\"\",\"name\":\"SERVER名\",\"description\":\"科蓝应用的SERVER名\",\"sort\":3,\"type\":\"text\",\"key\":\"servername\"}]}', '2023-03-16 19:54:07.883', NULL, 0);
INSERT INTO `autoexec_tool` VALUES (622901128388611, 'deploy/winexec', 1, 'runner_target', 477317977612288, 477321156894720, '通过WinRM执行远程Windows服务器命令', 'perl', NULL, NULL, '{\"argument\":{\"argumentCount\":1,\"defaultValue\":\"\",\"description\":\"命令行内容\",\"id\":684494692343809,\"isRequired\":1,\"mappingMode\":\"constant\",\"mappingModeText\":\"常量\",\"mode\":\"input\",\"name\":\"命令\",\"type\":\"text\",\"typeText\":\"文本\",\"validate\":\"\"},\"paramList\":[{\"mode\":\"input\",\"isRequired\":1,\"defaultValue\":\"1\",\"name\":\"显示明细\",\"description\":\"执行日志显示详细信息\",\"sort\":0,\"type\":\"select\",\"config\":{\"dataList\":[{\"text\":\"是\",\"value\":\"1\"},{\"text\":\"否\",\"value\":\"0\"}],\"dataSource\":\"static\"},\"key\":\"verbose\"},{\"mode\":\"input\",\"isRequired\":1,\"defaultValue\":\"https\",\"name\":\"协议\",\"description\":\"WinRM使用的协议\",\"sort\":1,\"type\":\"select\",\"config\":{\"dataList\":[{\"text\":\"http\",\"value\":\"http\"},{\"text\":\"https\",\"value\":\"https\"}],\"dataSource\":\"static\"},\"key\":\"protocol\"}]}', '2022-08-02 10:08:43.252', NULL, 0);
INSERT INTO `autoexec_tool` VALUES (622901128388612, 'deploy/sshexp', 1, 'runner_target', 477317977612288, 477321156894720, 'SSH通过Expect执行命令', 'perl', NULL, NULL, '{\"argument\":{\"argumentCount\":0,\"defaultValue\":\"\",\"description\":\"命令行内容\",\"id\":848588917497926,\"isRequired\":1,\"mappingMode\":\"constant\",\"mappingModeText\":\"常量\",\"mode\":\"input\",\"name\":\"命令\",\"type\":\"text\",\"typeText\":\"文本\",\"validate\":\"\"},\"paramList\":[{\"mode\":\"input\",\"isRequired\":1,\"defaultValue\":\"1\",\"name\":\"显示明细\",\"description\":\"执行日志显示详细信息\",\"sort\":0,\"type\":\"select\",\"config\":{\"dataList\":[{\"text\":\"是\",\"value\":\"1\"},{\"text\":\"否\",\"value\":\"0\"}],\"dataSource\":\"static\"},\"key\":\"verbose\"},{\"mode\":\"input\",\"isRequired\":0,\"defaultValue\":\"\",\"name\":\"SSH参数\",\"description\":\"特殊需要的SSH参数\",\"sort\":1,\"type\":\"text\",\"key\":\"o\"},{\"mode\":\"input\",\"isRequired\":1,\"defaultValue\":\"15\",\"name\":\"超时时间\",\"description\":\"调用超时时间（秒）\",\"sort\":2,\"type\":\"text\",\"key\":\"timeout\"},{\"mode\":\"input\",\"isRequired\":1,\"defaultValue\":\"UTF-8\",\"name\":\"字符集\",\"description\":\"远端OS的字符集\",\"sort\":3,\"type\":\"select\",\"config\":{\"dataList\":[{\"text\":\"UTF-8\",\"value\":\"UTF-8\"},{\"text\":\"GB18030\",\"value\":\"GB18030\"}],\"dataSource\":\"static\"},\"key\":\"charset\"}]}', '2023-03-16 19:54:07.718', NULL, 0);
INSERT INTO `autoexec_tool` VALUES (622901128388613, 'deploy/wincopy', 1, 'runner_target', 477317977612288, 477321156894720, '通过WinRM拷贝文件或目录到目标Windows服务器', 'perl', NULL, NULL, '{\"argument\":{\"argumentCount\":0,\"defaultValue\":\"\",\"description\":\"最后一个是拷贝的目标文件或目录，类似cp命令\",\"id\":684494692343811,\"isRequired\":1,\"mappingMode\":\"constant\",\"mappingModeText\":\"常量\",\"mode\":\"input\",\"name\":\"文件或目录\",\"type\":\"text\",\"typeText\":\"文本\",\"validate\":\"\"},\"paramList\":[{\"mode\":\"input\",\"isRequired\":1,\"defaultValue\":\"1\",\"name\":\"显示明细\",\"description\":\"执行日志显示详细信息\",\"sort\":0,\"type\":\"select\",\"config\":{\"dataList\":[{\"text\":\"是\",\"value\":\"1\"},{\"text\":\"否\",\"value\":\"0\"}],\"dataSource\":\"static\"},\"key\":\"verbose\"},{\"mode\":\"input\",\"isRequired\":1,\"defaultValue\":\"appdist\",\"name\":\"基础目录\",\"description\":\"相对于应用数据目录的基础目录类别\",\"sort\":1,\"type\":\"select\",\"config\":{\"dataList\":[{\"text\":\"环境制品目录\",\"value\":\"appdist\"},{\"text\":\"DB脚本目录\",\"value\":\"dbscript\"},{\"text\":\"版本制品目录\",\"value\":\"release\"},{\"text\":\"环境镜像制品\",\"value\":\"mirror\"},{\"text\":\"工程目录\",\"value\":\"project\"},{\"text\":\"根目录\",\"value\":\"approot\"}],\"dataSource\":\"static\"},\"key\":\"pdir\"},{\"mode\":\"input\",\"isRequired\":1,\"defaultValue\":\"0\",\"name\":\"当文件存在时才拷贝\",\"description\":\"当本地文件存在时，才执行拷贝\",\"sort\":2,\"type\":\"select\",\"config\":{\"dataList\":[{\"text\":\"是\",\"value\":\"1\"},{\"text\":\"否\",\"value\":\"0\"}],\"dataSource\":\"static\"},\"key\":\"cpifexists\"},{\"mode\":\"input\",\"isRequired\":1,\"defaultValue\":\"0\",\"name\":\"拷贝方向\",\"description\":\"拷贝方向\",\"sort\":3,\"type\":\"select\",\"config\":{\"dataList\":[{\"text\":\"远程到本地\",\"value\":\"1\"},{\"text\":\"本地到远程\",\"value\":\"0\"}],\"dataSource\":\"static\"},\"key\":\"pull\"},{\"mode\":\"input\",\"isRequired\":1,\"defaultValue\":\"https\",\"name\":\"协议\",\"description\":\"WinRM使用的协议\",\"sort\":4,\"type\":\"select\",\"config\":{\"dataList\":[{\"text\":\"http\",\"value\":\"http\"},{\"text\":\"https\",\"value\":\"https\"}],\"dataSource\":\"static\"},\"key\":\"protocol\"}]}', '2022-08-02 10:08:43.300', NULL, 0);
INSERT INTO `autoexec_tool` VALUES (622901128388614, 'deploy/apolloctl', 1, 'runner', 477317977612288, 477321156894720, 'Appolo配置控制', 'perl', NULL, 650507559165954, '{\"paramList\":[{\"mode\":\"input\",\"isRequired\":1,\"defaultValue\":\"1\",\"name\":\"显示明细\",\"description\":\"执行日志显示详细信息\",\"sort\":0,\"type\":\"select\",\"config\":{\"dataList\":[{\"text\":\"是\",\"value\":\"1\"},{\"text\":\"否\",\"value\":\"0\"}],\"dataSource\":\"static\"},\"key\":\"verbose\"},{\"mode\":\"input\",\"isRequired\":1,\"defaultValue\":\"apollo.url\",\"name\":\"接口URL\",\"description\":\"Appollo接口URL地址，例如：https://10.16.185.1\",\"mappingMode\":\"globalparam\",\"sort\":1,\"type\":\"text\",\"key\":\"baseurl\"},{\"mode\":\"input\",\"isRequired\":1,\"defaultValue\":\"apollo.token\",\"name\":\"验证令牌\",\"description\":\"访问Appolo接口的访问令牌\",\"mappingMode\":\"globalparam\",\"sort\":2,\"type\":\"password\",\"key\":\"token\"},{\"mode\":\"input\",\"isRequired\":1,\"defaultValue\":\"$ENV_NAME\",\"name\":\"Apollo环境名\",\"description\":\"要操控的Apollo环境名\",\"sort\":3,\"type\":\"text\",\"key\":\"env\"},{\"mode\":\"input\",\"isRequired\":1,\"defaultValue\":\"\",\"name\":\"Apollo应用ID\",\"description\":\"应用在Apollo中的ID\",\"sort\":4,\"type\":\"text\",\"key\":\"appid\"},{\"mode\":\"input\",\"isRequired\":1,\"defaultValue\":\"\",\"name\":\"Apollo Cluster名\",\"description\":\"Appolo Cluster名称\",\"sort\":5,\"type\":\"text\",\"key\":\"cluster\"},{\"mode\":\"input\",\"isRequired\":1,\"defaultValue\":\"\",\"name\":\"Apollo NameSpace名\",\"description\":\"Appolo NameSpace名称\",\"sort\":6,\"type\":\"text\",\"key\":\"namespace\"},{\"mode\":\"input\",\"isRequired\":1,\"defaultValue\":\"\",\"name\":\"操作人\",\"description\":\"更新操作的Appolo用户（用于记录操作历史）\",\"sort\":7,\"type\":\"text\",\"key\":\"operator\"}]}', '2023-03-16 19:54:07.642', NULL, 0);
INSERT INTO `autoexec_tool` VALUES (622901128388615, 'deploy/tagenvver', 1, 'runner', 477317977612288, 477321156894720, '标记环境的版本号', 'perl', NULL, NULL, '{\"paramList\":[{\"mode\":\"input\",\"isRequired\":1,\"defaultValue\":\"0\",\"name\":\"是否回退\",\"description\":\"是否回退已经标记好的版本号到上一个版本\",\"sort\":0,\"type\":\"select\",\"config\":{\"dataList\":[{\"text\":\"是\",\"value\":\"1\"},{\"text\":\"否\",\"value\":\"0\"}],\"dataSource\":\"static\"},\"key\":\"rollback\"}]}', '2023-03-16 19:54:07.666', NULL, 0);
INSERT INTO `autoexec_tool` VALUES (622901128388616, 'deploy/sshexec', 1, 'runner_target', 477317977612288, 477321156894720, 'SSH执行远程命令', 'perl', NULL, NULL, '{\"argument\":{\"argumentCount\":1,\"defaultValue\":\"\",\"description\":\"命令行内容\",\"id\":684494692343812,\"isRequired\":1,\"mappingMode\":\"constant\",\"mappingModeText\":\"常量\",\"mode\":\"input\",\"name\":\"命令\",\"type\":\"text\",\"typeText\":\"文本\",\"validate\":\"\"},\"paramList\":[{\"mode\":\"input\",\"isRequired\":1,\"defaultValue\":\"1\",\"name\":\"显示明细\",\"description\":\"执行日志显示详细信息\",\"sort\":0,\"type\":\"select\",\"config\":{\"dataList\":[{\"text\":\"是\",\"value\":\"1\"},{\"text\":\"否\",\"value\":\"0\"}],\"dataSource\":\"static\"},\"key\":\"verbose\"},{\"mode\":\"input\",\"isRequired\":0,\"defaultValue\":\"\",\"name\":\"SSH参数\",\"description\":\"特殊需要的SSH参数\",\"sort\":1,\"type\":\"text\",\"key\":\"o\"},{\"mode\":\"input\",\"isRequired\":1,\"defaultValue\":\"15\",\"name\":\"超时时间\",\"description\":\"调用超时时间（秒）\",\"sort\":2,\"type\":\"text\",\"key\":\"timeout\"},{\"mode\":\"input\",\"isRequired\":0,\"defaultValue\":\"\",\"name\":\"结束字串\",\"description\":\"对于不会结束的命令，当输出此字串时，成功并结束执行\",\"sort\":3,\"type\":\"text\",\"key\":\"eofstr\"},{\"mode\":\"input\",\"isRequired\":0,\"defaultValue\":\"\",\"name\":\"失败字串\",\"description\":\"对于不会结束的命令，当输出此字串时，失败并结束执行\",\"sort\":4,\"type\":\"text\",\"key\":\"failstr\"}]}', '2022-08-02 10:08:43.462', NULL, 0);
INSERT INTO `autoexec_tool` VALUES (622901128388617, 'deploy/a10nodectl', 1, 'runner_target', 477317977612288, 477321156894720, 'Disable或Enable负载均衡A10 POOL的节点', 'perl', NULL, 650507559165957, '{\"paramList\":[{\"mode\":\"input\",\"isRequired\":1,\"defaultValue\":\"1\",\"name\":\"显示明细\",\"description\":\"执行日志显示详细信息\",\"sort\":0,\"type\":\"select\",\"config\":{\"dataList\":[{\"text\":\"是\",\"value\":\"1\"},{\"text\":\"否\",\"value\":\"0\"}],\"dataSource\":\"static\"},\"key\":\"verbose\"},{\"mode\":\"input\",\"isRequired\":1,\"defaultValue\":\"\",\"name\":\"接口URL\",\"description\":\"A10接口URL地址，例如：https://10.16.185.1\",\"sort\":1,\"type\":\"text\",\"key\":\"baseurl\"},{\"mode\":\"input\",\"isRequired\":1,\"defaultValue\":\"\",\"name\":\"用户名\",\"description\":\"执行操作的用户名\",\"sort\":2,\"type\":\"text\",\"key\":\"username\"},{\"mode\":\"input\",\"isRequired\":1,\"defaultValue\":\"\",\"name\":\"密码\",\"description\":\"操作用户的密码\",\"sort\":3,\"type\":\"password\",\"key\":\"password\"},{\"mode\":\"input\",\"isRequired\":1,\"defaultValue\":\"\",\"name\":\"POOL名称\",\"description\":\"A10目标POOL名称\",\"sort\":4,\"type\":\"text\",\"key\":\"pool\"},{\"mode\":\"input\",\"isRequired\":1,\"defaultValue\":\"disable\",\"name\":\"操作\",\"description\":\"操作（enable｜disable）\",\"sort\":5,\"type\":\"select\",\"config\":{\"dataList\":[{\"text\":\"Disable\",\"value\":\"disable\"},{\"text\":\"enable\",\"value\":\"enable\"}],\"dataSource\":\"static\"},\"key\":\"action\"}]}', '2023-03-16 19:54:07.958', NULL, 0);
INSERT INTO `autoexec_tool` VALUES (622901128388618, 'deploy/telnetexp', 1, 'runner_target', 477317977612288, 477321156894720, 'TELNET通过Expect执行命令', 'perl', NULL, NULL, '{\"argument\":{\"argumentCount\":0,\"defaultValue\":\"\",\"description\":\"命令行内容\",\"id\":848588925886477,\"isRequired\":1,\"mappingMode\":\"constant\",\"mappingModeText\":\"常量\",\"mode\":\"input\",\"name\":\"命令\",\"type\":\"text\",\"typeText\":\"文本\",\"validate\":\"\"},\"paramList\":[{\"mode\":\"input\",\"isRequired\":1,\"defaultValue\":\"1\",\"name\":\"显示明细\",\"description\":\"执行日志显示详细信息\",\"sort\":0,\"type\":\"select\",\"config\":{\"dataList\":[{\"text\":\"是\",\"value\":\"1\"},{\"text\":\"否\",\"value\":\"0\"}],\"dataSource\":\"static\"},\"key\":\"verbose\"},{\"mode\":\"input\",\"isRequired\":1,\"defaultValue\":\"15\",\"name\":\"超时时间\",\"description\":\"调用超时时间（秒）\",\"sort\":1,\"type\":\"text\",\"key\":\"timeout\"},{\"mode\":\"input\",\"isRequired\":1,\"defaultValue\":\"UTF-8\",\"name\":\"字符集\",\"description\":\"远端OS的字符集\",\"sort\":2,\"type\":\"select\",\"config\":{\"dataList\":[{\"text\":\"UTF-8\",\"value\":\"UTF-8\"},{\"text\":\"GB18030\",\"value\":\"GB18030\"}],\"dataSource\":\"static\"},\"key\":\"charset\"}]}', '2023-03-16 19:54:07.865', NULL, 0);
INSERT INTO `autoexec_tool` VALUES (622901128388619, 'deploy/f5nodectl', 1, 'runner_target', 477317977612288, 477321156894720, 'Disable或Enable负载均衡F5 POOL的节点', 'perl', NULL, 650507559165959, '{\"paramList\":[{\"mode\":\"input\",\"isRequired\":1,\"defaultValue\":\"1\",\"name\":\"显示明细\",\"description\":\"执行日志显示详细信息\",\"sort\":0,\"type\":\"select\",\"config\":{\"dataList\":[{\"text\":\"是\",\"value\":\"1\"},{\"text\":\"否\",\"value\":\"0\"}],\"dataSource\":\"static\"},\"key\":\"verbose\"},{\"mode\":\"input\",\"isRequired\":1,\"defaultValue\":\"\",\"name\":\"接口URL\",\"description\":\"F5接口URL地址，例如：https://10.16.185.1\",\"sort\":1,\"type\":\"text\",\"key\":\"baseurl\"},{\"mode\":\"input\",\"isRequired\":1,\"defaultValue\":\"\",\"name\":\"用户名\",\"description\":\"执行操作的用户名\",\"sort\":2,\"type\":\"text\",\"key\":\"username\"},{\"mode\":\"input\",\"isRequired\":1,\"defaultValue\":\"\",\"name\":\"密码\",\"description\":\"操作用户的密码\",\"sort\":3,\"type\":\"password\",\"key\":\"password\"},{\"mode\":\"input\",\"isRequired\":1,\"defaultValue\":\"\",\"name\":\"POOL名称\",\"description\":\"A10目标POOL名称\",\"sort\":4,\"type\":\"text\",\"key\":\"pool\"},{\"mode\":\"input\",\"isRequired\":1,\"defaultValue\":\"disable\",\"name\":\"操作\",\"description\":\"操作（enable｜disable）\",\"sort\":5,\"type\":\"select\",\"config\":{\"dataList\":[{\"text\":\"Disable\",\"value\":\"disable\"},{\"text\":\"enable\",\"value\":\"enable\"}],\"dataSource\":\"static\"},\"key\":\"action\"},{\"mode\":\"input\",\"isRequired\":1,\"defaultValue\":\"1\",\"name\":\"等待连接断开\",\"description\":\"执行节点disable后，等待分配到该节点的所有connection断开\",\"sort\":6,\"type\":\"select\",\"config\":{\"dataList\":[{\"text\":\"是\",\"value\":\"1\"},{\"text\":\"否\",\"value\":\"0\"}],\"dataSource\":\"static\"},\"key\":\"waitdisconnected\"},{\"mode\":\"input\",\"isRequired\":1,\"defaultValue\":\"15\",\"name\":\"超时\",\"description\":\"调用超时时间（秒）\",\"sort\":7,\"type\":\"text\",\"key\":\"timeout\"}]}', '2023-03-16 19:54:07.914', NULL, 0);
INSERT INTO `autoexec_tool` VALUES (622901128388620, 'deploy/insconfirm', 1, 'runner_target', 477317977612288, 477321156894720, '基于不同环境配置的配置，对环境制品里的配置模版进行自动修改', 'perl', NULL, NULL, '{\"argument\":{\"argumentCount\":0,\"defaultValue\":\"\",\"description\":\"实例名称，一个或多个\",\"id\":848588925886491,\"isRequired\":1,\"mappingMode\":\"constant\",\"mappingModeText\":\"常量\",\"mode\":\"input\",\"name\":\"实例名称\",\"type\":\"text\",\"typeText\":\"文本\",\"validate\":\"\"}}', '2023-03-16 19:54:07.976', NULL, 0);
INSERT INTO `autoexec_tool` VALUES (622901128388621, 'deploy/tagentexec', 1, 'runner_target', 477317977612288, 477321156894720, '通过Tagent执行远程命令', 'perl', NULL, NULL, '{\"argument\":{\"argumentCount\":1,\"defaultValue\":\"\",\"description\":\"命令行内容\",\"id\":684494692343817,\"isRequired\":1,\"mappingMode\":\"constant\",\"mappingModeText\":\"常量\",\"mode\":\"input\",\"name\":\"命令\",\"type\":\"text\",\"typeText\":\"文本\",\"validate\":\"\"},\"paramList\":[{\"mode\":\"input\",\"isRequired\":1,\"defaultValue\":\"1\",\"name\":\"显示明细\",\"description\":\"执行日志显示详细信息\",\"sort\":0,\"type\":\"select\",\"config\":{\"dataList\":[{\"text\":\"是\",\"value\":\"1\"},{\"text\":\"否\",\"value\":\"0\"}],\"dataSource\":\"static\"},\"key\":\"verbose\"},{\"mode\":\"input\",\"isRequired\":1,\"defaultValue\":\"15\",\"name\":\"超时时间\",\"description\":\"调用超时时间（秒）\",\"sort\":1,\"type\":\"text\",\"key\":\"timeout\"},{\"mode\":\"input\",\"isRequired\":0,\"defaultValue\":\"\",\"name\":\"结束字串\",\"description\":\"对于不会结束的命令，当输出此字串时，成功并结束执行\",\"sort\":2,\"type\":\"text\",\"key\":\"eofstr\"},{\"mode\":\"input\",\"isRequired\":1,\"defaultValue\":\"0\",\"name\":\"异步执行\",\"description\":\"异步执行，不等待执行结束\",\"sort\":3,\"type\":\"select\",\"config\":{\"dataList\":[{\"text\":\"是\",\"value\":\"1\"},{\"text\":\"否\",\"value\":\"0\"}],\"dataSource\":\"static\"},\"key\":\"async\"},{\"mode\":\"input\",\"isRequired\":0,\"defaultValue\":\"\",\"name\":\"服务端字符集\",\"description\":\"指定服务端的执行字符集\",\"sort\":4,\"type\":\"select\",\"config\":{\"dataList\":[{\"text\":\"自动\",\"value\":\"\"},{\"text\":\"en_US.UTF-8\",\"value\":\"en_US.UTF-8\"},{\"text\":\"zh_CN.GBK\",\"value\":\"zh_CN.GBK\"}],\"dataSource\":\"static\"},\"key\":\"destencoding\"}]}', '2022-08-02 10:08:43.655', NULL, 0);
INSERT INTO `autoexec_tool` VALUES (622901128388622, 'deploy/tagentcopy', 1, 'runner_target', 477317977612288, 477321156894720, '通过Tagent拷贝文件或目录', 'perl', NULL, NULL, '{\"argument\":{\"argumentCount\":0,\"defaultValue\":\"\",\"description\":\"最后一个是拷贝的目标文件或目录，类似cp命令\",\"id\":848588925886488,\"isRequired\":1,\"mappingMode\":\"constant\",\"mappingModeText\":\"常量\",\"mode\":\"input\",\"name\":\"文件或目录\",\"type\":\"text\",\"typeText\":\"文本\",\"validate\":\"\"},\"paramList\":[{\"mode\":\"input\",\"isRequired\":1,\"defaultValue\":\"1\",\"name\":\"显示明细\",\"description\":\"执行日志显示详细信息\",\"sort\":0,\"type\":\"select\",\"config\":{\"dataList\":[{\"text\":\"是\",\"value\":\"1\"},{\"text\":\"否\",\"value\":\"0\"}],\"dataSource\":\"static\"},\"key\":\"verbose\"},{\"mode\":\"input\",\"isRequired\":1,\"defaultValue\":\"appdist\",\"name\":\"基础目录\",\"description\":\"相对于应用数据目录的基础目录类别\",\"sort\":1,\"type\":\"select\",\"config\":{\"dataList\":[{\"text\":\"环境制品目录\",\"value\":\"appdist\"},{\"text\":\"DB脚本目录\",\"value\":\"dbscript\"},{\"text\":\"版本制品目录\",\"value\":\"release\"},{\"text\":\"环境镜像制品\",\"value\":\"mirror\"},{\"text\":\"工程目录\",\"value\":\"project\"},{\"text\":\"根目录\",\"value\":\"approot\"}],\"dataSource\":\"static\"},\"key\":\"pdir\"},{\"mode\":\"input\",\"isRequired\":1,\"defaultValue\":\"0\",\"name\":\"当文件存在时才拷贝\",\"description\":\"当本地文件存在时，才执行拷贝\",\"sort\":2,\"type\":\"select\",\"config\":{\"dataList\":[{\"text\":\"是\",\"value\":\"1\"},{\"text\":\"否\",\"value\":\"0\"}],\"dataSource\":\"static\"},\"key\":\"cpifexists\"},{\"mode\":\"input\",\"isRequired\":1,\"defaultValue\":\"0\",\"name\":\"拷贝方向\",\"description\":\"拷贝方向\",\"sort\":3,\"type\":\"select\",\"config\":{\"dataList\":[{\"text\":\"远程到本地\",\"value\":\"1\"},{\"text\":\"本地到远程\",\"value\":\"0\"}],\"dataSource\":\"static\"},\"key\":\"pull\"},{\"mode\":\"input\",\"isRequired\":1,\"defaultValue\":\"0\",\"name\":\"FollowLinks\",\"description\":\"把软连接当作普通目录文件\",\"sort\":4,\"type\":\"select\",\"config\":{\"dataList\":[{\"text\":\"是\",\"value\":\"1\"},{\"text\":\"否\",\"value\":\"0\"}],\"dataSource\":\"static\"},\"key\":\"followlinks\"},{\"mode\":\"input\",\"isRequired\":1,\"defaultValue\":\"0\",\"name\":\"保留权限属性\",\"description\":\"同时拷贝文件的属性和权限\",\"sort\":5,\"type\":\"select\",\"config\":{\"dataList\":[{\"text\":\"是\",\"value\":\"1\"},{\"text\":\"否\",\"value\":\"0\"}],\"dataSource\":\"static\"},\"key\":\"np\"},{\"mode\":\"input\",\"isRequired\":0,\"defaultValue\":\"\",\"name\":\"排除目录\",\"description\":\"排除子目录，逗号相隔，不对这些子目录进行同步\",\"sort\":6,\"type\":\"text\",\"key\":\"exp\"}]}', '2023-03-16 19:54:07.946', NULL, 0);
INSERT INTO `autoexec_tool` VALUES (622901128388623, 'deploy/ftpexp', 1, 'runner_target', 477317977612288, 477321156894720, 'FTP通过Expect执行命令', 'perl', NULL, NULL, '{\"argument\":{\"argumentCount\":0,\"defaultValue\":\"\",\"description\":\"命令行内容\",\"id\":848588925886485,\"isRequired\":1,\"mappingMode\":\"constant\",\"mappingModeText\":\"常量\",\"mode\":\"input\",\"name\":\"命令\",\"type\":\"text\",\"typeText\":\"文本\",\"validate\":\"\"},\"paramList\":[{\"mode\":\"input\",\"isRequired\":1,\"defaultValue\":\"1\",\"name\":\"显示明细\",\"description\":\"执行日志显示详细信息\",\"sort\":0,\"type\":\"select\",\"config\":{\"dataList\":[{\"text\":\"是\",\"value\":\"1\"},{\"text\":\"否\",\"value\":\"0\"}],\"dataSource\":\"static\"},\"key\":\"verbose\"},{\"mode\":\"input\",\"isRequired\":1,\"defaultValue\":\"15\",\"name\":\"超时时间\",\"description\":\"调用超时时间（秒）\",\"sort\":1,\"type\":\"text\",\"key\":\"timeout\"}]}', '2023-03-16 19:54:07.924', NULL, 0);
INSERT INTO `autoexec_tool` VALUES (622901136777216, 'deploy/k8sctl', 1, 'runner', 477317977612288, 477321156894720, 'K8S应用的部署', 'perl', 756392788811776, 650685817085953, '{\"paramList\":[{\"mode\":\"input\",\"isRequired\":1,\"defaultValue\":\"\",\"name\":\"管理IP或域名\",\"description\":\"K8S 管理IP或域名，例如：192.168.99.100\",\"sort\":0,\"type\":\"text\",\"key\":\"host\"},{\"mode\":\"input\",\"isRequired\":1,\"defaultValue\":\"8443\",\"name\":\"API端口\",\"description\":\"K8S API端口，例如:8443\",\"sort\":1,\"type\":\"text\",\"key\":\"apiport\"},{\"mode\":\"input\",\"isRequired\":1,\"defaultValue\":\"30001\",\"name\":\"k8s管理端口\",\"description\":\"K8S 管理端口，例如：30001\",\"sort\":2,\"type\":\"text\",\"key\":\"mgmtport\"},{\"mode\":\"input\",\"isRequired\":1,\"defaultValue\":\"k8s.token\",\"name\":\"验证TOKEN\",\"description\":\"K8S API服务的验证TOKEN\",\"mappingMode\":\"globalparam\",\"sort\":3,\"type\":\"password\",\"key\":\"token\"},{\"mode\":\"input\",\"isRequired\":1,\"defaultValue\":\"patch\",\"name\":\"动作\",\"description\":\"执行的动作\",\"sort\":4,\"type\":\"select\",\"config\":{\"dataList\":[{\"text\":\"更新\",\"value\":\"patch\"},{\"text\":\"回滚\",\"value\":\"rollback\"},{\"text\":\"重启\",\"value\":\"restart\"}],\"dataSource\":\"static\"},\"key\":\"action\"},{\"mode\":\"input\",\"isRequired\":1,\"defaultValue\":\"${SYS_NAME}-${MODULE_NAME}:${ENV_NAME}-${VERSION}\",\"name\":\"镜像\",\"description\":\"镜像在仓库内的相对路径，例如：nginx:1.7.6, 或Library/nginx:1.7.6\",\"sort\":5,\"type\":\"text\",\"key\":\"image\"},{\"mode\":\"input\",\"isRequired\":1,\"defaultValue\":\"${SYS_NAME}-${MODULE_NAME}\",\"name\":\"应用名\",\"description\":\"K8S中定义的应用名\",\"sort\":6,\"type\":\"text\",\"key\":\"name\"},{\"mode\":\"input\",\"isRequired\":1,\"defaultValue\":\"\",\"name\":\"命令空间\",\"description\":\"应用所在的K8S命令空间\",\"sort\":7,\"type\":\"text\",\"key\":\"namespace\"},{\"mode\":\"input\",\"isRequired\":1,\"defaultValue\":\"\",\"name\":\"部署名\",\"description\":\"K8S中定义的deployment名称\",\"sort\":8,\"type\":\"text\",\"key\":\"deployment\"},{\"mode\":\"input\",\"isRequired\":1,\"defaultValue\":\"120\",\"name\":\"超时时间\",\"description\":\"超时时间,循环检查k8s滚动更新pods状态的最大超时时间\",\"sort\":9,\"type\":\"text\",\"config\":{\"validateList\":[{\"name\":\"integer_p\"}]},\"key\":\"timeout\"},{\"mode\":\"output\",\"name\":\"滚动更新数据\",\"description\":\"滚动更新数据\",\"sort\":0,\"type\":\"text\",\"key\":\"k8s_data\"}]}', '2023-03-16 19:54:07.656', NULL, 0);
INSERT INTO `autoexec_tool` VALUES (622901136777217, 'deploy/tarcopy', 1, 'runner_target', 477317977612288, 477321156894720, '通过SCP 把目录Tar到目标服务器', 'perl', NULL, NULL, '{\"argument\":{\"argumentCount\":0,\"defaultValue\":\"\",\"description\":\"最后一个是拷贝的目标文件或目录，类似真实的cp命令\",\"id\":848588925886471,\"isRequired\":1,\"mappingMode\":\"constant\",\"mappingModeText\":\"常量\",\"mode\":\"input\",\"name\":\"文件或目录\",\"type\":\"text\",\"typeText\":\"文本\",\"validate\":\"\"},\"paramList\":[{\"mode\":\"input\",\"isRequired\":1,\"defaultValue\":\"1\",\"name\":\"显示明细\",\"description\":\"执行日志显示详细信息\",\"sort\":0,\"type\":\"select\",\"config\":{\"dataList\":[{\"text\":\"是\",\"value\":\"1\"},{\"text\":\"否\",\"value\":\"0\"}],\"dataSource\":\"static\"},\"key\":\"verbose\"},{\"mode\":\"input\",\"isRequired\":1,\"defaultValue\":\"appdist\",\"name\":\"基础目录\",\"description\":\"相对于应用数据目录的基础目录类别\",\"sort\":1,\"type\":\"select\",\"config\":{\"dataList\":[{\"text\":\"环境制品目录\",\"value\":\"appdist\"},{\"text\":\"DB脚本目录\",\"value\":\"dbscript\"},{\"text\":\"版本制品目录\",\"value\":\"release\"},{\"text\":\"环境镜像制品\",\"value\":\"mirror\"},{\"text\":\"工程目录\",\"value\":\"project\"},{\"text\":\"根目录\",\"value\":\"approot\"}],\"dataSource\":\"static\"},\"key\":\"pdir\"},{\"mode\":\"input\",\"isRequired\":1,\"defaultValue\":\"0\",\"name\":\"当文件存在时才拷贝\",\"description\":\"当本地文件存在时，才执行拷贝\",\"sort\":2,\"type\":\"select\",\"config\":{\"dataList\":[{\"text\":\"是\",\"value\":\"1\"},{\"text\":\"否\",\"value\":\"0\"}],\"dataSource\":\"static\"},\"key\":\"cpifexists\"},{\"mode\":\"input\",\"isRequired\":1,\"defaultValue\":\"0\",\"name\":\"拷贝方向\",\"description\":\"拷贝方向\",\"sort\":3,\"type\":\"select\",\"config\":{\"dataList\":[{\"text\":\"远程到本地\",\"value\":\"1\"},{\"text\":\"本地到远程\",\"value\":\"0\"}],\"dataSource\":\"static\"},\"key\":\"pull\"},{\"mode\":\"input\",\"isRequired\":1,\"defaultValue\":\"0\",\"name\":\"FollowLinks\",\"description\":\"把软连接当作普通目录文件\",\"sort\":4,\"type\":\"select\",\"config\":{\"dataList\":[{\"text\":\"是\",\"value\":\"1\"},{\"text\":\"否\",\"value\":\"0\"}],\"dataSource\":\"static\"},\"key\":\"followlinks\"}]}', '2023-03-16 19:54:07.836', NULL, 0);
INSERT INTO `autoexec_tool` VALUES (622901136777218, 'deploy/sync2remote', 1, 'runner_target', 477317977612288, 477321156894720, '同步本地环境制品到远程服务器上', 'perl', NULL, 650507559165962, '{\"paramList\":[{\"mode\":\"input\",\"isRequired\":1,\"defaultValue\":\"1\",\"name\":\"显示明细\",\"description\":\"执行日志显示详细信息\",\"sort\":0,\"type\":\"select\",\"config\":{\"dataList\":[{\"text\":\"是\",\"value\":\"1\"},{\"text\":\"否\",\"value\":\"0\"}],\"dataSource\":\"static\"},\"key\":\"verbose\"},{\"mode\":\"input\",\"isRequired\":1,\"defaultValue\":\"unix\",\"name\":\"OS类型\",\"description\":\"操作系统类型\",\"sort\":1,\"type\":\"select\",\"config\":{\"dataList\":[{\"text\":\"Unix｜Linux\",\"value\":\"unix\"},{\"text\":\"Windows\",\"value\":\"windows\"}],\"dataSource\":\"static\"},\"key\":\"ostype\"},{\"mode\":\"input\",\"isRequired\":1,\"defaultValue\":\"appdist\",\"name\":\"基础目录\",\"description\":\"相对于应用数据目录的基础目录类别\",\"sort\":2,\"type\":\"select\",\"config\":{\"dataList\":[{\"text\":\"环境制品目录\",\"value\":\"appdist\"},{\"text\":\"DB脚本目录\",\"value\":\"dbscript\"},{\"text\":\"版本制品目录\",\"value\":\"release\"},{\"text\":\"环境镜像制品\",\"value\":\"mirror\"},{\"text\":\"工程目录\",\"value\":\"project\"},{\"text\":\"根目录\",\"value\":\"approot\"}],\"dataSource\":\"static\"},\"key\":\"pdir\"},{\"mode\":\"input\",\"isRequired\":1,\"defaultValue\":\"0\",\"name\":\"删除多出内容\",\"description\":\"删除目标目录多出的文件或子目录\",\"sort\":3,\"type\":\"select\",\"config\":{\"dataList\":[{\"text\":\"是\",\"value\":\"0\"},{\"text\":\"否\",\"value\":\"1\"}],\"dataSource\":\"static\"},\"key\":\"nodelete\"},{\"mode\":\"input\",\"isRequired\":1,\"defaultValue\":\"0\",\"name\":\"同步文件权限\",\"description\":\"把源目录下的文件和子目录的权限同步到目标目录\",\"sort\":4,\"type\":\"select\",\"config\":{\"dataList\":[{\"text\":\"是\",\"value\":\"0\"},{\"text\":\"否\",\"value\":\"1\"}],\"dataSource\":\"static\"},\"key\":\"noattrs\"},{\"mode\":\"input\",\"isRequired\":1,\"defaultValue\":\"0\",\"name\":\"FollowLinks\",\"description\":\"把软连接当作普通目录文件\",\"sort\":5,\"type\":\"select\",\"config\":{\"dataList\":[{\"text\":\"是\",\"value\":\"1\"},{\"text\":\"否\",\"value\":\"0\"}],\"dataSource\":\"static\"},\"key\":\"followlinks\"},{\"mode\":\"input\",\"isRequired\":1,\"defaultValue\":\"0\",\"name\":\"加执行权限\",\"description\":\"对新增的文件，主动赋予执行权限\",\"sort\":6,\"type\":\"select\",\"config\":{\"dataList\":[{\"text\":\"是\",\"value\":\"1\"},{\"text\":\"否\",\"value\":\"0\"}],\"dataSource\":\"static\"},\"key\":\"addexecfornewfile\"},{\"mode\":\"input\",\"isRequired\":1,\"defaultValue\":\"0\",\"name\":\"拷贝方式\",\"description\":\"拷贝方向\",\"sort\":7,\"type\":\"select\",\"config\":{\"dataList\":[{\"text\":\"远程拷贝到本地\",\"value\":\"1\"},{\"text\":\"本地拷贝到远程\",\"value\":\"0\"}],\"dataSource\":\"static\"},\"key\":\"pull\"},{\"mode\":\"input\",\"isRequired\":0,\"defaultValue\":\"\",\"name\":\"排除目录\",\"description\":\"排除子目录，逗号相隔，不对这些子目录进行同步\",\"sort\":8,\"type\":\"text\",\"key\":\"exp\"},{\"mode\":\"input\",\"isRequired\":0,\"defaultValue\":\"\",\"name\":\"源目录\",\"description\":\"同步的源目录（相对于当前系统存储物料的根目录）\",\"sort\":9,\"type\":\"text\",\"key\":\"src\"},{\"mode\":\"input\",\"isRequired\":1,\"defaultValue\":\"\",\"name\":\"目标目录\",\"description\":\"同步的目标目录（相对于当前系统存储物料的根目录）\",\"sort\":10,\"type\":\"text\",\"key\":\"dest\"}]}', '2023-03-16 19:54:07.936', NULL, 0);
INSERT INTO `autoexec_tool` VALUES (622901136777219, 'deploy/checksvc', 1, 'runner', 477317977612288, 477321156894720, '对TCP或URL进行可用性检查', 'perl', NULL, NULL, '{\"argument\":{\"argumentCount\":0,\"defaultValue\":\"\",\"description\":\"IP:PORT或者URL(http://xxxxx)\",\"id\":848588925886479,\"isRequired\":1,\"mappingMode\":\"constant\",\"mappingModeText\":\"常量\",\"mode\":\"input\",\"name\":\"需检测服务\",\"type\":\"text\",\"typeText\":\"文本\",\"validate\":\"\"},\"paramList\":[{\"mode\":\"input\",\"isRequired\":1,\"defaultValue\":\"1\",\"name\":\"显示明细\",\"description\":\"执行日志显示详细信息\",\"sort\":0,\"type\":\"select\",\"config\":{\"dataList\":[{\"text\":\"是\",\"value\":\"1\"},{\"text\":\"否\",\"value\":\"0\"}],\"dataSource\":\"static\"},\"key\":\"verbose\"},{\"mode\":\"input\",\"isRequired\":1,\"defaultValue\":\"300\",\"name\":\"超时(秒)\",\"description\":\"检测超时秒数\",\"sort\":1,\"type\":\"text\",\"key\":\"timeout\"},{\"mode\":\"input\",\"isRequired\":0,\"defaultValue\":\"\",\"name\":\"网页关键字\",\"description\":\"等到URL返回的内容中包含关键字才结束检测\",\"sort\":2,\"type\":\"text\",\"key\":\"keyword\"}]}', '2023-03-16 19:54:07.874', NULL, 0);
INSERT INTO `autoexec_tool` VALUES (622901136777220, 'deploy/as400exp', 1, 'runner_target', 477317977612288, 477321156894720, 'SSH通过Expect执行命令', 'perl', NULL, NULL, '{\"argument\":{\"argumentCount\":0,\"defaultValue\":\"\",\"description\":\"命令内容\",\"id\":848588925886473,\"isRequired\":1,\"mappingMode\":\"constant\",\"mappingModeText\":\"常量\",\"mode\":\"input\",\"name\":\"命令\",\"type\":\"text\",\"typeText\":\"文本\",\"validate\":\"\"},\"paramList\":[{\"mode\":\"input\",\"isRequired\":1,\"defaultValue\":\"1\",\"name\":\"显示明细\",\"description\":\"执行日志显示详细信息\",\"sort\":0,\"type\":\"select\",\"config\":{\"dataList\":[{\"text\":\"是\",\"value\":\"1\"},{\"text\":\"否\",\"value\":\"0\"}],\"dataSource\":\"static\"},\"key\":\"verbose\"},{\"mode\":\"input\",\"isRequired\":1,\"defaultValue\":\"USRLIB\",\"name\":\"AS400LIB\",\"description\":\"AS400的LIB名称, 多个逗号相隔, 例如: USRLIB,SYSLIB\",\"sort\":1,\"type\":\"text\",\"key\":\"libs\"},{\"mode\":\"input\",\"isRequired\":1,\"defaultValue\":\"1208\",\"name\":\"字符集\",\"description\":\"远端OS的字符集\",\"sort\":2,\"type\":\"select\",\"config\":{\"dataList\":[{\"text\":\"UTF-8\",\"value\":\"1208\"},{\"text\":\"GBK\",\"value\":\"1386\"}],\"dataSource\":\"static\"},\"key\":\"ccsid\"},{\"mode\":\"input\",\"isRequired\":1,\"defaultValue\":\"15\",\"name\":\"超时时间\",\"description\":\"调用超时时间（秒）\",\"sort\":3,\"type\":\"text\",\"key\":\"timeout\"}]}', '2023-03-16 19:54:07.846', NULL, 0);
INSERT INTO `autoexec_tool` VALUES (622901136777221, 'deploy/syncmirror2remote', 1, 'runner_target', 477317977612288, 477321156894720, '同步本地环境镜像制品到远程服务器上', 'perl', NULL, 650507559165962, '{\"argument\":{\"argumentCount\":0,\"defaultValue\":\"\",\"description\":\"最后一个是拷贝的目标文件或目录，类似真实的scp命令\",\"isRequired\":1,\"mappingMode\":\"constant\",\"mappingModeText\":\"常量\",\"mode\":\"input\",\"name\":\"文件或目录\",\"type\":\"text\",\"typeText\":\"文本\",\"validate\":\"\"},\"paramList\":[{\"mode\":\"input\",\"isRequired\":1,\"defaultValue\":\"1\",\"name\":\"显示明细\",\"description\":\"执行日志显示详细信息\",\"sort\":0,\"type\":\"radio\",\"config\":{\"dataList\":[{\"text\":\"是\",\"value\":\"1\"},{\"text\":\"否\",\"value\":\"0\"}],\"dataSource\":\"static\"},\"key\":\"verbose\"},{\"mode\":\"input\",\"isRequired\":1,\"defaultValue\":\"windows\",\"name\":\"OS类型\",\"description\":\"操作系统类型\",\"sort\":1,\"type\":\"select\",\"config\":{\"dataList\":[{\"text\":\"Unix｜Linux\",\"value\":\"unix\"},{\"text\":\"Windows\",\"value\":\"windows\"}],\"dataSource\":\"static\"},\"key\":\"ostype\"},{\"mode\":\"input\",\"isRequired\":1,\"defaultValue\":\"agentless\",\"name\":\"Agent类型\",\"description\":\"Agent的类型\",\"sort\":2,\"type\":\"select\",\"config\":{\"dataList\":[{\"text\":\"无Agent\",\"value\":\"agentless\"},{\"text\":\"Tagent\",\"value\":\"tagent\"}],\"dataSource\":\"static\"},\"key\":\"agenttype\"},{\"mode\":\"input\",\"isRequired\":1,\"defaultValue\":\"distribute\",\"name\":\"基础目录\",\"description\":\"相对于应用数据目录的基础目录类别\",\"sort\":3,\"type\":\"select\",\"config\":{\"dataList\":[{\"text\":\"环境制品目录\",\"value\":\"distribute\"},{\"text\":\"版本制品目录\",\"value\":\"release\"},{\"text\":\"环境镜像制品\",\"value\":\"mirror\"},{\"text\":\"工程目录\",\"value\":\"project\"},{\"text\":\"根目录\",\"value\":\"approot\"}],\"dataSource\":\"static\"},\"key\":\"pdir\"},{\"mode\":\"input\",\"isRequired\":1,\"defaultValue\":\"0\",\"name\":\"删除多出内容\",\"description\":\"删除目标目录多出的文件或子目录\",\"sort\":4,\"type\":\"radio\",\"config\":{\"dataList\":[{\"text\":\"是\",\"value\":\"0\"},{\"text\":\"否\",\"value\":\"1\"}],\"dataSource\":\"static\"},\"key\":\"nodelete\"},{\"mode\":\"input\",\"isRequired\":1,\"defaultValue\":\"0\",\"name\":\"同步文件权限\",\"description\":\"把源目录下的文件和子目录的权限同步到目标目录\",\"sort\":5,\"type\":\"radio\",\"config\":{\"dataList\":[{\"text\":\"是\",\"value\":\"0\"},{\"text\":\"否\",\"value\":\"1\"}],\"dataSource\":\"static\"},\"key\":\"noattrs\"},{\"mode\":\"input\",\"isRequired\":1,\"defaultValue\":\"0\",\"name\":\"FollowLinks\",\"description\":\"把软连接当作普通目录文件\",\"sort\":6,\"type\":\"radio\",\"config\":{\"dataList\":[{\"text\":\"是\",\"value\":\"1\"},{\"text\":\"否\",\"value\":\"0\"}],\"dataSource\":\"static\"},\"key\":\"followlinks\"},{\"mode\":\"input\",\"isRequired\":1,\"defaultValue\":\"0\",\"name\":\"加执行权限\",\"description\":\"对新增的文件，主动赋予执行权限\",\"sort\":7,\"type\":\"radio\",\"config\":{\"dataList\":[{\"text\":\"是\",\"value\":\"1\"},{\"text\":\"否\",\"value\":\"0\"}],\"dataSource\":\"static\"},\"key\":\"addexecfornewfile\"},{\"mode\":\"input\",\"isRequired\":1,\"defaultValue\":\"0\",\"name\":\"拷贝方向\",\"description\":\"拷贝方向\",\"sort\":8,\"type\":\"select\",\"config\":{\"dataList\":[{\"text\":\"远程到本地\",\"value\":\"1\"},{\"text\":\"本地到远程\",\"value\":\"0\"}],\"dataSource\":\"static\"},\"key\":\"pull\"},{\"mode\":\"input\",\"isRequired\":0,\"defaultValue\":\"\",\"name\":\"排除目录\",\"description\":\"排除子目录，逗号相隔，不对这些子目录进行同步\",\"sort\":9,\"type\":\"text\",\"key\":\"exp\"},{\"mode\":\"input\",\"isRequired\":1,\"defaultValue\":\"\",\"name\":\"源目录\",\"description\":\"同步的源目录（相对于当前系统存储物料的根目录）\",\"sort\":10,\"type\":\"text\",\"key\":\"src\"},{\"mode\":\"input\",\"isRequired\":1,\"defaultValue\":\"\",\"name\":\"目标目录\",\"description\":\"同步的目标目录（相对于当前系统存储物料的根目录）\",\"sort\":11,\"type\":\"text\",\"key\":\"dest\"}]}', '2022-06-16 18:36:32.896', NULL, 0);
INSERT INTO `autoexec_tool` VALUES (622901136777222, 'deploy/taginsver', 1, 'runner_target', 477317977612288, 477321156894720, '标记实例的版本号', 'perl', NULL, NULL, '{\"paramList\":[{\"mode\":\"input\",\"isRequired\":1,\"defaultValue\":\"0\",\"name\":\"是否回退\",\"description\":\"是否回退已经标记好的版本号到上一个版本\",\"sort\":0,\"type\":\"select\",\"config\":{\"dataList\":[{\"text\":\"是\",\"value\":\"1\"},{\"text\":\"否\",\"value\":\"0\"}],\"dataSource\":\"static\"},\"key\":\"rollback\"}]}', '2023-03-16 19:54:07.677', NULL, 0);
INSERT INTO `autoexec_tool` VALUES (622901136777223, 'deploy/scpexec', 1, 'runner_target', 477317977612288, 477321156894720, '通过SCP拷贝文件或目录', 'perl', NULL, NULL, '{\"argument\":{\"argumentCount\":0,\"defaultValue\":\"\",\"description\":\"最后一个是拷贝的目标文件或目录，类似真实的cp命令\",\"id\":848588925886475,\"isRequired\":1,\"mappingMode\":\"constant\",\"mappingModeText\":\"常量\",\"mode\":\"input\",\"name\":\"文件或目录\",\"type\":\"text\",\"typeText\":\"文本\",\"validate\":\"\"},\"paramList\":[{\"mode\":\"input\",\"isRequired\":1,\"defaultValue\":\"1\",\"name\":\"显示明细\",\"description\":\"执行日志显示详细信息\",\"sort\":0,\"type\":\"select\",\"config\":{\"dataList\":[{\"text\":\"是\",\"value\":\"1\"},{\"text\":\"否\",\"value\":\"0\"}],\"dataSource\":\"static\"},\"key\":\"verbose\"},{\"mode\":\"input\",\"isRequired\":1,\"defaultValue\":\"appdist\",\"name\":\"基础目录\",\"description\":\"相对于应用数据目录的基础目录类别\",\"sort\":1,\"type\":\"select\",\"config\":{\"dataList\":[{\"text\":\"环境制品目录\",\"value\":\"appdist\"},{\"text\":\"DB脚本目录\",\"value\":\"dbscript\"},{\"text\":\"版本制品目录\",\"value\":\"release\"},{\"text\":\"环境镜像制品\",\"value\":\"mirror\"},{\"text\":\"工程目录\",\"value\":\"project\"},{\"text\":\"根目录\",\"value\":\"approot\"}],\"dataSource\":\"static\"},\"key\":\"pdir\"},{\"mode\":\"input\",\"isRequired\":1,\"defaultValue\":\"0\",\"name\":\"当文件存在时才拷贝\",\"description\":\"当本地文件存在时，才执行拷贝\",\"sort\":2,\"type\":\"select\",\"config\":{\"dataList\":[{\"text\":\"是\",\"value\":\"1\"},{\"text\":\"否\",\"value\":\"0\"}],\"dataSource\":\"static\"},\"key\":\"cpifexists\"},{\"mode\":\"input\",\"isRequired\":1,\"defaultValue\":\"0\",\"name\":\"拷贝方向\",\"description\":\"拷贝方向\",\"sort\":3,\"type\":\"select\",\"config\":{\"dataList\":[{\"text\":\"远程拷贝到本地\",\"value\":\"1\"},{\"text\":\"本地拷贝到远程\",\"value\":\"0\"}],\"dataSource\":\"static\"},\"key\":\"pull\"},{\"mode\":\"input\",\"isRequired\":1,\"defaultValue\":\"0\",\"name\":\"保留权限属性\",\"description\":\"同时拷贝文件的属性和权限\",\"sort\":4,\"type\":\"select\",\"config\":{\"dataList\":[{\"text\":\"是\",\"value\":\"1\"},{\"text\":\"否\",\"value\":\"0\"}],\"dataSource\":\"static\"},\"key\":\"np\"}]}', '2023-03-16 19:54:07.856', NULL, 0);
INSERT INTO `autoexec_tool` VALUES (622901136777224, 'build/compilepatch', 1, 'runner', 603593346179072, 477321156894720, '使用代码仓库的diff功能抽取编译后的文件生成补丁', 'perl', NULL, 650507559165963, '{\"paramList\":[{\"mode\":\"input\",\"isRequired\":1,\"defaultValue\":\"1\",\"name\":\"显示明细\",\"description\":\"执行日志显示详细信息\",\"sort\":0,\"type\":\"select\",\"config\":{\"dataList\":[{\"text\":\"是\",\"value\":\"1\"},{\"text\":\"否\",\"value\":\"0\"}],\"dataSource\":\"static\"},\"key\":\"verbose\"},{\"mode\":\"input\",\"isRequired\":1,\"defaultValue\":\"en_US.UTF-8\",\"name\":\"语言\",\"description\":\"工程代码的语言和编码\",\"sort\":1,\"type\":\"select\",\"config\":{\"dataList\":[{\"text\":\"en_US.UTF-8\",\"value\":\"en_US.UTF-8\"},{\"text\":\"en_US.GB18030\",\"value\":\"en_US.GB18030\"}],\"dataSource\":\"static\"},\"key\":\"lang\"},{\"mode\":\"input\",\"isRequired\":1,\"defaultValue\":\"maven\",\"name\":\"编译类型\",\"description\":\"编译类型\",\"sort\":2,\"type\":\"select\",\"config\":{\"dataList\":[{\"text\":\"maven\",\"value\":\"maven\"},{\"text\":\"ant\",\"value\":\"ant\"},{\"text\":\"gradle\",\"value\":\"gradle\"},{\"text\":\"npm\",\"value\":\"npm\"}],\"dataSource\":\"static\"},\"key\":\"type\"},{\"mode\":\"input\",\"isRequired\":0,\"defaultValue\":\"\",\"name\":\"JDK版本\",\"description\":\"JDK版本\",\"sort\":3,\"type\":\"select\",\"config\":{\"dataList\":[{\"text\":\"自动\",\"value\":\"\"},{\"text\":\"jdk1.8\",\"value\":\"jdk1.8\"},{\"text\":\"jdk1.7\",\"value\":\"jdk1.7\"},{\"text\":\"jdk1.6\",\"value\":\"jdk1.6\"},{\"text\":\"jdk1.5\",\"value\":\"jdk1.5\"}],\"dataSource\":\"static\"},\"key\":\"jdk\"},{\"mode\":\"input\",\"isRequired\":0,\"defaultValue\":\"\",\"name\":\"自定义参数\",\"description\":\"编译工具的自定义参数（譬如：ant或mvn的参数）\",\"sort\":4,\"type\":\"text\",\"key\":\"args\"},{\"mode\":\"input\",\"isRequired\":0,\"defaultValue\":\"\",\"name\":\"起始子目录\",\"description\":\"编译配置所在子目录（相对于工程根）\",\"sort\":5,\"type\":\"text\",\"key\":\"startpath\"},{\"mode\":\"input\",\"isRequired\":0,\"defaultValue\":\"\",\"name\":\"基线标签\",\"description\":\"基线的标签，当前代码与它比较抽取（如果是基于Revision，留空）\",\"sort\":6,\"type\":\"text\",\"key\":\"tag4cmpto\"},{\"mode\":\"input\",\"isRequired\":0,\"defaultValue\":\"\",\"name\":\"起始Revision\",\"description\":\"补丁开始的Revision号（如果留空，则根据当前版本的开始Revision号来抽取）\",\"sort\":7,\"type\":\"text\",\"key\":\"startrev\"},{\"mode\":\"input\",\"isRequired\":0,\"defaultValue\":\"\",\"name\":\"结束Revision\",\"description\":\"补丁结束的Revision号（如果留空，则根据当前版本的结束Revision号来抽取）\",\"sort\":8,\"type\":\"text\",\"key\":\"endrev\"},{\"mode\":\"input\",\"isRequired\":1,\"defaultValue\":\"build.diff\",\"name\":\"增量保存目录\",\"description\":\"相对工程根的子目录，用于保存diff出来的文件和目录\",\"sort\":9,\"type\":\"text\",\"key\":\"diffdirname\"},{\"mode\":\"input\",\"isRequired\":1,\"defaultValue\":\"src\",\"name\":\"Java代码目录\",\"description\":\"例如：src,*/src\",\"sort\":10,\"type\":\"text\",\"key\":\"srcpaths\"},{\"mode\":\"input\",\"isRequired\":0,\"defaultValue\":\"src/test\",\"name\":\"测试Java代码目录\",\"description\":\"例如：src/test\",\"sort\":11,\"type\":\"text\",\"key\":\"testsrcpaths\"},{\"mode\":\"input\",\"isRequired\":1,\"defaultValue\":\"src/main/webapp\",\"name\":\"WEB代码目录\",\"description\":\"存放WEB源码的目录，例如：src/main/webapp\",\"sort\":12,\"type\":\"text\",\"key\":\"websrcpath\"},{\"mode\":\"input\",\"isRequired\":1,\"defaultValue\":\"src/main/webapp\",\"name\":\"WEB发布目录\",\"description\":\"WEB文件最终打包的目录，例如：WebContent\",\"sort\":13,\"type\":\"text\",\"key\":\"webdistpath\"},{\"mode\":\"input\",\"isRequired\":1,\"defaultValue\":\"target/webapp/WEB-INF/classes\",\"name\":\"编译输出目录\",\"description\":\"例如：target/webapp/WEB-INF/classes,*/target/webapp/WEB-INF/classes\",\"sort\":14,\"type\":\"text\",\"key\":\"cmpoutpaths\"},{\"mode\":\"input\",\"isRequired\":1,\"defaultValue\":\"0\",\"name\":\"强制编译\",\"description\":\"不管是否有增量修改，都执行编译\",\"sort\":15,\"type\":\"select\",\"config\":{\"dataList\":[{\"text\":\"是\",\"value\":\"1\"},{\"text\":\"否\",\"value\":\"0\"}],\"dataSource\":\"static\"},\"key\":\"forcecompile\"},{\"mode\":\"input\",\"isRequired\":0,\"defaultValue\":\"0\",\"name\":\"是否子模块\",\"description\":\"当前获取的代码仓库是子模块，用于多个代码仓库联合编译的情况\",\"sort\":16,\"type\":\"select\",\"config\":{\"dataList\":[{\"text\":\"否\",\"value\":\"0\"},{\"text\":\"是\",\"value\":\"1\"}],\"dataSource\":\"static\"},\"key\":\"islib\"}]}', '2023-03-16 19:54:07.202', NULL, 0);
INSERT INTO `autoexec_tool` VALUES (622901136777225, 'build/releasekelan', 1, 'runner', 603593346179072, 477321156894720, '从编译目录中抽取文件生成版本制品(科蓝网银)', 'perl', NULL, 650507559165964, '{\"argument\":{\"argumentCount\":0,\"defaultValue\":\"target/*.war\",\"description\":\"不声明则为自动抽取，从工程目录中抽取的文件或目录，例如：target/*.war或者target/*.war:webapp/\",\"id\":848588917497872,\"isRequired\":0,\"mappingMode\":\"constant\",\"mappingModeText\":\"常量\",\"mode\":\"input\",\"name\":\"抽取列表\",\"type\":\"text\",\"typeText\":\"文本\",\"validate\":\"\"},\"paramList\":[{\"mode\":\"input\",\"isRequired\":1,\"defaultValue\":\"1\",\"name\":\"显示明细\",\"description\":\"执行日志显示详细信息\",\"sort\":0,\"type\":\"select\",\"config\":{\"dataList\":[{\"text\":\"是\",\"value\":\"1\"},{\"text\":\"否\",\"value\":\"0\"}],\"dataSource\":\"static\"},\"key\":\"verbose\"},{\"mode\":\"input\",\"isRequired\":0,\"defaultValue\":\"git.user\",\"name\":\"用户名\",\"description\":\"访问仓库的用户名(如GIT使用ssh方式，留空)\",\"mappingMode\":\"globalparam\",\"sort\":1,\"type\":\"text\",\"key\":\"user\"},{\"mode\":\"input\",\"isRequired\":0,\"defaultValue\":\"git.password\",\"name\":\"密码\",\"description\":\"访问仓库的密码(如GIT使用ssh方式，留空)\",\"mappingMode\":\"globalparam\",\"sort\":2,\"type\":\"password\",\"key\":\"password\"},{\"mode\":\"input\",\"isRequired\":0,\"defaultValue\":\"db\",\"name\":\"DB目录\",\"description\":\"存放数据库SQL脚本的子目录（相对于工程目录的相对目录，留空代表：db）\",\"sort\":3,\"type\":\"text\",\"key\":\"dbdir\"},{\"mode\":\"input\",\"isRequired\":0,\"defaultValue\":\"doc\",\"name\":\"DOC目录\",\"description\":\"存放文档的子目录（相对于工程目录的相对目录，留空代表：doc）\",\"sort\":4,\"type\":\"text\",\"key\":\"docdir\"},{\"mode\":\"input\",\"isRequired\":0,\"defaultValue\":\"\",\"name\":\"排除目录\",\"description\":\"排除子目录，逗号相隔，不对这些子目录进行同步\",\"sort\":5,\"type\":\"text\",\"key\":\"exp\"}]}', '2023-03-16 19:54:07.123', NULL, 0);
INSERT INTO `autoexec_tool` VALUES (622901136777226, 'build/rel2env', 1, 'runner', 603593346179072, 477321156894720, '把编译释放出的版本拷贝到对应的环境制品目录', 'perl', NULL, NULL, '{\"paramList\":[{\"mode\":\"input\",\"isRequired\":1,\"defaultValue\":\"1\",\"name\":\"显示明细\",\"description\":\"执行日志显示详细信息\",\"sort\":0,\"type\":\"select\",\"config\":{\"dataList\":[{\"text\":\"是\",\"value\":\"1\"},{\"text\":\"否\",\"value\":\"0\"}],\"dataSource\":\"static\"},\"key\":\"verbose\"}]}', '2023-03-16 19:54:07.459', NULL, 0);
INSERT INTO `autoexec_tool` VALUES (622901136777227, 'build/versync', 1, 'runner', 603593346179072, 477321156894720, '合并基线代码到版本分支（需要在verget后才能使用）', 'perl', NULL, 650507559165964, '{\"paramList\":[{\"mode\":\"input\",\"isRequired\":1,\"defaultValue\":\"1\",\"name\":\"显示明细\",\"description\":\"执行日志显示详细信息\",\"sort\":0,\"type\":\"select\",\"config\":{\"dataList\":[{\"text\":\"是\",\"value\":\"1\"},{\"text\":\"否\",\"value\":\"0\"}],\"dataSource\":\"static\"},\"key\":\"verbose\"},{\"mode\":\"input\",\"isRequired\":1,\"defaultValue\":\"en_US.UTF-8\",\"name\":\"语言\",\"description\":\"工程代码的语言和编码\",\"sort\":1,\"type\":\"select\",\"config\":{\"dataList\":[{\"text\":\"en_US.UTF-8\",\"value\":\"en_US.UTF-8\"},{\"text\":\"en_US.GB18030\",\"value\":\"en_US.GB18030\"}],\"dataSource\":\"static\"},\"key\":\"lang\"},{\"mode\":\"input\",\"isRequired\":0,\"defaultValue\":\"\",\"name\":\"子目录\",\"description\":\"存放代码仓库的子目录，用于多个代码仓库联合编译的情况\",\"sort\":2,\"type\":\"text\",\"key\":\"startpath\"},{\"mode\":\"input\",\"isRequired\":0,\"defaultValue\":\"git.user\",\"name\":\"用户名\",\"description\":\"访问仓库的用户名(如GIT使用ssh方式，留空)\",\"mappingMode\":\"globalparam\",\"sort\":3,\"type\":\"text\",\"key\":\"user\"},{\"mode\":\"input\",\"isRequired\":0,\"defaultValue\":\"git.password\",\"name\":\"密码\",\"description\":\"访问仓库的密码(如GIT使用ssh方式，留空)\",\"mappingMode\":\"globalparam\",\"sort\":4,\"type\":\"password\",\"key\":\"password\"}]}', '2023-03-16 19:54:07.337', NULL, 0);
INSERT INTO `autoexec_tool` VALUES (622901136777228, 'build/findinvalidip', 1, 'runner', 603593346179072, 477321156894720, '检查代码中是否出现非法IP', 'perl', NULL, NULL, '{\"paramList\":[{\"mode\":\"input\",\"isRequired\":1,\"defaultValue\":\"\",\"name\":\"网络ID\",\"description\":\"是否出现定义的网络ID的IP, 例如: 10.10.0.0/16,10.20.0.0/24\",\"sort\":0,\"type\":\"text\",\"key\":\"netblacklist\"},{\"mode\":\"input\",\"isRequired\":1,\"defaultValue\":\"PRD\",\"name\":\"检查环境\",\"description\":\"需要检查的环境, 譬如只需要检查UAT、PRD: UAT,PRD\",\"sort\":1,\"type\":\"text\",\"key\":\"autocfgenvs\"},{\"mode\":\"input\",\"isRequired\":0,\"defaultValue\":\"\",\"name\":\"排除扩展名\",\"description\":\"对指定扩展名的文件不做检查, 例如: dat,xls\",\"sort\":2,\"type\":\"text\",\"key\":\"excludeexts\"}]}', '2023-03-16 19:54:07.111', NULL, 0);
INSERT INTO `autoexec_tool` VALUES (622901136777229, 'build/compileinc', 1, 'runner', 603593346179072, 477321156894720, '使用代码仓库的diff功能抽取增量源代码并编译出补丁', 'perl', NULL, 650507559165963, '{\"paramList\":[{\"mode\":\"input\",\"isRequired\":1,\"defaultValue\":\"1\",\"name\":\"显示明细\",\"description\":\"执行日志显示详细信息\",\"sort\":0,\"type\":\"select\",\"config\":{\"dataList\":[{\"text\":\"是\",\"value\":\"1\"},{\"text\":\"否\",\"value\":\"0\"}],\"dataSource\":\"static\"},\"key\":\"verbose\"},{\"mode\":\"input\",\"isRequired\":1,\"defaultValue\":\"en_US.UTF-8\",\"name\":\"语言\",\"description\":\"工程代码的语言和编码\",\"sort\":1,\"type\":\"select\",\"config\":{\"dataList\":[{\"text\":\"en_US.UTF-8\",\"value\":\"en_US.UTF-8\"},{\"text\":\"en_US.GB18030\",\"value\":\"en_US.GB18030\"}],\"dataSource\":\"static\"},\"key\":\"lang\"},{\"mode\":\"input\",\"isRequired\":1,\"defaultValue\":\"maven\",\"name\":\"编译类型\",\"description\":\"编译类型\",\"sort\":2,\"type\":\"select\",\"config\":{\"dataList\":[{\"text\":\"maven\",\"value\":\"maven\"},{\"text\":\"ant\",\"value\":\"ant\"},{\"text\":\"gradle\",\"value\":\"gradle\"},{\"text\":\"npm\",\"value\":\"npm\"}],\"dataSource\":\"static\"},\"key\":\"type\"},{\"mode\":\"input\",\"isRequired\":0,\"defaultValue\":\"\",\"name\":\"JDK版本\",\"description\":\"JDK版本\",\"sort\":3,\"type\":\"select\",\"config\":{\"dataList\":[{\"text\":\"自动\",\"value\":\"\"},{\"text\":\"jdk1.8\",\"value\":\"jdk1.8\"},{\"text\":\"jdk1.7\",\"value\":\"jdk1.7\"},{\"text\":\"jdk1.6\",\"value\":\"jdk1.6\"},{\"text\":\"jdk1.5\",\"value\":\"jdk1.5\"}],\"dataSource\":\"static\"},\"key\":\"jdk\"},{\"mode\":\"input\",\"isRequired\":0,\"defaultValue\":\"\",\"name\":\"自定义参数\",\"description\":\"编译工具的自定义参数（譬如：ant或mvn的参数）\",\"sort\":4,\"type\":\"text\",\"key\":\"args\"},{\"mode\":\"input\",\"isRequired\":0,\"defaultValue\":\"\",\"name\":\"起始子目录\",\"description\":\"编译配置所在子目录（相对于工程根）\",\"sort\":5,\"type\":\"text\",\"key\":\"startpath\"},{\"mode\":\"input\",\"isRequired\":1,\"defaultValue\":\"baseline\",\"name\":\"基线标签\",\"description\":\"基线的标签，当前代码与它比较抽取增量代码\",\"sort\":6,\"type\":\"text\",\"key\":\"tag4cmpto\"},{\"mode\":\"input\",\"isRequired\":1,\"defaultValue\":\"build.diff\",\"name\":\"增量保存目录\",\"description\":\"相对工程根的子目录，用于保存diff出来的文件和目录\",\"sort\":7,\"type\":\"text\",\"key\":\"diffdirname\"},{\"mode\":\"input\",\"isRequired\":1,\"defaultValue\":\"0\",\"name\":\"不先执行全量编译\",\"description\":\"一般情况先执行一次全量编译生成所有class，再对增量文件进行编译\",\"sort\":8,\"type\":\"select\",\"config\":{\"dataList\":[{\"text\":\"是\",\"value\":\"1\"},{\"text\":\"否\",\"value\":\"0\"}],\"dataSource\":\"static\"},\"key\":\"skipfullcmp\"},{\"mode\":\"input\",\"isRequired\":1,\"defaultValue\":\"target/webapp/WEB-INF/lib\",\"name\":\"lib目录\",\"description\":\"例如：target/webapp/WEB-INF/lib,*/target/webapp/WEB-INF/lib\",\"sort\":9,\"type\":\"text\",\"key\":\"libpaths\"},{\"mode\":\"input\",\"isRequired\":1,\"defaultValue\":\"0\",\"name\":\"把lib加入CLASSPATH\",\"description\":\"把lib目录中的所有jar加入CLASSPATH\",\"sort\":10,\"type\":\"select\",\"config\":{\"dataList\":[{\"text\":\"是\",\"value\":\"1\"},{\"text\":\"否\",\"value\":\"0\"}],\"dataSource\":\"static\"},\"key\":\"addlibtoclasspath\"},{\"mode\":\"input\",\"isRequired\":1,\"defaultValue\":\"src\",\"name\":\"Java代码目录\",\"description\":\"例如：src,*/src\",\"sort\":11,\"type\":\"text\",\"key\":\"srcpaths\"},{\"mode\":\"input\",\"isRequired\":1,\"defaultValue\":\"target/webapp/WEB-INF/classes\",\"name\":\"编译输出目录\",\"description\":\"例如：target/webapp/WEB-INF/classes,*/target/webapp/WEB-INF/classes\",\"sort\":12,\"type\":\"text\",\"key\":\"cmpoutpaths\"},{\"mode\":\"input\",\"isRequired\":0,\"defaultValue\":\"target/webapp/WEB-INF/web.xml\",\"name\":\"其他需要目录\",\"description\":\"为了build成功而需要的其他目录，例如：target/webapp/WEB-INF/web.xml,*/target/webapp/WEB-INF/web.xml\",\"sort\":13,\"type\":\"text\",\"key\":\"reservepaths\"},{\"mode\":\"input\",\"isRequired\":0,\"defaultValue\":\"staticclasses\",\"name\":\"CLASSPATH\",\"description\":\"工程下的需要加入到CLASSPATH的目录，例如：staticclasses,*/staticclasses\",\"sort\":14,\"type\":\"text\",\"key\":\"classpaths\"},{\"mode\":\"input\",\"isRequired\":0,\"defaultValue\":\"0\",\"name\":\"是否子模块\",\"description\":\"当前获取的代码仓库是子模块，用于多个代码仓库联合编译的情况\",\"sort\":15,\"type\":\"select\",\"config\":{\"dataList\":[{\"text\":\"否\",\"value\":\"0\"},{\"text\":\"是\",\"value\":\"1\"}],\"dataSource\":\"static\"},\"key\":\"islib\"}]}', '2023-03-16 19:54:07.349', NULL, 0);
INSERT INTO `autoexec_tool` VALUES (622901136777231, 'build/relgetnexus', 1, 'runner', 603593346179072, 477321156894720, '从Nexus上下载包', 'perl', NULL, 650507559165968, '{\"paramList\":[{\"mode\":\"input\",\"isRequired\":1,\"defaultValue\":\"nexus.baseurl\",\"name\":\"Nexus地址\",\"description\":\"Nexus地址，例如：https://192.168.0.8:8443\",\"mappingMode\":\"globalparam\",\"sort\":0,\"type\":\"text\",\"key\":\"baseurl\"},{\"mode\":\"input\",\"isRequired\":1,\"defaultValue\":\"nexus.user\",\"name\":\"用户名\",\"description\":\"Nexus登录用户名\",\"mappingMode\":\"globalparam\",\"sort\":1,\"type\":\"text\",\"key\":\"user\"},{\"mode\":\"input\",\"isRequired\":1,\"defaultValue\":\"nexus.password\",\"name\":\"密码\",\"description\":\"Nexus登录用户密码\",\"mappingMode\":\"globalparam\",\"sort\":2,\"type\":\"password\",\"key\":\"password\"},{\"mode\":\"input\",\"isRequired\":1,\"defaultValue\":\"\",\"name\":\"Nexus库\",\"description\":\"Nexus中的包含此Artifact的库名\",\"sort\":3,\"type\":\"text\",\"key\":\"repo\"},{\"mode\":\"input\",\"isRequired\":1,\"defaultValue\":\"\",\"name\":\"组名\",\"description\":\"Artifact的组名\",\"sort\":4,\"type\":\"text\",\"key\":\"group\"},{\"mode\":\"input\",\"isRequired\":1,\"defaultValue\":\"\",\"name\":\"包名\",\"description\":\"Artifact的包名(不含版本号)\",\"sort\":5,\"type\":\"text\",\"key\":\"artifact\"},{\"mode\":\"input\",\"isRequired\":1,\"defaultValue\":\"\",\"name\":\"扩展名\",\"description\":\"包的扩展名，例如: jar|war|pom\",\"sort\":6,\"type\":\"text\",\"key\":\"ext\"},{\"mode\":\"input\",\"isRequired\":1,\"defaultValue\":\"${ENV_NAME}${VERSION}\",\"name\":\"版本号\",\"description\":\"包的版本号\",\"sort\":7,\"type\":\"text\",\"key\":\"ver\"},{\"mode\":\"input\",\"isRequired\":1,\"defaultValue\":\"\",\"name\":\"保存目录\",\"description\":\"相对于工程目录的保存下载的子目录\",\"sort\":8,\"type\":\"text\",\"key\":\"saveto\"}]}', '2023-03-16 19:54:07.228', NULL, 0);
INSERT INTO `autoexec_tool` VALUES (622901136777232, 'build/localexec', 1, 'runner', 603593346179072, 477321156894720, '执行本地命令，可以对系统的工程、制品进行客户化处理', 'perl', NULL, NULL, '{\"paramList\":[{\"mode\":\"input\",\"isRequired\":1,\"defaultValue\":\"1\",\"name\":\"显示明细\",\"description\":\"执行日志显示详细信息\",\"sort\":0,\"type\":\"select\",\"config\":{\"dataList\":[{\"text\":\"是\",\"value\":\"1\"},{\"text\":\"否\",\"value\":\"0\"}],\"dataSource\":\"static\"},\"key\":\"verbose\"},{\"mode\":\"input\",\"isRequired\":1,\"defaultValue\":\"en_US.UTF-8\",\"name\":\"语言\",\"description\":\"工程代码的语言和编码\",\"sort\":1,\"type\":\"select\",\"config\":{\"dataList\":[{\"text\":\"en_US.UTF-8\",\"value\":\"en_US.UTF-8\"},{\"text\":\"en_US.GB18030\",\"value\":\"en_US.GB18030\"}],\"dataSource\":\"static\"},\"key\":\"lang\"},{\"mode\":\"input\",\"isRequired\":0,\"defaultValue\":\"\",\"name\":\"可写目录\",\"description\":\"相对于系统数据目录的子目录（留空代表以系统物料目录作为可写入的目录）\",\"sort\":2,\"type\":\"text\",\"key\":\"basedir\"},{\"mode\":\"input\",\"isRequired\":1,\"defaultValue\":\"\",\"name\":\"命令\",\"description\":\"本地执行的命令\",\"sort\":3,\"type\":\"text\",\"key\":\"cmd\"}]}', '2023-03-16 19:54:07.423', NULL, 0);
INSERT INTO `autoexec_tool` VALUES (622901136777233, 'build/rel2nexus', 1, 'runner', 603593346179072, 477321156894720, '工程编译打包后，上传包到Nexus', 'perl', NULL, 650507559165968, '{\"paramList\":[{\"mode\":\"input\",\"isRequired\":1,\"defaultValue\":\"nexus.baseurl\",\"name\":\"Nexus地址\",\"description\":\"Nexus地址，例如：https://192.168.0.8:8443\",\"mappingMode\":\"globalparam\",\"sort\":0,\"type\":\"text\",\"key\":\"baseurl\"},{\"mode\":\"input\",\"isRequired\":1,\"defaultValue\":\"nexus.user\",\"name\":\"用户名\",\"description\":\"Nexus登录用户名\",\"mappingMode\":\"globalparam\",\"sort\":1,\"type\":\"text\",\"key\":\"user\"},{\"mode\":\"input\",\"isRequired\":1,\"defaultValue\":\"nexus.password\",\"name\":\"密码\",\"description\":\"Nexus登录用户密码\",\"mappingMode\":\"globalparam\",\"sort\":2,\"type\":\"password\",\"key\":\"password\"},{\"mode\":\"input\",\"isRequired\":1,\"defaultValue\":\"\",\"name\":\"Nexus库\",\"description\":\"Nexus中的包含此Artifact的库名\",\"sort\":3,\"type\":\"text\",\"key\":\"repo\"},{\"mode\":\"input\",\"isRequired\":1,\"defaultValue\":\"\",\"name\":\"组名\",\"description\":\"Artifact的组名\",\"sort\":4,\"type\":\"text\",\"key\":\"group\"},{\"mode\":\"input\",\"isRequired\":1,\"defaultValue\":\"\",\"name\":\"包名\",\"description\":\"Artifact的包名(不含版本号)\",\"sort\":5,\"type\":\"text\",\"key\":\"artifact\"},{\"mode\":\"input\",\"isRequired\":1,\"defaultValue\":\"${ENV_NAME}${VERSION}\",\"name\":\"版本号\",\"description\":\"包的版本号\",\"sort\":6,\"type\":\"text\",\"key\":\"ver\"},{\"mode\":\"input\",\"isRequired\":1,\"defaultValue\":\"\",\"name\":\"包文件\",\"description\":\"相对于工程目录的包的子目录\",\"sort\":7,\"type\":\"text\",\"key\":\"pkgfile\"}]}', '2023-03-16 19:54:07.437', NULL, 0);
INSERT INTO `autoexec_tool` VALUES (622901136777234, 'build/vergetgit', 1, 'runner', 603593346179072, 477321156894720, '拉取GIT仓库中的代码', 'perl', NULL, 650507559165964, '{\"paramList\":[{\"mode\":\"input\",\"isRequired\":1,\"defaultValue\":\"1\",\"name\":\"显示明细\",\"description\":\"执行日志显示详细信息\",\"sort\":0,\"type\":\"select\",\"config\":{\"dataList\":[{\"text\":\"是\",\"value\":\"1\"},{\"text\":\"否\",\"value\":\"0\"}],\"dataSource\":\"static\"},\"key\":\"verbose\"},{\"mode\":\"input\",\"isRequired\":1,\"defaultValue\":\"en_US.UTF-8\",\"name\":\"语言\",\"description\":\"工程代码的语言和编码\",\"sort\":1,\"type\":\"select\",\"config\":{\"dataList\":[{\"text\":\"en_US.UTF-8\",\"value\":\"en_US.UTF-8\"},{\"text\":\"en_US.GB18030\",\"value\":\"en_US.GB18030\"}],\"dataSource\":\"static\"},\"key\":\"lang\"},{\"mode\":\"input\",\"isRequired\":1,\"defaultValue\":\"\",\"name\":\"仓库地址\",\"description\":\"GIT的仓库地址\",\"sort\":2,\"type\":\"text\",\"key\":\"repo\"},{\"mode\":\"input\",\"isRequired\":0,\"defaultValue\":\"git.user\",\"name\":\"用户名\",\"description\":\"访问仓库的用户名(如GIT使用ssh方式，留空)\",\"mappingMode\":\"globalparam\",\"sort\":3,\"type\":\"text\",\"key\":\"user\"},{\"mode\":\"input\",\"isRequired\":0,\"defaultValue\":\"git.password\",\"name\":\"密码\",\"description\":\"访问仓库的密码(使用ssh方式，留空)\",\"mappingMode\":\"globalparam\",\"sort\":4,\"type\":\"password\",\"key\":\"password\"},{\"mode\":\"input\",\"isRequired\":1,\"defaultValue\":\"master\",\"name\":\"主干\",\"description\":\"GIT的主干分支名\",\"sort\":5,\"type\":\"text\",\"key\":\"trunk\"},{\"mode\":\"input\",\"isRequired\":0,\"defaultValue\":\"${VERSION}\",\"name\":\"版本分支\",\"description\":\"GIT的版本分支\",\"sort\":6,\"type\":\"text\",\"key\":\"branch\"},{\"mode\":\"input\",\"isRequired\":0,\"defaultValue\":\"V${VERSION}\",\"name\":\"标签\",\"description\":\"GIT的版本标签名，如配置了tag则会优先使用tag获取代码\",\"sort\":7,\"type\":\"text\",\"key\":\"tag\"},{\"mode\":\"input\",\"isRequired\":0,\"defaultValue\":\"\",\"name\":\"子目录\",\"description\":\"存放代码仓库的子目录，用于多个代码仓库联合编译的情况\",\"sort\":8,\"type\":\"text\",\"key\":\"startpath\"}]}', '2023-03-16 19:54:07.189', NULL, 0);
INSERT INTO `autoexec_tool` VALUES (622901136777235, 'build/vercommit', 1, 'runner', 603593346179072, 477321156894720, '合并当前版本代码到主干分支（需要在verget后才能使用）', 'perl', NULL, 650507559165964, '{\"paramList\":[{\"mode\":\"input\",\"isRequired\":1,\"defaultValue\":\"1\",\"name\":\"显示明细\",\"description\":\"执行日志显示详细信息\",\"sort\":0,\"type\":\"select\",\"config\":{\"dataList\":[{\"text\":\"是\",\"value\":\"1\"},{\"text\":\"否\",\"value\":\"0\"}],\"dataSource\":\"static\"},\"key\":\"verbose\"},{\"mode\":\"input\",\"isRequired\":1,\"defaultValue\":\"en_US.UTF-8\",\"name\":\"语言\",\"description\":\"工程代码的语言和编码\",\"sort\":1,\"type\":\"select\",\"config\":{\"dataList\":[{\"text\":\"en_US.UTF-8\",\"value\":\"en_US.UTF-8\"},{\"text\":\"en_US.GB18030\",\"value\":\"en_US.GB18030\"}],\"dataSource\":\"static\"},\"key\":\"lang\"},{\"mode\":\"input\",\"isRequired\":0,\"defaultValue\":\"\",\"name\":\"子目录\",\"description\":\"存放代码仓库的子目录，用于多个代码仓库联合编译的情况\",\"sort\":2,\"type\":\"text\",\"key\":\"startpath\"},{\"mode\":\"input\",\"isRequired\":0,\"defaultValue\":\"git.user\",\"name\":\"用户名\",\"description\":\"访问仓库的用户名(如GIT使用ssh方式，留空)\",\"mappingMode\":\"globalparam\",\"sort\":3,\"type\":\"text\",\"key\":\"user\"},{\"mode\":\"input\",\"isRequired\":0,\"defaultValue\":\"git.password\",\"name\":\"密码\",\"description\":\"访问仓库的密码(如GIT使用ssh方式，留空)\",\"mappingMode\":\"globalparam\",\"sort\":4,\"type\":\"password\",\"key\":\"password\"}]}', '2023-03-16 19:54:07.388', NULL, 0);
INSERT INTO `autoexec_tool` VALUES (622901136777236, 'build/createjob', 1, 'runner', 477317977612288, 477321156894720, '创建作业', 'perl', NULL, NULL, '{\"paramList\":[{\"mode\":\"input\",\"isRequired\":0,\"defaultValue\":\"build.proxytourl\",\"name\":\"其他环境地址\",\"description\":\"如是在当前发布系统创建作业，则留空\",\"mappingMode\":\"globalparam\",\"sort\":0,\"type\":\"text\",\"key\":\"proxytourl\"},{\"mode\":\"input\",\"isRequired\":1,\"defaultValue\":\"${NAME_PATH}\",\"name\":\"目标路径\",\"description\":\"需要创建作业的应用系统路径, 例如: MY-SYS/MY-MODULE/SIT\",\"sort\":1,\"type\":\"text\",\"key\":\"targetenvpath\"},{\"mode\":\"input\",\"isRequired\":1,\"defaultValue\":\"${VERSION}\",\"name\":\"目标版本\",\"description\":\"需要创建作业的应用系统目标版本\",\"sort\":2,\"type\":\"text\",\"key\":\"targetversion\"},{\"mode\":\"input\",\"isRequired\":0,\"defaultValue\":\"\",\"name\":\"计划执行\",\"description\":\"作业计划执行时间\",\"sort\":3,\"type\":\"datetime\",\"key\":\"plantime\"},{\"mode\":\"input\",\"isRequired\":1,\"defaultValue\":\"now\",\"name\":\"触发方式\",\"description\":\"计划作业创建后, 到计划时间自动执行还是手动执行\",\"sort\":4,\"type\":\"select\",\"config\":{\"dataList\":[{\"text\":\"立刻执行\",\"value\":\"now\"},{\"text\":\"自动执行\",\"value\":\"auto\"},{\"text\":\"手动执行\",\"value\":\"manual\"}],\"dataSource\":\"static\"},\"key\":\"trigtype\"},{\"mode\":\"input\",\"isRequired\":1,\"defaultValue\":\"0\",\"name\":\"等作业完成\",\"description\":\"等待作业执行完成\",\"sort\":5,\"type\":\"select\",\"config\":{\"dataList\":[{\"text\":\"是\",\"value\":\"1\"},{\"text\":\"否\",\"value\":\"0\"}],\"dataSource\":\"static\"},\"key\":\"wait\"},{\"mode\":\"input\",\"isRequired\":1,\"defaultValue\":\"1\",\"name\":\"轮次\",\"description\":\"如作业存在多实例, 分多少轮执行完\",\"sort\":6,\"type\":\"text\",\"key\":\"round\"},{\"mode\":\"input\",\"isRequired\":1,\"defaultValue\":\"1\",\"name\":\"场景\",\"description\":\"作业场景\",\"sort\":7,\"type\":\"text\",\"key\":\"senrio\"},{\"mode\":\"input\",\"isRequired\":0,\"defaultValue\":\"1\",\"name\":\"实例IP端口\",\"description\":\"实例的IP端口列表, 例如: 192.168.0.1:8080,192.168.0.2:8080(留空，代表所有)\",\"sort\":8,\"type\":\"text\",\"key\":\"instances\"}]}', '2023-03-16 19:54:07.277', NULL, 0);
INSERT INTO `autoexec_tool` VALUES (622901136777237, 'build/scandependency', 1, 'runner', 603593346179072, 477321156894720, '扫描工程或其子目录，生成包依赖信息', 'perl', NULL, NULL, '{\"paramList\":[{\"mode\":\"input\",\"isRequired\":0,\"defaultValue\":\"\",\"name\":\"工程子目录\",\"description\":\"工程下的某个子目录, 如不声明, 则代表扫描整个工程\",\"sort\":0,\"type\":\"text\",\"key\":\"startdir\"}]}', '2023-03-16 19:54:07.062', NULL, 0);
INSERT INTO `autoexec_tool` VALUES (622901136777238, 'build/sonarrunner', 1, 'runner', 603593346179072, 477321156894720, '对代码进行静态扫描，生成扫描报告', 'perl', NULL, 650507567554564, '{\"paramList\":[{\"mode\":\"input\",\"isRequired\":1,\"defaultValue\":\"1\",\"name\":\"显示明细\",\"description\":\"执行日志显示详细信息\",\"sort\":0,\"type\":\"select\",\"config\":{\"dataList\":[{\"text\":\"是\",\"value\":\"1\"},{\"text\":\"否\",\"value\":\"0\"}],\"dataSource\":\"static\"},\"key\":\"verbose\"},{\"mode\":\"input\",\"isRequired\":1,\"defaultValue\":\"sonar.url\",\"name\":\"API地址\",\"description\":\"SonarQube地址，例如：http://192.168.0.26:9000\",\"mappingMode\":\"globalparam\",\"sort\":1,\"type\":\"text\",\"key\":\"baseurl\"},{\"mode\":\"input\",\"isRequired\":1,\"defaultValue\":\"sonar.user\",\"name\":\"用户名\",\"description\":\"SonarQube用户名\",\"mappingMode\":\"globalparam\",\"sort\":2,\"type\":\"text\",\"key\":\"user\"},{\"mode\":\"input\",\"isRequired\":1,\"defaultValue\":\"sonar.password\",\"name\":\"密码\",\"description\":\"访问仓库的密码\",\"mappingMode\":\"globalparam\",\"sort\":3,\"type\":\"password\",\"key\":\"password\"},{\"mode\":\"input\",\"isRequired\":0,\"defaultValue\":\"\",\"name\":\"工程子目录\",\"description\":\"需要扫描的工程下的子目录\",\"sort\":4,\"type\":\"text\",\"key\":\"prefix\"},{\"mode\":\"input\",\"isRequired\":1,\"defaultValue\":\"Java\",\"name\":\"编程语言\",\"description\":\"本工程使用的程序语言\",\"sort\":5,\"type\":\"select\",\"config\":{\"dataList\":[{\"text\":\"Java\",\"value\":\"Java\"},{\"text\":\"C\",\"value\":\"C\"},{\"text\":\"C++\",\"value\":\"C++\"}],\"dataSource\":\"static\"},\"key\":\"language\"},{\"mode\":\"input\",\"isRequired\":1,\"defaultValue\":\"GBK\",\"name\":\"文件编码\",\"description\":\"工程中程序文件的字符编码\",\"sort\":6,\"type\":\"select\",\"config\":{\"dataList\":[{\"text\":\"UTF-8\",\"value\":\"UTF-8\"},{\"text\":\"GBK\",\"value\":\"GBK\"}],\"dataSource\":\"static\"},\"key\":\"编码\"},{\"mode\":\"input\",\"isRequired\":1,\"defaultValue\":\"critical\",\"name\":\"告警级别\",\"description\":\"触发告警的Level\",\"sort\":7,\"type\":\"select\",\"config\":{\"dataList\":[{\"text\":\"critical\",\"value\":\"critical\"},{\"text\":\"blocker\",\"value\":\"blocker\"}],\"dataSource\":\"static\"},\"key\":\"level\"},{\"mode\":\"input\",\"isRequired\":1,\"defaultValue\":\"80\",\"name\":\"门限值\",\"description\":\"扫描通过的最高门限值\",\"sort\":8,\"type\":\"text\",\"key\":\"threshold\"},{\"mode\":\"input\",\"isRequired\":0,\"defaultValue\":\"80\",\"name\":\"源代码目录\",\"description\":\"相对于工程的相对目录\",\"sort\":9,\"type\":\"text\",\"key\":\"src\"},{\"mode\":\"input\",\"isRequired\":0,\"defaultValue\":\"80\",\"name\":\"二进制目录\",\"description\":\"编译结果文件，需要分析的Target(如果没编译可以不写)\",\"sort\":10,\"type\":\"text\",\"key\":\"bin\"},{\"mode\":\"input\",\"isRequired\":1,\"defaultValue\":\"600\",\"name\":\"超时时间\",\"description\":\"扫描超时时间（秒）\",\"sort\":11,\"type\":\"text\",\"key\":\"tmout\"},{\"mode\":\"input\",\"isRequired\":1,\"defaultValue\":\"$SYS_NAME.$MODULE_NAME\",\"name\":\"项目Key\",\"description\":\"SonarQube里的工程Key\",\"sort\":12,\"type\":\"text\",\"key\":\"projectKey\"},{\"mode\":\"input\",\"isRequired\":1,\"defaultValue\":\"$MODULE_NAME\",\"name\":\"项目名称\",\"description\":\"SonarQube里的项目的名称\",\"sort\":13,\"type\":\"text\",\"key\":\"projectName\"},{\"mode\":\"input\",\"isRequired\":1,\"defaultValue\":\"$VERSION\",\"name\":\"项目的版本\",\"description\":\"SonarQube里的项目的版本号\",\"sort\":14,\"type\":\"text\",\"key\":\"projectVersion\"},{\"mode\":\"input\",\"isRequired\":1,\"defaultValue\":\"$VERSION\",\"name\":\"项目的模块\",\"description\":\"SonarQube里的项目的模块，例如：module1,module2\",\"sort\":15,\"type\":\"text\",\"key\":\"modules\"}]}', '2023-03-16 19:54:07.303', NULL, 0);
INSERT INTO `autoexec_tool` VALUES (622901136777239, 'deploy/autocfg', 1, 'runner', 477317977612288, 477321156894720, '基于不同环境配置的配置，对环境制品里的配置模版进行自动修改', 'perl', NULL, NULL, '{\"argument\":{\"argumentCount\":0,\"defaultValue\":\"\",\"description\":\"相对于制品根目录的模版文件列表（为空代表自动查找）\",\"id\":848588917497924,\"isRequired\":0,\"mappingMode\":\"constant\",\"mappingModeText\":\"常量\",\"mode\":\"input\",\"name\":\"模版文件列表\",\"type\":\"text\",\"typeText\":\"文本\",\"validate\":\"\"},\"paramList\":[{\"mode\":\"input\",\"isRequired\":1,\"defaultValue\":\"1\",\"name\":\"显示明细\",\"description\":\"执行日志显示详细信息\",\"sort\":0,\"type\":\"select\",\"config\":{\"dataList\":[{\"text\":\"是\",\"value\":\"1\"},{\"text\":\"否\",\"value\":\"0\"}],\"dataSource\":\"static\"},\"key\":\"verbose\"},{\"mode\":\"input\",\"isRequired\":1,\"defaultValue\":\"0\",\"name\":\"目录型制品\",\"description\":\"目录型制品，配置文件就在目录中，不需要对任何压缩包进行处理\",\"sort\":1,\"type\":\"select\",\"config\":{\"dataList\":[{\"text\":\"是\",\"value\":\"1\"},{\"text\":\"否\",\"value\":\"0\"}],\"dataSource\":\"static\"},\"key\":\"puredir\"},{\"mode\":\"input\",\"isRequired\":1,\"defaultValue\":\"0\",\"name\":\"处理嵌套zip\",\"description\":\"制品中嵌套的zip或jar文件存在配置模版文件\",\"sort\":2,\"type\":\"select\",\"config\":{\"dataList\":[{\"text\":\"是\",\"value\":\"0\"},{\"text\":\"否\",\"value\":\"1\"}],\"dataSource\":\"static\"},\"key\":\"nozip\"},{\"mode\":\"input\",\"isRequired\":1,\"defaultValue\":\"0\",\"name\":\"处理嵌套tar\",\"description\":\"制品中嵌套的tar或tgz文件存在配置模版文件\",\"sort\":3,\"type\":\"select\",\"config\":{\"dataList\":[{\"text\":\"是\",\"value\":\"1\"},{\"text\":\"否\",\"value\":\"0\"}],\"dataSource\":\"static\"},\"key\":\"followtar\"},{\"mode\":\"input\",\"isRequired\":1,\"defaultValue\":\"0\",\"name\":\"文件MD5校验\",\"description\":\"校验制品文件的MD5 checksum（正常不需要，除非客户要求）\",\"sort\":4,\"type\":\"select\",\"config\":{\"dataList\":[{\"text\":\"是\",\"value\":\"1\"},{\"text\":\"否\",\"value\":\"0\"}],\"dataSource\":\"static\"},\"key\":\"md5check\"},{\"mode\":\"input\",\"isRequired\":1,\"defaultValue\":\"0\",\"name\":\"检查模版源文件\",\"description\":\"检查配置文件模版文件对应的源文件是否存在\",\"sort\":5,\"type\":\"select\",\"config\":{\"dataList\":[{\"text\":\"是\",\"value\":\"0\"},{\"text\":\"否\",\"value\":\"1\"}],\"dataSource\":\"static\"},\"key\":\"nocheckorgexists\"},{\"mode\":\"input\",\"isRequired\":1,\"defaultValue\":\"0\",\"name\":\"删除模版文件\",\"description\":\"处理完后删除配置文件模版\",\"sort\":6,\"type\":\"select\",\"config\":{\"dataList\":[{\"text\":\"是\",\"value\":\"0\"},{\"text\":\"否\",\"value\":\"1\"}],\"dataSource\":\"static\"},\"key\":\"noclean\"}]}', '2023-03-16 19:54:07.708', NULL, 0);
INSERT INTO `autoexec_tool` VALUES (622901136777240, 'build/verget', 1, 'runner', 603593346179072, 477321156894720, '拉取GIT/SVN代码', 'perl', NULL, 650507559165964, '{\"paramList\":[{\"mode\":\"input\",\"isRequired\":1,\"defaultValue\":\"1\",\"name\":\"显示明细\",\"description\":\"执行日志显示详细信息\",\"sort\":0,\"type\":\"select\",\"config\":{\"dataList\":[{\"text\":\"是\",\"value\":\"1\"},{\"text\":\"否\",\"value\":\"0\"}],\"dataSource\":\"static\"},\"key\":\"verbose\"},{\"mode\":\"input\",\"isRequired\":1,\"defaultValue\":\"en_US.UTF-8\",\"name\":\"语言\",\"description\":\"工程代码的语言和编码\",\"sort\":1,\"type\":\"select\",\"config\":{\"dataList\":[{\"text\":\"en_US.UTF-8\",\"value\":\"en_US.UTF-8\"},{\"text\":\"en_US.GB18030\",\"value\":\"en_US.GB18030\"}],\"dataSource\":\"static\"},\"key\":\"lang\"},{\"mode\":\"input\",\"isRequired\":1,\"defaultValue\":\"GIT\",\"name\":\"仓库类型\",\"description\":\"代码仓库的类型\",\"sort\":2,\"type\":\"select\",\"config\":{\"dataList\":[{\"text\":\"GIT\",\"value\":\"GIT\"},{\"text\":\"SVN\",\"value\":\"SVN\"}],\"dataSource\":\"static\"},\"key\":\"repotype\"},{\"mode\":\"input\",\"isRequired\":1,\"defaultValue\":\"\",\"name\":\"仓库地址\",\"description\":\"GIT的仓库地址或SVN仓库的根路径\",\"sort\":3,\"type\":\"text\",\"key\":\"repo\"},{\"mode\":\"input\",\"isRequired\":0,\"defaultValue\":\"git.user\",\"name\":\"用户名\",\"description\":\"访问仓库的用户名(如GIT使用ssh方式，留空)\",\"mappingMode\":\"globalparam\",\"sort\":4,\"type\":\"text\",\"key\":\"user\"},{\"mode\":\"input\",\"isRequired\":0,\"defaultValue\":\"git.password\",\"name\":\"密码\",\"description\":\"访问仓库的密码(如GIT使用ssh方式，留空)\",\"mappingMode\":\"globalparam\",\"sort\":5,\"type\":\"password\",\"key\":\"password\"},{\"mode\":\"input\",\"isRequired\":1,\"defaultValue\":\"master\",\"name\":\"主干\",\"description\":\"GIT的主干分支或SVN的主干子目录\",\"sort\":6,\"type\":\"text\",\"key\":\"trunk\"},{\"mode\":\"input\",\"isRequired\":1,\"defaultValue\":\"${VERSION}\",\"name\":\"版本分支\",\"description\":\"GIT的版本分支或SVN的版本子目录\",\"sort\":7,\"type\":\"text\",\"key\":\"branch\"},{\"mode\":\"input\",\"isRequired\":0,\"defaultValue\":\"V${VERSION}\",\"name\":\"标签\",\"description\":\"GIT的版本标签或SVN的版本标签子目录，如配置了tag则会优先使用tag获取代码\",\"sort\":8,\"type\":\"text\",\"key\":\"tag\"},{\"mode\":\"input\",\"isRequired\":0,\"defaultValue\":\"\",\"name\":\"SVN标签目录\",\"description\":\"只有SVN需要配置，SVN存放标签的仓库子目录\",\"sort\":9,\"type\":\"text\",\"key\":\"tagsdir\"},{\"mode\":\"input\",\"isRequired\":0,\"defaultValue\":\"0\",\"name\":\"是否子模块\",\"description\":\"当前获取的代码仓库是子模块，用于多个代码仓库联合编译的情况\",\"sort\":10,\"type\":\"select\",\"config\":{\"dataList\":[{\"text\":\"否\",\"value\":\"0\"},{\"text\":\"是\",\"value\":\"1\"}],\"dataSource\":\"static\"},\"key\":\"islib\"},{\"mode\":\"input\",\"isRequired\":0,\"defaultValue\":\"\",\"name\":\"子目录\",\"description\":\"存放代码仓库的子目录，用于多个代码仓库联合编译的情况\",\"sort\":11,\"type\":\"text\",\"key\":\"startpath\"}]}', '2023-03-16 19:54:07.402', NULL, 0);
INSERT INTO `autoexec_tool` VALUES (622901136777241, 'build/compileinjenkins', 1, 'runner', 603593346179072, 477321156894720, '调用Jenkins进行编译打包', 'perl', NULL, 650507567554568, '{\"argument\":{\"argumentCount\":0,\"defaultValue\":\"\",\"description\":\"Jenkins作业参数（格式：key=value)\",\"id\":848588917497876,\"isRequired\":0,\"mappingMode\":\"constant\",\"mappingModeText\":\"常量\",\"mode\":\"input\",\"name\":\"Jenkins作业参数\",\"type\":\"text\",\"typeText\":\"文本\",\"validate\":\"\"},\"paramList\":[{\"mode\":\"input\",\"isRequired\":1,\"defaultValue\":\"1\",\"name\":\"显示明细\",\"description\":\"执行日志显示详细信息\",\"sort\":0,\"type\":\"select\",\"config\":{\"dataList\":[{\"text\":\"是\",\"value\":\"1\"},{\"text\":\"否\",\"value\":\"0\"}],\"dataSource\":\"static\"},\"key\":\"verbose\"},{\"mode\":\"input\",\"isRequired\":1,\"defaultValue\":\"\",\"name\":\"JDK版本\",\"description\":\"JDK版本\",\"sort\":1,\"type\":\"select\",\"config\":{\"dataList\":[{\"text\":\"自动\",\"value\":\"\"},{\"text\":\"jdk1.8\",\"value\":\"jdk1.8\"},{\"text\":\"jdk1.7\",\"value\":\"jdk1.7\"},{\"text\":\"jdk1.6\",\"value\":\"jdk1.6\"},{\"text\":\"jdk1.5\",\"value\":\"jdk1.5\"}],\"dataSource\":\"static\"},\"key\":\"jdk\"},{\"mode\":\"input\",\"isRequired\":0,\"defaultValue\":\"\",\"name\":\"Jenkins版本\",\"description\":\"Jenkins版本\",\"sort\":2,\"type\":\"select\",\"config\":{\"dataList\":[{\"text\":\"自动\",\"value\":\"\"},{\"text\":\"jenkins1.8\",\"value\":\"jdk1.8\"}],\"dataSource\":\"static\"},\"key\":\"jenkins\"},{\"mode\":\"input\",\"isRequired\":1,\"defaultValue\":\"jenkins.baseurl\",\"name\":\"Jenkins地址\",\"description\":\"Jenkins调用URL地址，例如：\",\"mappingMode\":\"globalparam\",\"sort\":3,\"type\":\"text\",\"key\":\"baseurl\"},{\"mode\":\"input\",\"isRequired\":1,\"defaultValue\":\"jenkins.user\",\"name\":\"用户名\",\"description\":\"Jenkins用户名\",\"mappingMode\":\"globalparam\",\"sort\":4,\"type\":\"text\",\"key\":\"user\"},{\"mode\":\"input\",\"isRequired\":1,\"defaultValue\":\"jenkins.password\",\"name\":\"密码\",\"description\":\"Jinkins用户密码\",\"mappingMode\":\"globalparam\",\"sort\":5,\"type\":\"password\",\"key\":\"password\"},{\"mode\":\"input\",\"isRequired\":1,\"defaultValue\":\"\",\"name\":\"流水线名\",\"description\":\"Jenkins流水线名称\",\"sort\":6,\"type\":\"text\",\"key\":\"pipeline\"},{\"mode\":\"input\",\"isRequired\":1,\"defaultValue\":\"1\",\"name\":\"等待完成\",\"description\":\"等待Jenkins作业运行完\",\"sort\":7,\"type\":\"select\",\"config\":{\"dataList\":[{\"text\":\"是\",\"value\":\"1\"},{\"text\":\"否\",\"value\":\"0\"}],\"dataSource\":\"static\"},\"key\":\"wait\"},{\"mode\":\"input\",\"isRequired\":0,\"defaultValue\":\"0\",\"name\":\"是否子模块\",\"description\":\"当前获取的代码仓库是子模块，用于多个代码仓库联合编译的情况\",\"sort\":8,\"type\":\"select\",\"config\":{\"dataList\":[{\"text\":\"否\",\"value\":\"0\"},{\"text\":\"是\",\"value\":\"1\"}],\"dataSource\":\"static\"},\"key\":\"islib\"}]}', '2023-03-16 19:54:07.166', NULL, 0);
INSERT INTO `autoexec_tool` VALUES (622901136777242, 'build/relsync2env', 1, 'runner', 603593346179072, 477321156894720, '把版本制品目录同步到环境制品目录', 'perl', NULL, 650507567554569, '{\"paramList\":[{\"mode\":\"input\",\"isRequired\":1,\"defaultValue\":\"1\",\"name\":\"显示明细\",\"description\":\"执行日志显示详细信息\",\"sort\":0,\"type\":\"select\",\"config\":{\"dataList\":[{\"text\":\"是\",\"value\":\"1\"},{\"text\":\"否\",\"value\":\"0\"}],\"dataSource\":\"static\"},\"key\":\"verbose\"},{\"mode\":\"input\",\"isRequired\":0,\"defaultValue\":\"\",\"name\":\"排除DBSchema\",\"description\":\"不Rlease某些DB Schema到环境制品，例如：myadb.myauser,mybdb.mybuser\",\"sort\":1,\"type\":\"text\",\"key\":\"blacklist\"},{\"mode\":\"input\",\"isRequired\":1,\"defaultValue\":\"0\",\"name\":\"文件MD5\",\"description\":\"同步时比较文件的MD5\",\"sort\":2,\"type\":\"select\",\"config\":{\"dataList\":[{\"text\":\"是\",\"value\":\"0\"},{\"text\":\"否\",\"value\":\"1\"}],\"dataSource\":\"static\"},\"key\":\"nomd5\"},{\"mode\":\"input\",\"isRequired\":1,\"defaultValue\":\"0\",\"name\":\"删除多出内容\",\"description\":\"删除目标目录多出的文件或子目录\",\"sort\":3,\"type\":\"select\",\"config\":{\"dataList\":[{\"text\":\"是\",\"value\":\"0\"},{\"text\":\"否\",\"value\":\"1\"}],\"dataSource\":\"static\"},\"key\":\"nodelete\"},{\"mode\":\"input\",\"isRequired\":1,\"defaultValue\":\"0\",\"name\":\"同步文件权限\",\"description\":\"把源目录下的文件和子目录的权限同步到目标目录\",\"sort\":4,\"type\":\"select\",\"config\":{\"dataList\":[{\"text\":\"是\",\"value\":\"0\"},{\"text\":\"否\",\"value\":\"1\"}],\"dataSource\":\"static\"},\"key\":\"noattrs\"},{\"mode\":\"input\",\"isRequired\":1,\"defaultValue\":\"1\",\"name\":\"比较修改时间\",\"description\":\"如果目标目录下的内容的修改时间与源目录下的不一致，则认为需要同步\",\"sort\":5,\"type\":\"select\",\"config\":{\"dataList\":[{\"text\":\"是\",\"value\":\"0\"},{\"text\":\"否\",\"value\":\"1\"}],\"dataSource\":\"static\"},\"key\":\"notime\"},{\"mode\":\"input\",\"isRequired\":0,\"defaultValue\":\"\",\"name\":\"排除目录\",\"description\":\"排除子目录，逗号相隔，不对这些子目录进行同步\",\"sort\":6,\"type\":\"text\",\"key\":\"exp\"},{\"mode\":\"input\",\"isRequired\":0,\"defaultValue\":\"\",\"name\":\"源目录\",\"description\":\"相对于版本制品目录的相对目录（留空代表默认使用版本制品目录根）\",\"sort\":7,\"type\":\"text\",\"key\":\"src\"},{\"mode\":\"input\",\"isRequired\":0,\"defaultValue\":\"\",\"name\":\"目标目录\",\"description\":\"相对于环境制品目录的相对目录（留空代表默认使用环境制品目录根）\",\"sort\":8,\"type\":\"text\",\"key\":\"dest\"}]}', '2023-03-16 19:54:07.288', NULL, 0);
INSERT INTO `autoexec_tool` VALUES (622901136777243, 'build/relgetjfrog', 1, 'runner', 603593346179072, 477321156894720, '工程编译打包后，上传包到Jfrog', 'perl', NULL, 650507567554573, '{\"paramList\":[{\"mode\":\"input\",\"isRequired\":1,\"defaultValue\":\"jfrog.baseurl\",\"name\":\"Nexus地址\",\"description\":\"Nexus地址，例如：https://192.168.0.8:8443\",\"mappingMode\":\"globalparam\",\"sort\":0,\"type\":\"text\",\"key\":\"baseurl\"},{\"mode\":\"input\",\"isRequired\":1,\"defaultValue\":\"jfrog.user\",\"name\":\"用户名\",\"description\":\"Nexus登录用户名\",\"mappingMode\":\"globalparam\",\"sort\":1,\"type\":\"text\",\"key\":\"user\"},{\"mode\":\"input\",\"isRequired\":1,\"defaultValue\":\"jfrog.password\",\"name\":\"密码\",\"description\":\"Nexus登录用户密码\",\"mappingMode\":\"globalparam\",\"sort\":2,\"type\":\"password\",\"key\":\"password\"},{\"mode\":\"input\",\"isRequired\":1,\"defaultValue\":\"\",\"name\":\"Nexus库\",\"description\":\"Nexus中的包含此Artifact的库名\",\"sort\":3,\"type\":\"text\",\"key\":\"repo\"},{\"mode\":\"input\",\"isRequired\":1,\"defaultValue\":\"\",\"name\":\"组名\",\"description\":\"Artifact的组名\",\"sort\":4,\"type\":\"text\",\"key\":\"group\"},{\"mode\":\"input\",\"isRequired\":1,\"defaultValue\":\"\",\"name\":\"包名\",\"description\":\"Artifact的包名(不含版本号)\",\"sort\":5,\"type\":\"text\",\"key\":\"artifact\"},{\"mode\":\"input\",\"isRequired\":1,\"defaultValue\":\"\",\"name\":\"扩展名\",\"description\":\"包的扩展名，例如: jar|war|pom\",\"sort\":6,\"type\":\"text\",\"key\":\"ext\"},{\"mode\":\"input\",\"isRequired\":1,\"defaultValue\":\"${ENV_NAME}${VERSION}\",\"name\":\"版本号\",\"description\":\"包的版本号\",\"sort\":7,\"type\":\"text\",\"key\":\"ver\"},{\"mode\":\"input\",\"isRequired\":1,\"defaultValue\":\"\",\"name\":\"保存目录\",\"description\":\"相对于工程目录的保存下载的子目录\",\"sort\":8,\"type\":\"text\",\"key\":\"saveto\"}]}', '2023-03-16 19:54:07.266', NULL, 0);
INSERT INTO `autoexec_tool` VALUES (622901136777244, 'build/release', 1, 'runner', 603593346179072, 477321156894720, '从编译目录中抽取文件生成版本制品', 'perl', NULL, 650507567554574, '{\"argument\":{\"argumentCount\":0,\"defaultValue\":\"target/*.war\",\"description\":\"从工程目录中抽取的文件或目录，例如：target/*.war或者target/*.war:webapp/\",\"id\":848588917497868,\"isRequired\":1,\"mappingMode\":\"constant\",\"mappingModeText\":\"常量\",\"mode\":\"input\",\"name\":\"抽取列表\",\"type\":\"text\",\"typeText\":\"文本\",\"validate\":\"\"},\"paramList\":[{\"mode\":\"input\",\"isRequired\":1,\"defaultValue\":\"1\",\"name\":\"显示明细\",\"description\":\"执行日志显示详细信息\",\"sort\":0,\"type\":\"select\",\"config\":{\"dataList\":[{\"text\":\"是\",\"value\":\"1\"},{\"text\":\"否\",\"value\":\"0\"}],\"dataSource\":\"static\"},\"key\":\"verbose\"},{\"mode\":\"input\",\"isRequired\":1,\"defaultValue\":\"10\",\"name\":\"Build保留数量\",\"description\":\"Build的保留数量，超过此数量的将会自动删除\",\"sort\":1,\"type\":\"text\",\"key\":\"buildresv\"},{\"mode\":\"input\",\"isRequired\":1,\"defaultValue\":\"90\",\"name\":\"版本保留天数\",\"description\":\"版本的保留天数，超过保留天数和保留数量的将会自动删除\",\"sort\":2,\"type\":\"text\",\"key\":\"verttl\"},{\"mode\":\"input\",\"isRequired\":1,\"defaultValue\":\"6\",\"name\":\"版本保留数量\",\"description\":\"版本的保留数量，超过保留天数和保留数量的将会自动删除\",\"sort\":3,\"type\":\"text\",\"key\":\"verresv\"},{\"mode\":\"input\",\"isRequired\":0,\"defaultValue\":\"db/${VERSION}\",\"name\":\"DB目录\",\"description\":\"存放数据库SQL脚本的子目录（相对于工程目录的相对目录，留空代表：db/${VERSION}）\",\"sort\":4,\"type\":\"text\",\"key\":\"dbdir\"},{\"mode\":\"input\",\"isRequired\":0,\"defaultValue\":\"doc/${VERSION}\",\"name\":\"DOC目录\",\"description\":\"存放文档的子目录（相对于工程目录的相对目录，留空代表：doc/${VERSION}）\",\"sort\":5,\"type\":\"text\",\"key\":\"docdir\"},{\"mode\":\"input\",\"isRequired\":0,\"defaultValue\":\"\",\"name\":\"包制品扩展名\",\"description\":\"如果是非代码工程，可能对zip包等进行解压抽取，例如：zip,tar,tgz,tar.gz\",\"sort\":6,\"type\":\"text\",\"key\":\"packexts\"},{\"mode\":\"input\",\"isRequired\":0,\"defaultValue\":\"\",\"name\":\"排除目录\",\"description\":\"排除子目录，逗号相隔，不对这些子目录进行同步\",\"sort\":7,\"type\":\"text\",\"key\":\"exp\"},{\"mode\":\"input\",\"isRequired\":1,\"defaultValue\":\"0\",\"name\":\"生成文件MD5\",\"description\":\"生成制品中文件的md5 checksum（正常不需要，除非客户要求）\",\"sort\":8,\"type\":\"select\",\"config\":{\"dataList\":[{\"text\":\"是\",\"value\":\"1\"},{\"text\":\"否\",\"value\":\"0\"}],\"dataSource\":\"static\"},\"key\":\"md5check\"}]}', '2023-03-16 19:54:07.090', NULL, 0);
INSERT INTO `autoexec_tool` VALUES (622901136777245, 'build/vergetsvn', 1, 'runner', 603593346179072, 477321156894720, '拉取SVN仓库中的代码', 'perl', NULL, 650507559165964, '{\"paramList\":[{\"mode\":\"input\",\"isRequired\":1,\"defaultValue\":\"1\",\"name\":\"显示明细\",\"description\":\"执行日志显示详细信息\",\"sort\":0,\"type\":\"select\",\"config\":{\"dataList\":[{\"text\":\"是\",\"value\":\"1\"},{\"text\":\"否\",\"value\":\"0\"}],\"dataSource\":\"static\"},\"key\":\"verbose\"},{\"mode\":\"input\",\"isRequired\":1,\"defaultValue\":\"en_US.UTF-8\",\"name\":\"语言\",\"description\":\"工程代码的语言和编码\",\"sort\":1,\"type\":\"select\",\"config\":{\"dataList\":[{\"text\":\"en_US.UTF-8\",\"value\":\"en_US.UTF-8\"},{\"text\":\"en_US.GB18030\",\"value\":\"en_US.GB18030\"}],\"dataSource\":\"static\"},\"key\":\"lang\"},{\"mode\":\"input\",\"isRequired\":1,\"defaultValue\":\"\",\"name\":\"仓库地址\",\"description\":\"GIT的仓库地址或SVN仓库的根路径\",\"sort\":2,\"type\":\"text\",\"key\":\"repo\"},{\"mode\":\"input\",\"isRequired\":1,\"defaultValue\":\"svn.user\",\"name\":\"用户名\",\"description\":\"访问仓库的用户名(如GIT使用ssh方式，留空)\",\"mappingMode\":\"globalparam\",\"sort\":3,\"type\":\"text\",\"key\":\"user\"},{\"mode\":\"input\",\"isRequired\":1,\"defaultValue\":\"svn.password\",\"name\":\"密码\",\"description\":\"访问仓库的密码\",\"mappingMode\":\"globalparam\",\"sort\":4,\"type\":\"password\",\"key\":\"password\"},{\"mode\":\"input\",\"isRequired\":0,\"defaultValue\":\"trunk\",\"name\":\"主干\",\"description\":\"SVN的主干子目录（相对于仓库的子目录）\",\"sort\":5,\"type\":\"text\",\"key\":\"trunk\"},{\"mode\":\"input\",\"isRequired\":0,\"defaultValue\":\"${VERSION}\",\"name\":\"版本分支\",\"description\":\"SVN的版本子目录（相对于仓库的子目录）\",\"sort\":6,\"type\":\"text\",\"key\":\"branch\"},{\"mode\":\"input\",\"isRequired\":0,\"defaultValue\":\"V${VERSION}\",\"name\":\"标签\",\"description\":\"SVN的版本标签子目录，（相对于仓库的子目录）\",\"sort\":7,\"type\":\"text\",\"key\":\"tag\"},{\"mode\":\"input\",\"isRequired\":0,\"defaultValue\":\"tags\",\"name\":\"SVN标签目录\",\"description\":\"SVN存放标签的仓库子目录，（相对于仓库的子目录）\",\"sort\":8,\"type\":\"text\",\"key\":\"tagsdir\"},{\"mode\":\"input\",\"isRequired\":0,\"defaultValue\":\"\",\"name\":\"子目录\",\"description\":\"存放代码仓库的子目录，用于多个代码仓库联合编译的情况\",\"sort\":9,\"type\":\"text\",\"key\":\"startpath\"}]}', '2023-03-16 19:54:07.241', NULL, 0);
INSERT INTO `autoexec_tool` VALUES (622901136777246, 'build/convmvdir', 1, 'runner', 603593346179072, 477321156894720, '转换目录或文件名编码为一致的编码', 'perl', NULL, NULL, '{\"paramList\":[{\"mode\":\"input\",\"isRequired\":1,\"defaultValue\":\"GBK\",\"name\":\"源编码\",\"description\":\"目录或文件名的源编码\",\"sort\":0,\"type\":\"select\",\"config\":{\"dataList\":[{\"text\":\"UTF-8\",\"value\":\"UTF-8\"},{\"text\":\"GBK\",\"value\":\"GBK\"}],\"dataSource\":\"static\"},\"key\":\"from\"},{\"mode\":\"input\",\"isRequired\":1,\"defaultValue\":\"UTF-8\",\"name\":\"目标编码\",\"description\":\"目录或文件名的目标编码\",\"sort\":1,\"type\":\"select\",\"config\":{\"dataList\":[{\"text\":\"UTF-8\",\"value\":\"UTF-8\"},{\"text\":\"GBK\",\"value\":\"GBK\"}],\"dataSource\":\"static\"},\"key\":\"to\"}]}', '2023-03-16 19:54:07.100', NULL, 0);
INSERT INTO `autoexec_tool` VALUES (622901136777247, 'build/vergetdiff', 1, 'runner', 603593346179072, 477321156894720, '使用代码仓库的diff功能获取增量代码（需要在verget后才能使用）', 'perl', NULL, 650507559165964, '{\"paramList\":[{\"mode\":\"input\",\"isRequired\":1,\"defaultValue\":\"1\",\"name\":\"显示明细\",\"description\":\"执行日志显示详细信息\",\"sort\":0,\"type\":\"select\",\"config\":{\"dataList\":[{\"text\":\"是\",\"value\":\"1\"},{\"text\":\"否\",\"value\":\"0\"}],\"dataSource\":\"static\"},\"key\":\"verbose\"},{\"mode\":\"input\",\"isRequired\":1,\"defaultValue\":\"master\",\"name\":\"增量保存目录\",\"description\":\"抽取的增量代码保存的子目录（工程内的相对目录）\",\"sort\":1,\"type\":\"text\",\"key\":\"diffsavedir\"},{\"mode\":\"input\",\"isRequired\":1,\"defaultValue\":\"${VERSION}\",\"name\":\"排除目录\",\"description\":\"增量抽取排除的子目录，逗号相隔（工程内的相对目录）\",\"sort\":2,\"type\":\"text\",\"key\":\"excludedirs\"},{\"mode\":\"input\",\"isRequired\":1,\"defaultValue\":\"baseline\",\"name\":\"基线标签\",\"description\":\"diff比较的基线标签名或者SVN的标签子目录\",\"sort\":3,\"type\":\"text\",\"key\":\"basetag\"},{\"mode\":\"input\",\"isRequired\":0,\"defaultValue\":\"\",\"name\":\"比较Revision\",\"description\":\"diff比较的Revision号\",\"sort\":4,\"type\":\"text\",\"key\":\"baserev\"},{\"mode\":\"input\",\"isRequired\":0,\"defaultValue\":\"\",\"name\":\"子目录\",\"description\":\"存放代码仓库的子目录，用于多个代码仓库联合编译的情况\",\"sort\":5,\"type\":\"text\",\"key\":\"startpath\"},{\"mode\":\"input\",\"isRequired\":0,\"defaultValue\":\"git.user\",\"name\":\"用户名\",\"description\":\"访问仓库的用户名(如GIT使用ssh方式，留空)\",\"mappingMode\":\"globalparam\",\"sort\":6,\"type\":\"text\",\"key\":\"user\"},{\"mode\":\"input\",\"isRequired\":0,\"defaultValue\":\"git.password\",\"name\":\"密码\",\"description\":\"访问仓库的密码(如GIT使用ssh方式，留空)\",\"mappingMode\":\"globalparam\",\"sort\":7,\"type\":\"password\",\"key\":\"password\"}]}', '2023-03-16 19:54:07.138', NULL, 0);
INSERT INTO `autoexec_tool` VALUES (622901136777248, 'build/dockerpush', 1, 'runner', 603593346179072, 477321156894720, '把在Runner节点生成到本机仓库的docker镜像推送到远程镜像仓库', 'perl', NULL, 650507567554579, '{\"paramList\":[{\"mode\":\"input\",\"isRequired\":1,\"defaultValue\":\"harbor\",\"name\":\"仓库类型\",\"description\":\"仓库类型，默认为官方Docker Hub\",\"sort\":0,\"type\":\"select\",\"config\":{\"dataList\":[{\"text\":\"官方DockerHub\",\"value\":\"dockerHub\"},{\"text\":\"私有harbor\",\"value\":\"harbor\"}],\"dataSource\":\"static\"},\"key\":\"storeType\"},{\"mode\":\"input\",\"isRequired\":1,\"defaultValue\":\"docker.reg.addr\",\"name\":\"镜像仓库\",\"description\":\"镜像仓库地址，例如：10.0.1.13:8080\",\"mappingMode\":\"globalparam\",\"sort\":1,\"type\":\"text\",\"key\":\"registry\"},{\"mode\":\"input\",\"isRequired\":1,\"defaultValue\":\"${SYS_NAME}\",\"name\":\"Docker工程名\",\"description\":\"Docker的project名称，默认保持与应用同名\",\"sort\":2,\"type\":\"text\",\"key\":\"project\"},{\"mode\":\"input\",\"isRequired\":1,\"defaultValue\":\"${MODULE_NAME}\",\"name\":\"镜像名\",\"description\":\"Docker的镜像名，默认保持与模块同名\",\"sort\":3,\"type\":\"text\",\"key\":\"image\"},{\"mode\":\"input\",\"isRequired\":1,\"defaultValue\":\"${ENV_NAME}-${VERSION}\",\"name\":\"标签名\",\"description\":\"Docker的镜像标签名，默认保持为：环境名-版本号\",\"sort\":4,\"type\":\"text\",\"key\":\"tagname\"},{\"mode\":\"input\",\"isRequired\":1,\"defaultValue\":\"docker.reg.user\",\"name\":\"仓库用户\",\"description\":\"Docker的镜像仓库登录用户名\",\"mappingMode\":\"globalparam\",\"sort\":5,\"type\":\"text\",\"key\":\"user\"},{\"mode\":\"input\",\"isRequired\":1,\"defaultValue\":\"docker.reg.password\",\"name\":\"仓库密码\",\"description\":\"Docker的镜像仓库登录用户密码\",\"mappingMode\":\"globalparam\",\"sort\":6,\"type\":\"password\",\"key\":\"password\"},{\"mode\":\"output\",\"name\":\"镜像名称\",\"description\":\"镜像名称\",\"sort\":0,\"type\":\"text\",\"key\":\"image_name\"}]}', '2023-03-16 19:54:07.152', NULL, 0);
INSERT INTO `autoexec_tool` VALUES (622901136777249, 'build/cptimestamp', 1, 'runner', 603593346179072, 477321156894720, '把源目录下的文件的时间同步到目标目录', 'perl', NULL, NULL, '{\"paramList\":[{\"mode\":\"input\",\"isRequired\":1,\"defaultValue\":\"1\",\"name\":\"显示明细\",\"description\":\"执行日志显示详细信息\",\"sort\":0,\"type\":\"select\",\"config\":{\"dataList\":[{\"text\":\"是\",\"value\":\"1\"},{\"text\":\"否\",\"value\":\"0\"}],\"dataSource\":\"static\"},\"key\":\"verbose\"},{\"mode\":\"input\",\"isRequired\":1,\"defaultValue\":\"\",\"name\":\"源目录\",\"description\":\"源目录（相对于当前系统存储物料的根目录）\",\"sort\":1,\"type\":\"text\",\"key\":\"src\"},{\"mode\":\"input\",\"isRequired\":1,\"defaultValue\":\"\",\"name\":\"目标目录\",\"description\":\"目标目录（相对于当前系统存储物料的根目录）\",\"sort\":2,\"type\":\"text\",\"key\":\"dest\"}]}', '2023-03-16 19:54:07.252', NULL, 0);
INSERT INTO `autoexec_tool` VALUES (622901136777251, 'build/gitprotect', 1, 'runner', 603593346179072, 477321156894720, '设置或删除GIT的保护策略', 'perl', NULL, 650507559165964, '{\"paramList\":[{\"mode\":\"input\",\"isRequired\":1,\"defaultValue\":\"1\",\"name\":\"显示明细\",\"description\":\"执行日志显示详细信息\",\"sort\":0,\"type\":\"select\",\"config\":{\"dataList\":[{\"text\":\"是\",\"value\":\"1\"},{\"text\":\"否\",\"value\":\"0\"}],\"dataSource\":\"static\"},\"key\":\"verbose\"},{\"mode\":\"input\",\"isRequired\":1,\"defaultValue\":\"git.api.token\",\"name\":\"API根URL\",\"description\":\"GitLab的RestFul api的根，例如：https://gitlab.example.com/api/v4\",\"mappingMode\":\"globalparam\",\"sort\":1,\"type\":\"text\",\"key\":\"baseurl\"},{\"mode\":\"input\",\"isRequired\":1,\"defaultValue\":\"git.user\",\"name\":\"用户名\",\"description\":\"访问仓库的用户名\",\"mappingMode\":\"globalparam\",\"sort\":2,\"type\":\"text\",\"key\":\"user\"},{\"mode\":\"input\",\"isRequired\":1,\"defaultValue\":\"git.api.token\",\"name\":\"验证令牌\",\"description\":\"访问API的Token\",\"mappingMode\":\"globalparam\",\"sort\":3,\"type\":\"text\",\"key\":\"token\"},{\"mode\":\"input\",\"isRequired\":1,\"defaultValue\":\"tags\",\"name\":\"保护类型\",\"description\":\"保护策略保护的类型\",\"sort\":4,\"type\":\"select\",\"config\":{\"dataList\":[{\"text\":\"tags\",\"value\":\"tags\"},{\"text\":\"branches\",\"value\":\"branches\"}],\"dataSource\":\"static\"},\"key\":\"object\"},{\"mode\":\"input\",\"isRequired\":1,\"defaultValue\":\"\",\"name\":\"保护目标\",\"description\":\"保护目标名称或名称的Pattern\",\"sort\":5,\"type\":\"text\",\"key\":\"pattern\"},{\"mode\":\"input\",\"isRequired\":1,\"defaultValue\":\"add\",\"name\":\"动作\",\"description\":\"动作（增加或删除保护）\",\"sort\":6,\"type\":\"select\",\"config\":{\"dataList\":[{\"text\":\"添加\",\"value\":\"add\"},{\"text\":\"删除\",\"value\":\"delete\"}],\"dataSource\":\"static\"},\"key\":\"action\"}]}', '2023-03-16 19:54:07.215', NULL, 0);
INSERT INTO `autoexec_tool` VALUES (622901136777252, 'build/versyncck', 1, 'runner', 603593346179072, 477321156894720, '检查主干代码是否已经合并到当前版本分支或标签（需要在verget后才能使用）', 'perl', NULL, 650507559165964, '{\"paramList\":[{\"mode\":\"input\",\"isRequired\":1,\"defaultValue\":\"1\",\"name\":\"显示明细\",\"description\":\"执行日志显示详细信息\",\"sort\":0,\"type\":\"select\",\"config\":{\"dataList\":[{\"text\":\"是\",\"value\":\"1\"},{\"text\":\"否\",\"value\":\"0\"}],\"dataSource\":\"static\"},\"key\":\"verbose\"},{\"mode\":\"input\",\"isRequired\":1,\"defaultValue\":\"en_US.UTF-8\",\"name\":\"语言\",\"description\":\"工程代码的语言和编码\",\"sort\":1,\"type\":\"select\",\"config\":{\"dataList\":[{\"text\":\"en_US.UTF-8\",\"value\":\"en_US.UTF-8\"},{\"text\":\"en_US.GB18030\",\"value\":\"en_US.GB18030\"}],\"dataSource\":\"static\"},\"key\":\"lang\"},{\"mode\":\"input\",\"isRequired\":0,\"defaultValue\":\"\",\"name\":\"子目录\",\"description\":\"存放代码仓库的子目录，用于多个代码仓库联合编译的情况\",\"sort\":2,\"type\":\"text\",\"key\":\"startpath\"},{\"mode\":\"input\",\"isRequired\":0,\"defaultValue\":\"git.user\",\"name\":\"用户名\",\"description\":\"访问仓库的用户名(如GIT使用ssh方式，留空)\",\"mappingMode\":\"globalparam\",\"sort\":3,\"type\":\"text\",\"key\":\"user\"},{\"mode\":\"input\",\"isRequired\":0,\"defaultValue\":\"git.password\",\"name\":\"密码\",\"description\":\"访问仓库的密码(如GIT使用ssh方式，留空)\",\"mappingMode\":\"globalparam\",\"sort\":4,\"type\":\"password\",\"key\":\"password\"}]}', '2023-03-16 19:54:07.078', NULL, 0);
INSERT INTO `autoexec_tool` VALUES (622901136777253, 'build/vertag', 1, 'runner', 603593346179072, 477321156894720, '对于基于标签的版本，自动打标签（需要在verget后才能使用）', 'perl', NULL, 650507559165964, '{\"paramList\":[{\"mode\":\"input\",\"isRequired\":1,\"defaultValue\":\"1\",\"name\":\"显示明细\",\"description\":\"执行日志显示详细信息\",\"sort\":0,\"type\":\"select\",\"config\":{\"dataList\":[{\"text\":\"是\",\"value\":\"1\"},{\"text\":\"否\",\"value\":\"0\"}],\"dataSource\":\"static\"},\"key\":\"verbose\"},{\"mode\":\"input\",\"isRequired\":1,\"defaultValue\":\"en_US.UTF-8\",\"name\":\"语言\",\"description\":\"工程代码的语言和编码\",\"sort\":1,\"type\":\"select\",\"config\":{\"dataList\":[{\"text\":\"en_US.UTF-8\",\"value\":\"en_US.UTF-8\"},{\"text\":\"en_US.GB18030\",\"value\":\"en_US.GB18030\"}],\"dataSource\":\"static\"},\"key\":\"lang\"},{\"mode\":\"input\",\"isRequired\":1,\"defaultValue\":\"\",\"name\":\"仓库地址\",\"description\":\"GIT的仓库地址或SVN仓库的根路径\",\"sort\":2,\"type\":\"text\",\"key\":\"tagprefix\"},{\"mode\":\"input\",\"isRequired\":1,\"defaultValue\":\"git.user\",\"name\":\"用户名\",\"description\":\"访问仓库的用户名(如GIT使用ssh方式，留空)\",\"mappingMode\":\"globalparam\",\"sort\":3,\"type\":\"text\",\"key\":\"user\"},{\"mode\":\"input\",\"isRequired\":1,\"defaultValue\":\"git.password\",\"name\":\"密码\",\"description\":\"访问仓库的密码(如GIT使用ssh方式，留空)\",\"mappingMode\":\"globalparam\",\"sort\":4,\"type\":\"password\",\"key\":\"password\"},{\"mode\":\"input\",\"isRequired\":1,\"defaultValue\":\"${VERSION}\",\"name\":\"版本分支\",\"description\":\"GIT的版本分支或SVN的版本子目录\",\"sort\":5,\"type\":\"text\",\"key\":\"branch\"},{\"mode\":\"input\",\"isRequired\":1,\"defaultValue\":\"tags\",\"name\":\"SVN标签目录\",\"description\":\"只有SVN需要配置，SVN存放标签的仓库子目录\",\"sort\":6,\"type\":\"text\",\"key\":\"tagsdir\"},{\"mode\":\"input\",\"isRequired\":0,\"defaultValue\":\"\",\"name\":\"子目录\",\"description\":\"存放代码仓库的子目录，用于多个代码仓库联合编译的情况\",\"sort\":7,\"type\":\"text\",\"key\":\"startpath\"}]}', '2023-03-16 19:54:07.450', NULL, 0);
INSERT INTO `autoexec_tool` VALUES (622901136777254, 'build/verchangeck', 1, 'runner', 603593346179072, 477321156894720, '版本编译后，代码分支是否存在修改（需要在verget后才能使用）', 'perl', NULL, 650507559165964, '{\"paramList\":[{\"mode\":\"input\",\"isRequired\":1,\"defaultValue\":\"1\",\"name\":\"显示明细\",\"description\":\"执行日志显示详细信息\",\"sort\":0,\"type\":\"select\",\"config\":{\"dataList\":[{\"text\":\"是\",\"value\":\"1\"},{\"text\":\"否\",\"value\":\"0\"}],\"dataSource\":\"static\"},\"key\":\"verbose\"},{\"mode\":\"input\",\"isRequired\":1,\"defaultValue\":\"en_US.UTF-8\",\"name\":\"语言\",\"description\":\"工程代码的语言和编码\",\"sort\":1,\"type\":\"select\",\"config\":{\"dataList\":[{\"text\":\"en_US.UTF-8\",\"value\":\"en_US.UTF-8\"},{\"text\":\"en_US.GB18030\",\"value\":\"en_US.GB18030\"}],\"dataSource\":\"static\"},\"key\":\"lang\"},{\"mode\":\"input\",\"isRequired\":0,\"defaultValue\":\"\",\"name\":\"子目录\",\"description\":\"存放代码仓库的子目录，用于多个代码仓库联合编译的情况\",\"sort\":2,\"type\":\"text\",\"key\":\"startpath\"},{\"mode\":\"input\",\"isRequired\":0,\"defaultValue\":\"git.user\",\"name\":\"用户名\",\"description\":\"访问仓库的用户名(如GIT使用ssh方式，留空)\",\"mappingMode\":\"globalparam\",\"sort\":3,\"type\":\"text\",\"key\":\"user\"},{\"mode\":\"input\",\"isRequired\":0,\"defaultValue\":\"git.password\",\"name\":\"密码\",\"description\":\"访问仓库的密码(如GIT使用ssh方式，留空)\",\"mappingMode\":\"globalparam\",\"sort\":4,\"type\":\"password\",\"key\":\"password\"}]}', '2023-03-16 19:54:07.325', NULL, 0);
INSERT INTO `autoexec_tool` VALUES (622901136777255, 'build/syncdir', 1, 'runner', 603593346179072, 477321156894720, '同步本地的两个目录内容', 'perl', NULL, NULL, '{\"paramList\":[{\"mode\":\"input\",\"isRequired\":1,\"defaultValue\":\"1\",\"name\":\"显示明细\",\"description\":\"执行日志显示详细信息\",\"sort\":0,\"type\":\"select\",\"config\":{\"dataList\":[{\"text\":\"是\",\"value\":\"1\"},{\"text\":\"否\",\"value\":\"0\"}],\"dataSource\":\"static\"},\"key\":\"verbose\"},{\"mode\":\"input\",\"isRequired\":1,\"defaultValue\":\"0\",\"name\":\"文件MD5\",\"description\":\"同步时比较文件的MD5\",\"sort\":1,\"type\":\"select\",\"config\":{\"dataList\":[{\"text\":\"是\",\"value\":\"0\"},{\"text\":\"否\",\"value\":\"1\"}],\"dataSource\":\"static\"},\"key\":\"nomd5\"},{\"mode\":\"input\",\"isRequired\":1,\"defaultValue\":\"0\",\"name\":\"删除多出内容\",\"description\":\"删除目标目录多出的文件或子目录\",\"sort\":2,\"type\":\"select\",\"config\":{\"dataList\":[{\"text\":\"是\",\"value\":\"0\"},{\"text\":\"否\",\"value\":\"1\"}],\"dataSource\":\"static\"},\"key\":\"nodelete\"},{\"mode\":\"input\",\"isRequired\":1,\"defaultValue\":\"0\",\"name\":\"同步文件权限\",\"description\":\"把源目录下的文件和子目录的权限同步到目标目录\",\"sort\":3,\"type\":\"select\",\"config\":{\"dataList\":[{\"text\":\"是\",\"value\":\"0\"},{\"text\":\"否\",\"value\":\"1\"}],\"dataSource\":\"static\"},\"key\":\"noattrs\"},{\"mode\":\"input\",\"isRequired\":1,\"defaultValue\":\"1\",\"name\":\"比较修改时间\",\"description\":\"如果目标目录下的内容的修改时间与源目录下的不一致，则认为需要同步\",\"sort\":4,\"type\":\"select\",\"config\":{\"dataList\":[{\"text\":\"是\",\"value\":\"0\"},{\"text\":\"否\",\"value\":\"1\"}],\"dataSource\":\"static\"},\"key\":\"notime\"},{\"mode\":\"input\",\"isRequired\":0,\"defaultValue\":\"\",\"name\":\"排除目录\",\"description\":\"排除子目录，逗号相隔，不对这些子目录进行同步\",\"sort\":5,\"type\":\"text\",\"key\":\"exp\"},{\"mode\":\"input\",\"isRequired\":1,\"defaultValue\":\"\",\"name\":\"源目录\",\"description\":\"同步的源目录（相对于当前系统存储物料的根目录）\",\"sort\":6,\"type\":\"text\",\"key\":\"src\"},{\"mode\":\"input\",\"isRequired\":1,\"defaultValue\":\"\",\"name\":\"目标目录\",\"description\":\"同步的目标目录（相对于当前系统存储物料的根目录）\",\"sort\":7,\"type\":\"text\",\"key\":\"dest\"}]}', '2023-03-16 19:54:07.313', NULL, 0);
INSERT INTO `autoexec_tool` VALUES (622901136777256, 'build/dockerbuild', 1, 'runner', 603593346179072, 477321156894720, '工程编译并生成环境制品后，基于环境制品目录生成docker镜像', 'perl', NULL, 650507567554579, '{\"paramList\":[{\"mode\":\"input\",\"isRequired\":1,\"defaultValue\":\"docker.reg.addr\",\"name\":\"镜像仓库\",\"description\":\"镜像仓库地址，例如：10.0.1.13:8080\",\"mappingMode\":\"globalparam\",\"sort\":0,\"type\":\"text\",\"key\":\"registry\"},{\"mode\":\"input\",\"isRequired\":1,\"defaultValue\":\"${SYS_NAME}\",\"name\":\"Docker工程名\",\"description\":\"Docker的project名称，默认保持与应用同名\",\"sort\":1,\"type\":\"text\",\"key\":\"project\"},{\"mode\":\"input\",\"isRequired\":1,\"defaultValue\":\"${MODULE_NAME}\",\"name\":\"镜像名\",\"description\":\"Docker的镜像名，默认保持与模块同名\",\"sort\":2,\"type\":\"text\",\"key\":\"image\"},{\"mode\":\"input\",\"isRequired\":1,\"defaultValue\":\"${ENV_NAME}-${VERSION}\",\"name\":\"标签名\",\"description\":\"Docker的镜像标签名，默认保持为：环境名-版本号\",\"sort\":3,\"type\":\"text\",\"key\":\"tagname\"},{\"mode\":\"output\",\"name\":\"镜像名称\",\"description\":\"镜像名称\",\"sort\":0,\"type\":\"text\",\"key\":\"image_name\"}]}', '2023-03-16 19:54:07.362', NULL, 0);
INSERT INTO `autoexec_tool` VALUES (622901136777257, 'build/compile', 1, 'runner', 603593346179072, 477321156894720, '对拉取的代码进行编译', 'perl', NULL, 650507559165963, '{\"paramList\":[{\"mode\":\"input\",\"isRequired\":1,\"defaultValue\":\"1\",\"name\":\"显示明细\",\"description\":\"执行日志显示详细信息\",\"sort\":0,\"type\":\"select\",\"config\":{\"dataList\":[{\"text\":\"是\",\"value\":\"1\"},{\"text\":\"否\",\"value\":\"0\"}],\"dataSource\":\"static\"},\"key\":\"verbose\"},{\"mode\":\"input\",\"isRequired\":1,\"defaultValue\":\"en_US.UTF-8\",\"name\":\"语言\",\"description\":\"工程代码的语言和编码\",\"sort\":1,\"type\":\"select\",\"config\":{\"dataList\":[{\"text\":\"en_US.UTF-8\",\"value\":\"en_US.UTF-8\"},{\"text\":\"en_US.GB18030\",\"value\":\"en_US.GB18030\"}],\"dataSource\":\"static\"},\"key\":\"lang\"},{\"mode\":\"input\",\"isRequired\":1,\"defaultValue\":\"maven\",\"name\":\"编译类型\",\"description\":\"编译类型\",\"sort\":2,\"type\":\"select\",\"config\":{\"dataList\":[{\"text\":\"maven\",\"value\":\"maven\"},{\"text\":\"ant\",\"value\":\"ant\"},{\"text\":\"gradle\",\"value\":\"gradle\"},{\"text\":\"npm\",\"value\":\"npm\"}],\"dataSource\":\"static\"},\"key\":\"type\"},{\"mode\":\"input\",\"isRequired\":0,\"defaultValue\":\"\",\"name\":\"JDK版本\",\"description\":\"JDK版本\",\"sort\":3,\"type\":\"select\",\"config\":{\"dataList\":[{\"text\":\"自动\",\"value\":\"\"},{\"text\":\"jdk1.8\",\"value\":\"jdk1.8\"},{\"text\":\"jdk1.7\",\"value\":\"jdk1.7\"},{\"text\":\"jdk1.6\",\"value\":\"jdk1.6\"},{\"text\":\"jdk1.5\",\"value\":\"jdk1.5\"}],\"dataSource\":\"static\"},\"key\":\"jdk\"},{\"mode\":\"input\",\"isRequired\":0,\"defaultValue\":\"\",\"name\":\"自定义参数\",\"description\":\"编译工具的自定义参数（譬如：ant或mvn的参数）\",\"sort\":4,\"type\":\"text\",\"key\":\"args\"},{\"mode\":\"input\",\"isRequired\":0,\"defaultValue\":\"\",\"name\":\"起始子目录\",\"description\":\"编译配置所在子目录（相对于工程根）\",\"sort\":5,\"type\":\"text\",\"key\":\"startpath\"},{\"mode\":\"input\",\"isRequired\":0,\"defaultValue\":\"0\",\"name\":\"是否子模块\",\"description\":\"当前获取的代码仓库是子模块，用于多个代码仓库联合编译的情况\",\"sort\":6,\"type\":\"select\",\"config\":{\"dataList\":[{\"text\":\"否\",\"value\":\"0\"},{\"text\":\"是\",\"value\":\"1\"}],\"dataSource\":\"static\"},\"key\":\"islib\"}]}', '2023-03-16 19:54:07.413', NULL, 0);
INSERT INTO `autoexec_tool` VALUES (622901145165824, 'deploy/dockerpull', 1, 'target', 477317977612288, 477321156894720, '拉取Docker镜像到当前主机', 'perl', NULL, 650507567554579, '{\"paramList\":[{\"mode\":\"input\",\"isRequired\":1,\"defaultValue\":\"\",\"name\":\"镜像仓库\",\"description\":\"镜像仓库地址，例如：10.0.1.13:8080\",\"sort\":0,\"type\":\"text\",\"key\":\"registry\"},{\"mode\":\"input\",\"isRequired\":1,\"defaultValue\":\"${SYS_NAME}\",\"name\":\"Docker工程名\",\"description\":\"Docker的project名称，默认保持与应用同名\",\"sort\":1,\"type\":\"text\",\"key\":\"project\"},{\"mode\":\"input\",\"isRequired\":1,\"defaultValue\":\"${MODULE_NAME}\",\"name\":\"镜像名\",\"description\":\"Docker的镜像名，默认保持与模块同名\",\"sort\":2,\"type\":\"text\",\"key\":\"image\"},{\"mode\":\"input\",\"isRequired\":1,\"defaultValue\":\"${ENV_NAME}-${VERSION}\",\"name\":\"标签名\",\"description\":\"Docker的镜像标签名，默认保持为：环境名-版本号\",\"sort\":3,\"type\":\"text\",\"key\":\"tagname\"},{\"mode\":\"input\",\"isRequired\":1,\"defaultValue\":\"docker.reg.user\",\"name\":\"仓库用户\",\"description\":\"Docker的镜像仓库登录用户名\",\"mappingMode\":\"globalparam\",\"sort\":4,\"type\":\"text\",\"key\":\"user\"},{\"mode\":\"input\",\"isRequired\":1,\"defaultValue\":\"docker.reg.password\",\"name\":\"仓库密码\",\"description\":\"Docker的镜像仓库登录用户密码\",\"mappingMode\":\"globalparam\",\"sort\":5,\"type\":\"password\",\"key\":\"password\"}]}', '2023-03-16 19:54:08.859', NULL, 0);
INSERT INTO `autoexec_tool` VALUES (622901145165825, 'deploy/backup', 1, 'target', 477317977612288, 477321156894720, '更新目标应用文件', 'perl', NULL, 650507575943168, '{\"paramList\":[{\"mode\":\"input\",\"isRequired\":1,\"defaultValue\":\"1\",\"name\":\"显示明细\",\"description\":\"执行日志显示详细信息\",\"sort\":0,\"type\":\"select\",\"config\":{\"dataList\":[{\"text\":\"是\",\"value\":\"1\"},{\"text\":\"否\",\"value\":\"0\"}],\"dataSource\":\"static\"},\"key\":\"verbose\"},{\"mode\":\"input\",\"isRequired\":1,\"defaultValue\":\"$INS_NAME\",\"name\":\"实例名\",\"description\":\"实例名称\",\"sort\":1,\"type\":\"text\",\"key\":\"ins\"},{\"mode\":\"input\",\"isRequired\":1,\"defaultValue\":\"$VERSION\",\"name\":\"版本\",\"description\":\"版本号\",\"sort\":2,\"type\":\"text\",\"key\":\"version\"},{\"mode\":\"input\",\"isRequired\":1,\"defaultValue\":\"3\",\"name\":\"保留备份数\",\"description\":\"保留的最少备份数量\",\"sort\":3,\"type\":\"text\",\"key\":\"backupcount\"},{\"mode\":\"input\",\"isRequired\":1,\"defaultValue\":\"30\",\"name\":\"保留备份天数\",\"description\":\"保留备份的最少天数\",\"sort\":4,\"type\":\"text\",\"key\":\"backuplastdays\"},{\"mode\":\"input\",\"isRequired\":1,\"defaultValue\":\"\",\"name\":\"保存备份目录\",\"description\":\"保存备份的目录，例如：/app/backup\",\"sort\":5,\"type\":\"text\",\"key\":\"backupdir\"},{\"mode\":\"input\",\"isRequired\":1,\"defaultValue\":\"\",\"name\":\"应用目录\",\"description\":\"版本物料更新到的目录目录，例如：/app/myapp\",\"sort\":6,\"type\":\"text\",\"key\":\"targetdir\"}]}', '2023-03-16 19:54:08.788', NULL, 0);
INSERT INTO `autoexec_tool` VALUES (622901145165826, 'deploy/deploy', 1, 'target', 477317977612288, 477321156894720, '更新目标应用文件', 'perl', NULL, 650507575943168, '{\"paramList\":[{\"mode\":\"input\",\"isRequired\":1,\"defaultValue\":\"1\",\"name\":\"显示明细\",\"description\":\"执行日志显示详细信息\",\"sort\":0,\"type\":\"select\",\"config\":{\"dataList\":[{\"text\":\"是\",\"value\":\"1\"},{\"text\":\"否\",\"value\":\"0\"}],\"dataSource\":\"static\"},\"key\":\"verbose\"},{\"mode\":\"input\",\"isRequired\":1,\"defaultValue\":\"$INS_NAME\",\"name\":\"实例名\",\"description\":\"实例名称\",\"sort\":1,\"type\":\"text\",\"key\":\"ins\"},{\"mode\":\"input\",\"isRequired\":1,\"defaultValue\":\"$VERSION\",\"name\":\"版本\",\"description\":\"版本号\",\"sort\":2,\"type\":\"text\",\"key\":\"version\"},{\"mode\":\"input\",\"isRequired\":1,\"defaultValue\":\"3\",\"name\":\"保留备份数\",\"description\":\"保留的最少备份数量\",\"sort\":3,\"type\":\"text\",\"key\":\"backupcount\"},{\"mode\":\"input\",\"isRequired\":1,\"defaultValue\":\"30\",\"name\":\"保留备份天数\",\"description\":\"保留备份的最少天数\",\"sort\":4,\"type\":\"text\",\"key\":\"backuplastdays\"},{\"mode\":\"input\",\"isRequired\":1,\"defaultValue\":\"\",\"name\":\"保存备份目录\",\"description\":\"保存备份的目录，例如：/app/backup\",\"sort\":5,\"type\":\"text\",\"key\":\"backupdir\"},{\"mode\":\"input\",\"isRequired\":1,\"defaultValue\":\"\",\"name\":\"版本物料路径\",\"description\":\"版本物料路径，例如：/tmp/test.war\",\"sort\":6,\"type\":\"text\",\"key\":\"versrcpath\"},{\"mode\":\"input\",\"isRequired\":1,\"defaultValue\":\"\",\"name\":\"应用目录\",\"description\":\"版本物料更新到的目录目录，例如：/app/myapp\",\"sort\":7,\"type\":\"text\",\"key\":\"targetdir\"}]}', '2023-03-16 19:54:08.822', NULL, 0);
INSERT INTO `autoexec_tool` VALUES (622901145165827, 'deploy/rollback', 1, 'target', 477317977612288, 477321156894720, '把应用回退到版本发布前状态', 'perl', NULL, 650507575943168, '{\"paramList\":[{\"mode\":\"input\",\"isRequired\":1,\"defaultValue\":\"1\",\"name\":\"显示明细\",\"description\":\"执行日志显示详细信息\",\"sort\":0,\"type\":\"select\",\"config\":{\"dataList\":[{\"text\":\"是\",\"value\":\"1\"},{\"text\":\"否\",\"value\":\"0\"}],\"dataSource\":\"static\"},\"key\":\"verbose\"},{\"mode\":\"input\",\"isRequired\":1,\"defaultValue\":\"$INS_NAME\",\"name\":\"实例名\",\"description\":\"实例名称\",\"sort\":1,\"type\":\"text\",\"key\":\"ins\"},{\"mode\":\"input\",\"isRequired\":1,\"defaultValue\":\"$VERSION\",\"name\":\"版本\",\"description\":\"版本号\",\"sort\":2,\"type\":\"text\",\"key\":\"version\"},{\"mode\":\"input\",\"isRequired\":1,\"defaultValue\":\"\",\"name\":\"保存备份目录\",\"description\":\"保存备份的目录，例如：/app/backup\",\"sort\":3,\"type\":\"text\",\"key\":\"backupdir\"},{\"mode\":\"input\",\"isRequired\":1,\"defaultValue\":\"\",\"name\":\"应用目录\",\"description\":\"版本物料更新到的目录目录，例如：/app/myapp\",\"sort\":4,\"type\":\"text\",\"key\":\"targetdir\"}]}', '2023-03-16 19:54:08.845', NULL, 0);
INSERT INTO `autoexec_tool` VALUES (622901145165828, 'deploy/patch', 1, 'target', 477317977612288, 477321156894720, '更新应用补丁到目标应用', 'perl', NULL, 650507575943168, '{\"paramList\":[{\"mode\":\"input\",\"isRequired\":1,\"defaultValue\":\"1\",\"name\":\"显示明细\",\"description\":\"执行日志显示详细信息\",\"sort\":0,\"type\":\"select\",\"config\":{\"dataList\":[{\"text\":\"是\",\"value\":\"1\"},{\"text\":\"否\",\"value\":\"0\"}],\"dataSource\":\"static\"},\"key\":\"verbose\"},{\"mode\":\"input\",\"isRequired\":1,\"defaultValue\":\"$INS_NAME\",\"name\":\"实例名\",\"description\":\"实例名称\",\"sort\":1,\"type\":\"text\",\"key\":\"ins\"},{\"mode\":\"input\",\"isRequired\":1,\"defaultValue\":\"$VERSION\",\"name\":\"版本\",\"description\":\"版本号\",\"sort\":2,\"type\":\"text\",\"key\":\"version\"},{\"mode\":\"input\",\"isRequired\":1,\"defaultValue\":\"3\",\"name\":\"保留备份数\",\"description\":\"保留的最少备份数量\",\"sort\":3,\"type\":\"text\",\"key\":\"backupcount\"},{\"mode\":\"input\",\"isRequired\":1,\"defaultValue\":\"30\",\"name\":\"保留备份天数\",\"description\":\"保留备份的最少天数\",\"sort\":4,\"type\":\"text\",\"key\":\"backuplastdays\"},{\"mode\":\"input\",\"isRequired\":1,\"defaultValue\":\"\",\"name\":\"保存备份目录\",\"description\":\"保存备份的目录，例如：/app/backup\",\"sort\":5,\"type\":\"text\",\"key\":\"backupdir\"},{\"mode\":\"input\",\"isRequired\":1,\"defaultValue\":\"\",\"name\":\"版本物料路径\",\"description\":\"版本物料路径，例如：/tmp/test.war\",\"sort\":6,\"type\":\"text\",\"key\":\"versrcpath\"},{\"mode\":\"input\",\"isRequired\":1,\"defaultValue\":\"\",\"name\":\"应用目录\",\"description\":\"版本物料更新到的目录目录，例如：/app/myapp\",\"sort\":7,\"type\":\"text\",\"key\":\"targetdir\"}]}', '2023-03-16 19:54:08.834', NULL, 0);
INSERT INTO `autoexec_tool` VALUES (622901145165829, 'startstop/dockerrun', 1, 'target', 680932126023680, 477321156894720, '在远程OS上运行Docker镜像', 'perl', NULL, 650507567554579, '{\"argument\":{\"argumentCount\":0,\"defaultValue\":\"\",\"description\":\"Docker启动所需要的应用参数\",\"id\":848588934275137,\"isRequired\":0,\"mappingMode\":\"constant\",\"mappingModeText\":\"常量\",\"mode\":\"input\",\"name\":\"应用参数\",\"type\":\"text\",\"typeText\":\"文本\",\"validate\":\"\"},\"paramList\":[{\"mode\":\"input\",\"isRequired\":1,\"defaultValue\":\"${SYS_NAME}-${MODULE_NAME}\",\"name\":\"容器名\",\"description\":\"容器名称\",\"sort\":0,\"type\":\"text\",\"key\":\"name\"},{\"mode\":\"input\",\"isRequired\":1,\"defaultValue\":\"${MODULE_NAME}\",\"name\":\"镜像名\",\"description\":\"Docker的镜像名，默认保持与模块同名\",\"sort\":1,\"type\":\"text\",\"key\":\"image\"},{\"mode\":\"input\",\"isRequired\":1,\"defaultValue\":\"${ENV_NAME}-${VERSION}\",\"name\":\"标签名\",\"description\":\"Docker的镜像标签名，默认保持为：环境名-版本号\",\"sort\":2,\"type\":\"text\",\"key\":\"tagname\"},{\"mode\":\"input\",\"isRequired\":0,\"defaultValue\":\"\",\"name\":\"暴露端口\",\"description\":\"Docker的镜像暴露的端口，格式：操作系统端:容器端口,多个逗号分隔。如：3308:3306,8099:8080\",\"sort\":3,\"type\":\"text\",\"key\":\"ports\"},{\"mode\":\"input\",\"isRequired\":0,\"defaultValue\":\"\",\"name\":\"网络名称\",\"description\":\"Docker的镜像绑定网络，如：neatlogic\",\"sort\":4,\"type\":\"text\",\"key\":\"network\"}]}', '2023-03-16 19:54:09.374', NULL, 0);
INSERT INTO `autoexec_tool` VALUES (634016478584832, 'cmdbcollect/discovery', 1, 'runner', 2, 477321156894720, '使用SNMP协议查询线上设备,识别设备类型并采集信息', 'perl', NULL, NULL, '{\"paramList\":[{\"mode\":\"input\",\"isRequired\":1,\"defaultValue\":\"192.168.0.0/24,192.168.1.0/24\",\"name\":\"网段\",\"description\":\"扫描的网段, 例如: 192.168.0.0/24,192.168.1.0/24\",\"sort\":0,\"type\":\"text\",\"key\":\"nets\"},{\"mode\":\"input\",\"isRequired\":1,\"defaultValue\":\"22,161,135,139,445,3389,3939\",\"name\":\"端口列表\",\"description\":\"扫描的的端口列表, 例如: 22,161,135,139,445,3389,3939\",\"sort\":1,\"type\":\"text\",\"key\":\"ports\"},{\"mode\":\"input\",\"isRequired\":1,\"defaultValue\":\"161\",\"name\":\"SNMP端口\",\"description\":\"SNMP端口号\",\"sort\":2,\"type\":\"text\",\"key\":\"snmpport\"},{\"mode\":\"input\",\"isRequired\":1,\"defaultValue\":\"[\\\"public\\\",\\\"mary\\\"]\",\"name\":\"团体字\",\"description\":\"扫描用的SNMP团体字JSON数组\",\"sort\":3,\"type\":\"json\",\"key\":\"communities\"},{\"mode\":\"input\",\"isRequired\":1,\"defaultValue\":\"16\",\"name\":\"WORKER数量\",\"description\":\"WOKER线程数量\",\"sort\":4,\"type\":\"text\",\"key\":\"workercount\"},{\"mode\":\"input\",\"isRequired\":1,\"defaultValue\":\"4\",\"name\":\"速度级别\",\"description\":\"1最慢,5最快\",\"sort\":5,\"type\":\"select\",\"config\":{\"dataList\":[{\"text\":\"1\",\"value\":\"1\"},{\"text\":\"2\",\"value\":\"2\"},{\"text\":\"3\",\"value\":\"3\"},{\"text\":\"4\",\"value\":\"4\"},{\"text\":\"5\",\"value\":\"5\"}],\"dataSource\":\"static\"},\"key\":\"timingtmpl\"},{\"mode\":\"output\",\"name\":\"JSON数据\",\"description\":\"采集到的数据\",\"sort\":0,\"type\":\"json\",\"key\":\"DATA\"}]}', '2023-03-16 19:54:07.586', NULL, 0);
INSERT INTO `autoexec_tool` VALUES (638869707743232, 'native/export', 1, 'native', 628103457857536, 477321156894720, '导出全局环境变量，提供给外部流程工具引用', 'python', NULL, NULL, '{\"argument\":{\"argumentCount\":0,\"defaultValue\":\"\",\"description\":\"需要导出的环境变量名\",\"id\":848588925886532,\"isRequired\":1,\"mappingMode\":\"constant\",\"mappingModeText\":\"常量\",\"mode\":\"input\",\"name\":\"导出变量名\",\"type\":\"text\",\"typeText\":\"文本\",\"validate\":\"\"}}', '2023-03-16 19:54:08.451', NULL, 0);
INSERT INTO `autoexec_tool` VALUES (638869707743233, 'native/setenv', 1, 'native', 628103457857536, 477321156894720, '设置全局环境变量并导出, 提供给外部流程工具引用', 'python', NULL, NULL, '{\"paramList\":[{\"mode\":\"input\",\"isRequired\":1,\"defaultValue\":\"\",\"name\":\"变量名\",\"description\":\"在环境变量中的名称\",\"sort\":0,\"type\":\"text\",\"key\":\"name\"},{\"mode\":\"input\",\"isRequired\":1,\"defaultValue\":\"\",\"name\":\"变量值\",\"description\":\"环境变量的值, 支持$()shell展开, 含有高危指令会失效\",\"sort\":1,\"type\":\"text\",\"key\":\"value\"},{\"mode\":\"input\",\"isRequired\":1,\"defaultValue\":\"node\",\"name\":\"作用域\",\"description\":\"环境变量的作用域\",\"sort\":2,\"type\":\"select\",\"config\":{\"dataList\":[{\"text\":\"当前节点\",\"value\":\"node\"},{\"text\":\"所有节点\",\"value\":\"global\"}],\"dataSource\":\"static\"},\"key\":\"scope\"}]}', '2023-03-16 19:54:08.638', NULL, 0);
INSERT INTO `autoexec_tool` VALUES (650507550777344, 'native/IF-Block', 1, 'native', 628103457857536, 477321156894720, '使用IF-ELSE组合多个工具', 'python', NULL, NULL, '{}', '2023-03-15 09:56:06.896', NULL, 0);
INSERT INTO `autoexec_tool` VALUES (650507559165958, 'deploy/tagentscript', 1, 'runner_target', 477317977612288, 477321156894720, 'Tagent执行远程脚本', 'perl', NULL, NULL, '{\"argument\":{\"argumentCount\":0,\"defaultValue\":\"\",\"description\":\"自定义脚本执行需要的参数\",\"id\":684494692343814,\"isRequired\":0,\"mappingMode\":\"constant\",\"mappingModeText\":\"常量\",\"mode\":\"input\",\"name\":\"脚本参数\",\"type\":\"text\",\"typeText\":\"文本\",\"validate\":\"\"},\"paramList\":[{\"mode\":\"input\",\"isRequired\":1,\"defaultValue\":\"1\",\"name\":\"显示明细\",\"description\":\"执行日志显示详细信息\",\"sort\":0,\"type\":\"select\",\"config\":{\"dataList\":[{\"text\":\"是\",\"value\":\"1\"},{\"text\":\"否\",\"value\":\"0\"}],\"dataSource\":\"static\"},\"key\":\"verbose\"},{\"mode\":\"input\",\"isRequired\":1,\"defaultValue\":\"15\",\"name\":\"超时时间\",\"description\":\"调用超时时间（秒）\",\"sort\":1,\"type\":\"text\",\"key\":\"timeout\"},{\"mode\":\"input\",\"isRequired\":0,\"defaultValue\":\"\",\"name\":\"结束字串\",\"description\":\"对于不会结束的命令，当输出此字串时，成功并结束执行\",\"sort\":2,\"type\":\"text\",\"key\":\"eofstr\"},{\"mode\":\"input\",\"isRequired\":1,\"defaultValue\":\"0\",\"name\":\"异步执行\",\"description\":\"异步执行，不等待执行结束\",\"sort\":3,\"type\":\"select\",\"config\":{\"dataList\":[{\"text\":\"是\",\"value\":\"1\"},{\"text\":\"否\",\"value\":\"0\"}],\"dataSource\":\"static\"},\"key\":\"async\"},{\"mode\":\"input\",\"isRequired\":0,\"defaultValue\":\"\",\"name\":\"服务端字符集\",\"description\":\"指定服务端的执行字符集\",\"sort\":4,\"type\":\"select\",\"config\":{\"dataList\":[{\"text\":\"自动\",\"value\":\"\"},{\"text\":\"en_US.UTF-8\",\"value\":\"en_US.UTF-8\"},{\"text\":\"zh_CN.GBK\",\"value\":\"zh_CN.GBK\"}],\"dataSource\":\"static\"},\"key\":\"destencoding\"},{\"mode\":\"input\",\"isRequired\":1,\"defaultValue\":\"sh\",\"name\":\"脚本语言\",\"description\":\"编写脚本的语言\",\"sort\":5,\"type\":\"select\",\"config\":{\"dataList\":[{\"text\":\"bash\",\"value\":\"sh\"},{\"text\":\"perl\",\"value\":\"perl\"},{\"text\":\"python\",\"value\":\"python\"},{\"text\":\"cmd\",\"value\":\"cmd\"},{\"text\":\"powershell\",\"value\":\"powershell\"},{\"text\":\"vbscript\",\"value\":\"vbscript\"}],\"dataSource\":\"static\"},\"key\":\"interpreter\"},{\"mode\":\"input\",\"isRequired\":1,\"defaultValue\":\"\",\"name\":\"脚本\",\"description\":\"执行脚本内容\",\"sort\":6,\"type\":\"textarea\",\"key\":\"script\"}]}', '2022-08-02 10:08:43.562', NULL, 0);
INSERT INTO `autoexec_tool` VALUES (650507559165960, 'deploy/sshscript', 1, 'runner_target', 477317977612288, 477321156894720, 'SSH执行远程脚本', 'perl', NULL, NULL, '{\"argument\":{\"argumentCount\":0,\"defaultValue\":\"\",\"description\":\"自定义脚本执行需要的参数\",\"id\":684494692343819,\"isRequired\":0,\"mappingMode\":\"constant\",\"mappingModeText\":\"常量\",\"mode\":\"input\",\"name\":\"脚本参数\",\"type\":\"text\",\"typeText\":\"文本\",\"validate\":\"\"},\"paramList\":[{\"mode\":\"input\",\"isRequired\":1,\"defaultValue\":\"1\",\"name\":\"显示明细\",\"description\":\"执行日志显示详细信息\",\"sort\":0,\"type\":\"select\",\"config\":{\"dataList\":[{\"text\":\"是\",\"value\":\"1\"},{\"text\":\"否\",\"value\":\"0\"}],\"dataSource\":\"static\"},\"key\":\"verbose\"},{\"mode\":\"input\",\"isRequired\":0,\"defaultValue\":\"\",\"name\":\"目标OS编码\",\"description\":\"目标OS执行脚本需要的编码\",\"sort\":1,\"type\":\"select\",\"config\":{\"dataList\":[{\"text\":\"自动\",\"value\":\"\"},{\"text\":\"UTF-8\",\"value\":\"UTF-8\"},{\"text\":\"GBK\",\"value\":\"GBK\"}],\"dataSource\":\"static\"},\"key\":\"destencoding\"},{\"mode\":\"input\",\"isRequired\":0,\"defaultValue\":\"\",\"name\":\"SSH参数\",\"description\":\"特殊需要的SSH参数\",\"sort\":2,\"type\":\"text\",\"key\":\"o\"},{\"mode\":\"input\",\"isRequired\":1,\"defaultValue\":\"15\",\"name\":\"超时时间\",\"description\":\"调用超时时间（秒）\",\"sort\":3,\"type\":\"text\",\"key\":\"timeout\"},{\"mode\":\"input\",\"isRequired\":0,\"defaultValue\":\"\",\"name\":\"结束字串\",\"description\":\"对于不会结束的命令，当输出此字串时，成功并结束执行\",\"sort\":4,\"type\":\"text\",\"key\":\"eofstr\"},{\"mode\":\"input\",\"isRequired\":0,\"defaultValue\":\"\",\"name\":\"失败字串\",\"description\":\"对于不会结束的命令，当输出此字串时，失败并结束执行\",\"sort\":5,\"type\":\"text\",\"key\":\"failstr\"},{\"mode\":\"input\",\"isRequired\":1,\"defaultValue\":\"sh\",\"name\":\"脚本语言\",\"description\":\"编写脚本的语言\",\"sort\":6,\"type\":\"select\",\"config\":{\"dataList\":[{\"text\":\"bash\",\"value\":\"sh\"},{\"text\":\"perl\",\"value\":\"perl\"},{\"text\":\"python\",\"value\":\"python\"},{\"text\":\"cmd\",\"value\":\"cmd\"},{\"text\":\"powershell\",\"value\":\"powershell\"},{\"text\":\"vbscript\",\"value\":\"vbscript\"}],\"dataSource\":\"static\"},\"key\":\"interpreter\"},{\"mode\":\"input\",\"isRequired\":1,\"defaultValue\":\"\",\"name\":\"脚本\",\"description\":\"执行脚本内容\",\"sort\":7,\"type\":\"textarea\",\"key\":\"script\"}]}', '2022-08-02 10:08:43.703', NULL, 0);
INSERT INTO `autoexec_tool` VALUES (650507567554560, 'deploy/envrelease', 1, 'runner', 477317977612288, 477321156894720, '发布环境制品(同步各个执行器)', 'perl', NULL, NULL, '{\"paramList\":[{\"mode\":\"input\",\"isRequired\":1,\"defaultValue\":\"1\",\"name\":\"显示明细\",\"description\":\"执行日志显示详细信息\",\"sort\":0,\"type\":\"select\",\"config\":{\"dataList\":[{\"text\":\"是\",\"value\":\"1\"},{\"text\":\"否\",\"value\":\"0\"}],\"dataSource\":\"static\"},\"key\":\"verbose\"}]}', '2023-03-16 19:54:07.902', NULL, 0);
INSERT INTO `autoexec_tool` VALUES (650572361162752, 'build/localscript', 1, 'runner', 603593346179072, 477321156894720, '执行本地脚本，可以对系统的工程、制品进行客户化处理', 'perl', NULL, NULL, '{\"argument\":{\"argumentCount\":0,\"defaultValue\":\"\",\"description\":\"自定义脚本执行需要的参数\",\"id\":848588917497893,\"isRequired\":0,\"mappingMode\":\"constant\",\"mappingModeText\":\"常量\",\"mode\":\"input\",\"name\":\"脚本参数\",\"type\":\"text\",\"typeText\":\"文本\",\"validate\":\"\"},\"paramList\":[{\"mode\":\"input\",\"isRequired\":1,\"defaultValue\":\"1\",\"name\":\"显示明细\",\"description\":\"执行日志显示详细信息\",\"sort\":0,\"type\":\"select\",\"config\":{\"dataList\":[{\"text\":\"是\",\"value\":\"1\"},{\"text\":\"否\",\"value\":\"0\"}],\"dataSource\":\"static\"},\"key\":\"verbose\"},{\"mode\":\"input\",\"isRequired\":1,\"defaultValue\":\"en_US.UTF-8\",\"name\":\"语言\",\"description\":\"工程代码的语言和编码\",\"sort\":1,\"type\":\"select\",\"config\":{\"dataList\":[{\"text\":\"en_US.UTF-8\",\"value\":\"en_US.UTF-8\"},{\"text\":\"en_US.GB18030\",\"value\":\"en_US.GB18030\"}],\"dataSource\":\"static\"},\"key\":\"lang\"},{\"mode\":\"input\",\"isRequired\":0,\"defaultValue\":\"\",\"name\":\"可写目录\",\"description\":\"相对于系统数据目录的子目录（留空代表以系统物料目录作为可写入的目录）\",\"sort\":2,\"type\":\"text\",\"key\":\"basedir\"},{\"mode\":\"input\",\"isRequired\":1,\"defaultValue\":\"sh\",\"name\":\"脚本语言\",\"description\":\"编写脚本的语言\",\"sort\":3,\"type\":\"select\",\"config\":{\"dataList\":[{\"text\":\"bash\",\"value\":\"sh\"},{\"text\":\"perl\",\"value\":\"perl\"},{\"text\":\"python\",\"value\":\"python\"}],\"dataSource\":\"static\"},\"key\":\"interpreter\"},{\"mode\":\"input\",\"isRequired\":1,\"defaultValue\":\"\",\"name\":\"命令\",\"description\":\"本地执行的命令\",\"sort\":4,\"type\":\"textarea\",\"key\":\"script\"}]}', '2023-03-16 19:54:07.373', NULL, 0);
INSERT INTO `autoexec_tool` VALUES (651383053017088, 'inspect/pingcheck', 1, 'runner_target', 1, 477321156894720, '检查当前节点是否可以Ping通', 'bash', NULL, NULL, '{\"paramList\":[{\"mode\":\"input\",\"isRequired\":1,\"defaultValue\":\"10\",\"name\":\"超时时间\",\"description\":\"查询超时时间，单位秒\",\"sort\":0,\"type\":\"text\",\"key\":\"timeout\"},{\"mode\":\"output\",\"name\":\"JSON数据\",\"description\":\"采集到的数据\",\"sort\":0,\"type\":\"json\",\"key\":\"DATA\"}]}', '2023-03-16 19:54:08.133', NULL, 0);
INSERT INTO `autoexec_tool` VALUES (661489958313986, 'deploy/inscheck', 1, 'runner_target', 477317977612288, 477321156894720, '检查应用实例OS是否可以登录', 'perl', NULL, NULL, '{\"paramList\":[{\"mode\":\"input\",\"isRequired\":1,\"defaultValue\":\"10\",\"name\":\"超时时间\",\"description\":\"查询超时时间，单位秒\",\"sort\":0,\"type\":\"text\",\"key\":\"timeout\"}]}', '2023-03-16 19:54:07.758', NULL, 0);
INSERT INTO `autoexec_tool` VALUES (661550540840960, 'deploy/insscript', 1, 'runner_target', 477317977612288, 477321156894720, '根据执行目标协议执行远程脚本', 'perl', NULL, NULL, '{\"argument\":{\"argumentCount\":0,\"defaultValue\":\"\",\"description\":\"自定义脚本执行需要的参数\",\"id\":684494692343818,\"isRequired\":0,\"mappingMode\":\"constant\",\"mappingModeText\":\"常量\",\"mode\":\"input\",\"name\":\"脚本参数\",\"type\":\"text\",\"typeText\":\"文本\",\"validate\":\"\"},\"paramList\":[{\"mode\":\"input\",\"isRequired\":1,\"defaultValue\":\"1\",\"name\":\"显示明细\",\"description\":\"执行日志显示详细信息\",\"sort\":0,\"type\":\"select\",\"config\":{\"dataList\":[{\"text\":\"是\",\"value\":\"1\"},{\"text\":\"否\",\"value\":\"0\"}],\"dataSource\":\"static\"},\"key\":\"verbose\"},{\"mode\":\"input\",\"isRequired\":1,\"defaultValue\":\"15\",\"name\":\"超时时间\",\"description\":\"调用超时时间（秒）\",\"sort\":1,\"type\":\"text\",\"key\":\"timeout\"},{\"mode\":\"input\",\"isRequired\":0,\"defaultValue\":\"\",\"name\":\"结束字串\",\"description\":\"对于不会结束的命令，当输出此字串时，成功并结束执行\",\"sort\":2,\"type\":\"text\",\"key\":\"eofstr\"},{\"mode\":\"input\",\"isRequired\":1,\"defaultValue\":\"0\",\"name\":\"异步执行\",\"description\":\"异步执行，不等待执行结束\",\"sort\":3,\"type\":\"select\",\"config\":{\"dataList\":[{\"text\":\"是\",\"value\":\"1\"},{\"text\":\"否\",\"value\":\"0\"}],\"dataSource\":\"static\"},\"key\":\"async\"},{\"mode\":\"input\",\"isRequired\":0,\"defaultValue\":\"\",\"name\":\"服务端字符集\",\"description\":\"指定服务端的执行字符集\",\"sort\":4,\"type\":\"select\",\"config\":{\"dataList\":[{\"text\":\"自动\",\"value\":\"\"},{\"text\":\"en_US.UTF-8\",\"value\":\"en_US.UTF-8\"},{\"text\":\"zh_CN.GBK\",\"value\":\"zh_CN.GBK\"}],\"dataSource\":\"static\"},\"key\":\"destencoding\"},{\"mode\":\"input\",\"isRequired\":1,\"defaultValue\":\"sh\",\"name\":\"脚本语言\",\"description\":\"编写脚本的语言\",\"sort\":5,\"type\":\"select\",\"config\":{\"dataList\":[{\"text\":\"bash\",\"value\":\"sh\"},{\"text\":\"perl\",\"value\":\"perl\"},{\"text\":\"python\",\"value\":\"python\"},{\"text\":\"cmd\",\"value\":\"cmd\"},{\"text\":\"powershell\",\"value\":\"powershell\"},{\"text\":\"vbscript\",\"value\":\"vbscript\"}],\"dataSource\":\"static\"},\"key\":\"interpreter\"},{\"mode\":\"input\",\"isRequired\":1,\"defaultValue\":\"\",\"name\":\"脚本\",\"description\":\"执行脚本内容\",\"sort\":6,\"type\":\"textarea\",\"key\":\"script\"}]}', '2022-08-02 10:08:43.677', NULL, 0);
INSERT INTO `autoexec_tool` VALUES (661550540840968, 'deploy/insexec', 1, 'runner_target', 477317977612288, 477321156894720, '根据执行目标协议执行远程命令', 'perl', NULL, NULL, '{\"argument\":{\"argumentCount\":1,\"defaultValue\":\"\",\"description\":\"命令行内容\",\"id\":684494700732420,\"isRequired\":1,\"mappingMode\":\"constant\",\"mappingModeText\":\"常量\",\"mode\":\"input\",\"name\":\"命令\",\"type\":\"text\",\"typeText\":\"文本\",\"validate\":\"\"},\"paramList\":[{\"mode\":\"input\",\"isRequired\":1,\"defaultValue\":\"1\",\"name\":\"显示明细\",\"description\":\"执行日志显示详细信息\",\"sort\":0,\"type\":\"select\",\"config\":{\"dataList\":[{\"text\":\"是\",\"value\":\"1\"},{\"text\":\"否\",\"value\":\"0\"}],\"dataSource\":\"static\"},\"key\":\"verbose\"},{\"mode\":\"input\",\"isRequired\":1,\"defaultValue\":\"15\",\"name\":\"超时时间\",\"description\":\"调用超时时间（秒）\",\"sort\":1,\"type\":\"text\",\"key\":\"timeout\"},{\"mode\":\"input\",\"isRequired\":0,\"defaultValue\":\"\",\"name\":\"结束字串\",\"description\":\"对于不会结束的命令，当输出此字串时，成功并结束执行\",\"sort\":2,\"type\":\"text\",\"key\":\"eofstr\"},{\"mode\":\"input\",\"isRequired\":1,\"defaultValue\":\"0\",\"name\":\"异步执行\",\"description\":\"异步执行，不等待执行结束\",\"sort\":3,\"type\":\"select\",\"config\":{\"dataList\":[{\"text\":\"是\",\"value\":\"1\"},{\"text\":\"否\",\"value\":\"0\"}],\"dataSource\":\"static\"},\"key\":\"async\"},{\"mode\":\"input\",\"isRequired\":0,\"defaultValue\":\"\",\"name\":\"服务端字符集\",\"description\":\"指定服务端的执行字符集\",\"sort\":4,\"type\":\"select\",\"config\":{\"dataList\":[{\"text\":\"自动\",\"value\":\"\"},{\"text\":\"en_US.UTF-8\",\"value\":\"en_US.UTF-8\"},{\"text\":\"zh_CN.GBK\",\"value\":\"zh_CN.GBK\"}],\"dataSource\":\"static\"},\"key\":\"destencoding\"}]}', '2022-08-02 10:08:44.086', NULL, 0);
INSERT INTO `autoexec_tool` VALUES (661550540840970, 'deploy/inscopy', 1, 'runner_target', 477317977612288, 477321156894720, '根据执行目标协议拷贝文件或目录到目标实例OS', 'perl', NULL, NULL, '{\"argument\":{\"argumentCount\":0,\"defaultValue\":\"\",\"description\":\"最后一个是拷贝的目标文件或目录，类似真实的cp命令\",\"id\":848588925886466,\"isRequired\":1,\"mappingMode\":\"constant\",\"mappingModeText\":\"常量\",\"mode\":\"input\",\"name\":\"文件或目录\",\"type\":\"text\",\"typeText\":\"文本\",\"validate\":\"\"},\"paramList\":[{\"mode\":\"input\",\"isRequired\":1,\"defaultValue\":\"1\",\"name\":\"显示明细\",\"description\":\"执行日志显示详细信息\",\"sort\":0,\"type\":\"select\",\"config\":{\"dataList\":[{\"text\":\"是\",\"value\":\"1\"},{\"text\":\"否\",\"value\":\"0\"}],\"dataSource\":\"static\"},\"key\":\"verbose\"},{\"mode\":\"input\",\"isRequired\":1,\"defaultValue\":\"appdist\",\"name\":\"基础目录\",\"description\":\"相对于应用数据目录的基础目录类别\",\"sort\":1,\"type\":\"select\",\"config\":{\"dataList\":[{\"text\":\"环境制品目录\",\"value\":\"appdist\"},{\"text\":\"DB脚本目录\",\"value\":\"dbscript\"},{\"text\":\"版本制品目录\",\"value\":\"release\"},{\"text\":\"环境镜像制品\",\"value\":\"mirror\"},{\"text\":\"工程目录\",\"value\":\"project\"},{\"text\":\"根目录\",\"value\":\"approot\"}],\"dataSource\":\"static\"},\"key\":\"pdir\"},{\"mode\":\"input\",\"isRequired\":1,\"defaultValue\":\"0\",\"name\":\"当文件存在时才拷贝\",\"description\":\"当本地文件存在时，才执行拷贝\",\"sort\":2,\"type\":\"select\",\"config\":{\"dataList\":[{\"text\":\"是\",\"value\":\"1\"},{\"text\":\"否\",\"value\":\"0\"}],\"dataSource\":\"static\"},\"key\":\"cpifexists\"},{\"mode\":\"input\",\"isRequired\":1,\"defaultValue\":\"0\",\"name\":\"拷贝方向\",\"description\":\"拷贝方向\",\"sort\":3,\"type\":\"select\",\"config\":{\"dataList\":[{\"text\":\"远程拷贝到本地\",\"value\":\"1\"},{\"text\":\"本地拷贝到远程\",\"value\":\"0\"}],\"dataSource\":\"static\"},\"key\":\"pull\"},{\"mode\":\"input\",\"isRequired\":1,\"defaultValue\":\"0\",\"name\":\"保留权限属性\",\"description\":\"同时拷贝文件的属性和权限\",\"sort\":4,\"type\":\"select\",\"config\":{\"dataList\":[{\"text\":\"是\",\"value\":\"1\"},{\"text\":\"否\",\"value\":\"0\"}],\"dataSource\":\"static\"},\"key\":\"np\"}]}', '2023-03-16 19:54:07.802', NULL, 0);
INSERT INTO `autoexec_tool` VALUES (671597350150146, 'fileops/ftpget', 1, 'runner', 477319286235136, 477403314921472, '基于FTP下载服务端文件', 'perl', NULL, NULL, '{\"paramList\":[{\"mode\":\"input\",\"isRequired\":1,\"defaultValue\":\"\",\"name\":\"FTP地址\",\"description\":\"FTP文件地址, 例如: ftp://192.168.0.222/test.tgz\",\"sort\":0,\"type\":\"text\",\"key\":\"addr\"},{\"mode\":\"input\",\"isRequired\":1,\"defaultValue\":\"\",\"name\":\"本地目录\",\"description\":\"本地目录，例如：/tmp/test.tgz\",\"sort\":1,\"type\":\"text\",\"key\":\"dir\"},{\"mode\":\"input\",\"isRequired\":0,\"defaultValue\":\"\",\"name\":\"登录用户\",\"description\":\"用户名, 如不需要, 留空\",\"sort\":2,\"type\":\"text\",\"key\":\"user\"},{\"mode\":\"input\",\"isRequired\":0,\"defaultValue\":\"\",\"name\":\"登录密码\",\"description\":\"密码, 如不需要, 留空\",\"sort\":3,\"type\":\"password\",\"key\":\"pass\"},{\"mode\":\"output\",\"name\":\"文件路径\",\"description\":\"FTP下载保存的文件路径\",\"sort\":0,\"type\":\"filepath\",\"key\":\"filePath\"}]}', '2023-03-16 19:54:08.049', NULL, 0);
INSERT INTO `autoexec_tool` VALUES (671597350150147, 'fileops/ftpput', 1, 'runner', 477319286235136, 477403314921472, '基于FTP上载文件到服务端', 'perl', NULL, NULL, '{\"paramList\":[{\"mode\":\"input\",\"isRequired\":1,\"defaultValue\":\"\",\"name\":\"FTP地址\",\"description\":\"FTP文件地址, 例如: ftp://192.168.0.222/test.tgz\",\"sort\":0,\"type\":\"text\",\"key\":\"addr\"},{\"mode\":\"input\",\"isRequired\":1,\"defaultValue\":\"\",\"name\":\"本地目录\",\"description\":\"本地目录，例如：/tmp/test.tgz\",\"sort\":1,\"type\":\"text\",\"key\":\"dir\"},{\"mode\":\"input\",\"isRequired\":0,\"defaultValue\":\"\",\"name\":\"登录用户\",\"description\":\"用户名, 如不需要, 留空\",\"sort\":2,\"type\":\"text\",\"key\":\"user\"},{\"mode\":\"input\",\"isRequired\":0,\"defaultValue\":\"\",\"name\":\"登录密码\",\"description\":\"密码, 如不需要, 留空\",\"sort\":3,\"type\":\"password\",\"key\":\"pass\"},{\"mode\":\"output\",\"name\":\"文件路径\",\"description\":\"FTP上传的服务端文件路径\",\"sort\":0,\"type\":\"text\",\"key\":\"filePath\"}]}', '2023-03-16 19:54:08.060', NULL, 0);
INSERT INTO `autoexec_tool` VALUES (671597350150148, 'fileops/httpget', 1, 'runner', 477319286235136, 477403314921472, '基于HTTP下载服务端文件', 'perl', NULL, NULL, '{\"paramList\":[{\"mode\":\"input\",\"isRequired\":1,\"defaultValue\":\"\",\"name\":\"HTTP地址\",\"description\":\"HTTP文件地址, 例如: http://192.168.0.222/test.tgz\",\"sort\":0,\"type\":\"text\",\"key\":\"addr\"},{\"mode\":\"input\",\"isRequired\":1,\"defaultValue\":\"\",\"name\":\"本地目录\",\"description\":\"本地目录，例如：/tmp/test.tgz\",\"sort\":1,\"type\":\"text\",\"key\":\"dir\"},{\"mode\":\"input\",\"isRequired\":0,\"defaultValue\":\"\",\"name\":\"登录用户\",\"description\":\"用户名, 如不需要, 留空\",\"sort\":2,\"type\":\"text\",\"key\":\"user\"},{\"mode\":\"input\",\"isRequired\":0,\"defaultValue\":\"\",\"name\":\"登录密码\",\"description\":\"密码, 如不需要, 留空\",\"sort\":3,\"type\":\"password\",\"key\":\"pass\"},{\"mode\":\"output\",\"name\":\"文件路径\",\"description\":\"HTTP下载保存的文件路径\",\"sort\":0,\"type\":\"filepath\",\"key\":\"filePath\"}]}', '2023-03-16 19:54:08.071', NULL, 0);
INSERT INTO `autoexec_tool` VALUES (671597350150149, 'fileops/httpput', 1, 'runner', 477319286235136, 477403314921472, '基于HTTP上传文件到服务端', 'perl', NULL, NULL, '{\"paramList\":[{\"mode\":\"input\",\"isRequired\":1,\"defaultValue\":\"\",\"name\":\"HTTP地址\",\"description\":\"HTTP文件地址, 例如: http://192.168.0.222/test.tgz\",\"sort\":0,\"type\":\"text\",\"key\":\"addr\"},{\"mode\":\"input\",\"isRequired\":1,\"defaultValue\":\"\",\"name\":\"本地目录\",\"description\":\"本地目录，例如：/tmp/test.tgz\",\"sort\":1,\"type\":\"text\",\"key\":\"dir\"},{\"mode\":\"input\",\"isRequired\":0,\"defaultValue\":\"\",\"name\":\"登录用户\",\"description\":\"用户名, 如不需要, 留空\",\"sort\":2,\"type\":\"text\",\"key\":\"user\"},{\"mode\":\"input\",\"isRequired\":0,\"defaultValue\":\"\",\"name\":\"登录密码\",\"description\":\"密码, 如不需要, 留空\",\"sort\":3,\"type\":\"password\",\"key\":\"pass\"},{\"mode\":\"output\",\"name\":\"文件路径\",\"description\":\"HTTP上传的服务端文件路径\",\"sort\":0,\"type\":\"text\",\"key\":\"uploadResponse\"}]}', '2023-03-16 19:54:08.091', NULL, 0);
INSERT INTO `autoexec_tool` VALUES (671597358538752, 'fileremote/ftpget', 1, 'target', 477319286235136, 477403314921472, '基于FTP下载文件', 'perl', NULL, NULL, '{\"paramList\":[{\"mode\":\"input\",\"isRequired\":1,\"defaultValue\":\"\",\"name\":\"FTP地址\",\"description\":\"FTP文件地址, 例如: ftp://192.168.0.222/test.tgz\",\"sort\":0,\"type\":\"text\",\"key\":\"addr\"},{\"mode\":\"input\",\"isRequired\":1,\"defaultValue\":\"\",\"name\":\"本地目录\",\"description\":\"本地目录，例如：/tmp/test.tgz\",\"sort\":1,\"type\":\"text\",\"key\":\"dir\"},{\"mode\":\"input\",\"isRequired\":0,\"defaultValue\":\"\",\"name\":\"登录用户\",\"description\":\"用户名, 如不需要, 留空\",\"sort\":2,\"type\":\"text\",\"key\":\"user\"},{\"mode\":\"input\",\"isRequired\":0,\"defaultValue\":\"\",\"name\":\"登录密码\",\"description\":\"密码, 如不需要, 留空\",\"sort\":3,\"type\":\"password\",\"key\":\"pass\"},{\"mode\":\"output\",\"name\":\"文件路径\",\"description\":\"FTP下载保存的文件路径\",\"sort\":0,\"type\":\"filepath\",\"key\":\"filePath\"}]}', '2023-03-16 19:54:08.869', NULL, 0);
INSERT INTO `autoexec_tool` VALUES (671597358538753, 'fileremote/ftpput', 1, 'target', 477319286235136, 477403314921472, '基于FTP上载文件', 'perl', NULL, NULL, '{\"paramList\":[{\"mode\":\"input\",\"isRequired\":1,\"defaultValue\":\"\",\"name\":\"FTP地址\",\"description\":\"FTP文件地址, 例如: ftp://192.168.0.222/test.tgz\",\"sort\":0,\"type\":\"text\",\"key\":\"addr\"},{\"mode\":\"input\",\"isRequired\":1,\"defaultValue\":\"\",\"name\":\"本地目录\",\"description\":\"本地目录，例如：/tmp/test.tgz\",\"sort\":1,\"type\":\"text\",\"key\":\"dir\"},{\"mode\":\"input\",\"isRequired\":0,\"defaultValue\":\"\",\"name\":\"登录用户\",\"description\":\"用户名, 如不需要, 留空\",\"sort\":2,\"type\":\"text\",\"key\":\"user\"},{\"mode\":\"input\",\"isRequired\":0,\"defaultValue\":\"\",\"name\":\"登录密码\",\"description\":\"密码, 如不需要, 留空\",\"sort\":3,\"type\":\"password\",\"key\":\"pass\"},{\"mode\":\"output\",\"name\":\"文件路径\",\"description\":\"FTP上传的服务端文件路径\",\"sort\":0,\"type\":\"text\",\"key\":\"filePath\"}]}', '2023-03-16 19:54:08.879', NULL, 0);
INSERT INTO `autoexec_tool` VALUES (671597358538754, 'fileremote/httpget', 1, 'target', 477319286235136, 477403314921472, '基于HTTP下载文件', 'perl', NULL, NULL, '{\"paramList\":[{\"mode\":\"input\",\"isRequired\":1,\"defaultValue\":\"\",\"name\":\"HTTP地址\",\"description\":\"HTTP文件地址, 例如: http://192.168.0.222/test.tgz\",\"sort\":0,\"type\":\"text\",\"key\":\"addr\"},{\"mode\":\"input\",\"isRequired\":1,\"defaultValue\":\"\",\"name\":\"本地目录\",\"description\":\"本地目录，例如：/tmp/test.tgz\",\"sort\":1,\"type\":\"text\",\"key\":\"dir\"},{\"mode\":\"input\",\"isRequired\":0,\"defaultValue\":\"\",\"name\":\"登录用户\",\"description\":\"用户名, 如不需要, 留空\",\"sort\":2,\"type\":\"text\",\"key\":\"user\"},{\"mode\":\"input\",\"isRequired\":0,\"defaultValue\":\"\",\"name\":\"登录密码\",\"description\":\"密码, 如不需要, 留空\",\"sort\":3,\"type\":\"password\",\"key\":\"pass\"},{\"mode\":\"output\",\"name\":\"文件路径\",\"description\":\"HTTP下载保存的文件路径\",\"sort\":0,\"type\":\"filepath\",\"key\":\"filePath\"}]}', '2023-03-16 19:54:08.889', NULL, 0);
INSERT INTO `autoexec_tool` VALUES (671597358538755, 'fileremote/httpput', 1, 'target', 477319286235136, 477403314921472, '基于HTTP上传文件', 'perl', NULL, NULL, '{\"paramList\":[{\"mode\":\"input\",\"isRequired\":1,\"defaultValue\":\"\",\"name\":\"HTTP地址\",\"description\":\"HTTP文件地址, 例如: http://192.168.0.222/test.tgz\",\"sort\":0,\"type\":\"text\",\"key\":\"addr\"},{\"mode\":\"input\",\"isRequired\":1,\"defaultValue\":\"\",\"name\":\"本地目录\",\"description\":\"本地目录，例如：/tmp/test.tgz\",\"sort\":1,\"type\":\"text\",\"key\":\"dir\"},{\"mode\":\"input\",\"isRequired\":0,\"defaultValue\":\"\",\"name\":\"登录用户\",\"description\":\"用户名, 如不需要, 留空\",\"sort\":2,\"type\":\"text\",\"key\":\"user\"},{\"mode\":\"input\",\"isRequired\":0,\"defaultValue\":\"\",\"name\":\"登录密码\",\"description\":\"密码, 如不需要, 留空\",\"sort\":3,\"type\":\"password\",\"key\":\"pass\"},{\"mode\":\"output\",\"name\":\"文件路径\",\"description\":\"HTTP上传返回内容\",\"sort\":0,\"type\":\"text\",\"key\":\"uploadResponse\"}]}', '2023-03-16 19:54:08.899', NULL, 0);
INSERT INTO `autoexec_tool` VALUES (671625946914818, 'fileops/scpget', 1, 'runner', 477319286235136, 477403314921472, '基于SCP下载服务端文件到本地', 'perl', NULL, NULL, '{\"paramList\":[{\"mode\":\"input\",\"isRequired\":1,\"defaultValue\":\"\",\"name\":\"SCP地址\",\"description\":\"SCP文件地址, 例如: 192.168.0.222:22\",\"sort\":0,\"type\":\"text\",\"key\":\"addr\"},{\"mode\":\"input\",\"isRequired\":1,\"defaultValue\":\"\",\"name\":\"远程目录\",\"description\":\"本地目录，例如：/tmp/test.tgz\",\"sort\":1,\"type\":\"text\",\"key\":\"remotedir\"},{\"mode\":\"input\",\"isRequired\":1,\"defaultValue\":\"\",\"name\":\"本地目录\",\"description\":\"本地目录，例如：/tmp/test.tgz\",\"sort\":2,\"type\":\"text\",\"key\":\"dir\"},{\"mode\":\"input\",\"isRequired\":0,\"defaultValue\":\"\",\"name\":\"登录用户\",\"description\":\"用户名, 如不需要, 留空\",\"sort\":3,\"type\":\"text\",\"key\":\"user\"},{\"mode\":\"input\",\"isRequired\":0,\"defaultValue\":\"\",\"name\":\"登录密码\",\"description\":\"密码, 如不需要, 留空\",\"sort\":4,\"type\":\"password\",\"key\":\"pass\"},{\"mode\":\"output\",\"name\":\"文件路径\",\"description\":\"SCP下载保存的文件路径\",\"sort\":0,\"type\":\"filepath\",\"key\":\"filePath\"}]}', '2023-03-16 19:54:07.997', NULL, 0);
INSERT INTO `autoexec_tool` VALUES (671625946914819, 'fileops/scpput', 1, 'runner', 477319286235136, 477403314921472, '基于SCP上传本地文件到服务端', 'perl', NULL, NULL, '{\"paramList\":[{\"mode\":\"input\",\"isRequired\":1,\"defaultValue\":\"\",\"name\":\"SCP地址\",\"description\":\"SCP文件地址, 例如: 192.168.0.222:22\",\"sort\":0,\"type\":\"text\",\"key\":\"addr\"},{\"mode\":\"input\",\"isRequired\":1,\"defaultValue\":\"\",\"name\":\"远程目录\",\"description\":\"本地目录，例如：/tmp/test.tgz\",\"sort\":1,\"type\":\"text\",\"key\":\"remotedir\"},{\"mode\":\"input\",\"isRequired\":1,\"defaultValue\":\"\",\"name\":\"本地目录\",\"description\":\"本地目录，例如：/tmp/test.tgz\",\"sort\":2,\"type\":\"text\",\"key\":\"dir\"},{\"mode\":\"input\",\"isRequired\":0,\"defaultValue\":\"\",\"name\":\"登录用户\",\"description\":\"用户名, 如不需要, 留空\",\"sort\":3,\"type\":\"text\",\"key\":\"user\"},{\"mode\":\"input\",\"isRequired\":0,\"defaultValue\":\"\",\"name\":\"登录密码\",\"description\":\"密码, 如不需要, 留空\",\"sort\":4,\"type\":\"password\",\"key\":\"pass\"},{\"mode\":\"output\",\"name\":\"文件路径\",\"description\":\"SCP上传的服务端文件路径\",\"sort\":0,\"type\":\"text\",\"key\":\"filePath\"}]}', '2023-03-16 19:54:08.007', NULL, 0);
INSERT INTO `autoexec_tool` VALUES (671625955303424, 'fileremote/scpget', 1, 'target', 477319286235136, 477403314921472, '基于SCP下载服务端文件到本地', 'perl', NULL, NULL, '{\"paramList\":[{\"mode\":\"input\",\"isRequired\":1,\"defaultValue\":\"\",\"name\":\"SCP地址\",\"description\":\"SCP文件地址, 例如: 192.168.0.222:22\",\"sort\":0,\"type\":\"text\",\"key\":\"addr\"},{\"mode\":\"input\",\"isRequired\":1,\"defaultValue\":\"\",\"name\":\"远程目录\",\"description\":\"本地目录，例如：/tmp/test.tgz\",\"sort\":1,\"type\":\"text\",\"key\":\"remotedir\"},{\"mode\":\"input\",\"isRequired\":1,\"defaultValue\":\"\",\"name\":\"本地目录\",\"description\":\"本地目录，例如：/tmp/test.tgz\",\"sort\":2,\"type\":\"text\",\"key\":\"dir\"},{\"mode\":\"input\",\"isRequired\":0,\"defaultValue\":\"\",\"name\":\"登录用户\",\"description\":\"用户名, 如不需要, 留空\",\"sort\":3,\"type\":\"text\",\"key\":\"user\"},{\"mode\":\"input\",\"isRequired\":0,\"defaultValue\":\"\",\"name\":\"登录密码\",\"description\":\"密码, 如不需要, 留空\",\"sort\":4,\"type\":\"password\",\"key\":\"pass\"},{\"mode\":\"output\",\"name\":\"文件路径\",\"description\":\"FTP下载保存的文件路径\",\"sort\":0,\"type\":\"filepath\",\"key\":\"filePath\"}]}', '2023-03-16 19:54:08.949', NULL, 0);
INSERT INTO `autoexec_tool` VALUES (671625955303425, 'fileremote/scpput', 1, 'target', 477319286235136, 477403314921472, '基于SCP上传本地文件到服务端', 'perl', NULL, NULL, '{\"paramList\":[{\"mode\":\"input\",\"isRequired\":1,\"defaultValue\":\"\",\"name\":\"SCP地址\",\"description\":\"SCP文件地址, 例如: 192.168.0.222:22\",\"sort\":0,\"type\":\"text\",\"key\":\"addr\"},{\"mode\":\"input\",\"isRequired\":1,\"defaultValue\":\"\",\"name\":\"远程目录\",\"description\":\"本地目录，例如：/tmp/test.tgz\",\"sort\":1,\"type\":\"text\",\"key\":\"remotedir\"},{\"mode\":\"input\",\"isRequired\":1,\"defaultValue\":\"\",\"name\":\"本地目录\",\"description\":\"本地目录，例如：/tmp/test.tgz\",\"sort\":2,\"type\":\"text\",\"key\":\"dir\"},{\"mode\":\"input\",\"isRequired\":0,\"defaultValue\":\"\",\"name\":\"登录用户\",\"description\":\"用户名, 如不需要, 留空\",\"sort\":3,\"type\":\"text\",\"key\":\"user\"},{\"mode\":\"input\",\"isRequired\":0,\"defaultValue\":\"\",\"name\":\"登录密码\",\"description\":\"密码, 如不需要, 留空\",\"sort\":4,\"type\":\"password\",\"key\":\"pass\"},{\"mode\":\"output\",\"name\":\"文件路径\",\"description\":\"SCP上传的服务端文件路径\",\"sort\":0,\"type\":\"text\",\"key\":\"filePath\"}]}', '2023-03-16 19:54:08.970', NULL, 0);
INSERT INTO `autoexec_tool` VALUES (681085041958913, 'deploy/relgetsync2env', 1, 'runner', 477317977612288, 477321156894720, '用户跨多套环境同步制品，例如: 生产同步测试环境制品', 'perl', NULL, 650507567554569, '{\"paramList\":[{\"mode\":\"input\",\"isRequired\":1,\"defaultValue\":\"1\",\"name\":\"显示明细\",\"description\":\"执行日志显示详细信息\",\"sort\":0,\"type\":\"select\",\"config\":{\"dataList\":[{\"text\":\"是\",\"value\":\"1\"},{\"text\":\"否\",\"value\":\"0\"}],\"dataSource\":\"static\"},\"key\":\"verbose\"},{\"mode\":\"input\",\"isRequired\":0,\"defaultValue\":\"\",\"name\":\"排除DBSchema\",\"description\":\"不Rlease某些DB Schema到环境制品，例如：myadb.myauser,mybdb.mybuser\",\"sort\":1,\"type\":\"text\",\"key\":\"blacklist\"},{\"mode\":\"input\",\"isRequired\":1,\"defaultValue\":\"0\",\"name\":\"文件MD5\",\"description\":\"同步时比较文件的MD5\",\"sort\":2,\"type\":\"select\",\"config\":{\"dataList\":[{\"text\":\"是\",\"value\":\"0\"},{\"text\":\"否\",\"value\":\"1\"}],\"dataSource\":\"static\"},\"key\":\"nomd5\"},{\"mode\":\"input\",\"isRequired\":1,\"defaultValue\":\"0\",\"name\":\"删除多出内容\",\"description\":\"删除目标目录多出的文件或子目录\",\"sort\":3,\"type\":\"select\",\"config\":{\"dataList\":[{\"text\":\"是\",\"value\":\"0\"},{\"text\":\"否\",\"value\":\"1\"}],\"dataSource\":\"static\"},\"key\":\"nodelete\"},{\"mode\":\"input\",\"isRequired\":1,\"defaultValue\":\"0\",\"name\":\"同步文件权限\",\"description\":\"把源目录下的文件和子目录的权限同步到目标目录\",\"sort\":4,\"type\":\"select\",\"config\":{\"dataList\":[{\"text\":\"是\",\"value\":\"0\"},{\"text\":\"否\",\"value\":\"1\"}],\"dataSource\":\"static\"},\"key\":\"noattrs\"},{\"mode\":\"input\",\"isRequired\":1,\"defaultValue\":\"1\",\"name\":\"比较修改时间\",\"description\":\"如果目标目录下的内容的修改时间与源目录下的不一致，则认为需要同步\",\"sort\":5,\"type\":\"select\",\"config\":{\"dataList\":[{\"text\":\"是\",\"value\":\"0\"},{\"text\":\"否\",\"value\":\"1\"}],\"dataSource\":\"static\"},\"key\":\"notime\"},{\"mode\":\"input\",\"isRequired\":0,\"defaultValue\":\"\",\"name\":\"排除目录\",\"description\":\"排除子目录，逗号相隔，不对这些子目录进行同步\",\"sort\":6,\"type\":\"text\",\"key\":\"exp\"},{\"mode\":\"input\",\"isRequired\":0,\"defaultValue\":\"\",\"name\":\"源目录\",\"description\":\"相对于版本制品目录的相对目录（留空代表默认使用版本制品目录根）\",\"sort\":7,\"type\":\"text\",\"key\":\"src\"},{\"mode\":\"input\",\"isRequired\":0,\"defaultValue\":\"\",\"name\":\"目标目录\",\"description\":\"相对于环境制品目录的相对目录（留空代表默认使用环境制品目录根）\",\"sort\":8,\"type\":\"text\",\"key\":\"dest\"}]}', '2023-03-16 19:54:07.698', NULL, 0);
INSERT INTO `autoexec_tool` VALUES (681085041958914, 'deploy/relget', 1, 'runner', 477317977612288, 477321156894720, '用户跨多套环境获取制品，例如: 生产从测试下载版本制品', 'perl', NULL, NULL, '{\"argument\":{\"argumentCount\":0,\"defaultValue\":\"\",\"description\":\"从release的版本目录中抽取的子目录，留空代表所有\",\"id\":848588925886468,\"isRequired\":0,\"mappingMode\":\"constant\",\"mappingModeText\":\"常量\",\"mode\":\"input\",\"name\":\"抽取子目录\",\"type\":\"text\",\"typeText\":\"文本\",\"validate\":\"\"},\"paramList\":[{\"mode\":\"input\",\"isRequired\":1,\"defaultValue\":\"build.proxytourl\",\"name\":\"制品库地址\",\"description\":\"制品库地址，例如：https://192.168.0.8:8443\",\"mappingMode\":\"globalparam\",\"sort\":0,\"type\":\"text\",\"key\":\"proxytourl\"},{\"mode\":\"input\",\"isRequired\":1,\"defaultValue\":\"${NAME_PATH}\",\"name\":\"源环境路径\",\"description\":\"获取版本的源头环境路径,例如:MY-SYS/MY-MODULE/UAT\",\"sort\":1,\"type\":\"text\",\"key\":\"srcenvpath\"}]}', '2023-03-16 19:54:07.814', NULL, 0);
INSERT INTO `autoexec_tool` VALUES (681085041958916, 'deploy/relgetsync2mirror', 1, 'runner', 477317977612288, 477321156894720, '用户跨多套环境同步制品，例如: 生产同步测试环境镜像制品', 'perl', NULL, 650507567554569, '{\"paramList\":[{\"mode\":\"input\",\"isRequired\":1,\"defaultValue\":\"1\",\"name\":\"显示明细\",\"description\":\"执行日志显示详细信息\",\"sort\":0,\"type\":\"select\",\"config\":{\"dataList\":[{\"text\":\"是\",\"value\":\"1\"},{\"text\":\"否\",\"value\":\"0\"}],\"dataSource\":\"static\"},\"key\":\"verbose\"},{\"mode\":\"input\",\"isRequired\":1,\"defaultValue\":\"1\",\"name\":\"是否备份\",\"description\":\"同步时对更改的文件目录进行备份，以便回退\",\"sort\":1,\"type\":\"select\",\"config\":{\"dataList\":[{\"text\":\"是\",\"value\":\"1\"},{\"text\":\"否\",\"value\":\"0\"}],\"dataSource\":\"static\"},\"key\":\"backup\"},{\"mode\":\"input\",\"isRequired\":0,\"defaultValue\":\"\",\"name\":\"排除DBSchema\",\"description\":\"不Rlease某些DB Schema到环境制品，例如：myadb.myauser,mybdb.mybuser\",\"sort\":2,\"type\":\"text\",\"key\":\"blacklist\"},{\"mode\":\"input\",\"isRequired\":1,\"defaultValue\":\"0\",\"name\":\"文件MD5\",\"description\":\"同步时比较文件的MD5\",\"sort\":3,\"type\":\"select\",\"config\":{\"dataList\":[{\"text\":\"是\",\"value\":\"0\"},{\"text\":\"否\",\"value\":\"1\"}],\"dataSource\":\"static\"},\"key\":\"nomd5\"},{\"mode\":\"input\",\"isRequired\":1,\"defaultValue\":\"0\",\"name\":\"删除多出内容\",\"description\":\"删除目标目录多出的文件或子目录\",\"sort\":4,\"type\":\"select\",\"config\":{\"dataList\":[{\"text\":\"是\",\"value\":\"0\"},{\"text\":\"否\",\"value\":\"1\"}],\"dataSource\":\"static\"},\"key\":\"nodelete\"},{\"mode\":\"input\",\"isRequired\":1,\"defaultValue\":\"0\",\"name\":\"同步文件权限\",\"description\":\"把源目录下的文件和子目录的权限同步到目标目录\",\"sort\":5,\"type\":\"select\",\"config\":{\"dataList\":[{\"text\":\"是\",\"value\":\"0\"},{\"text\":\"否\",\"value\":\"1\"}],\"dataSource\":\"static\"},\"key\":\"noattrs\"},{\"mode\":\"input\",\"isRequired\":1,\"defaultValue\":\"1\",\"name\":\"比较修改时间\",\"description\":\"如果目标目录下的内容的修改时间与源目录下的不一致，则认为需要同步\",\"sort\":6,\"type\":\"select\",\"config\":{\"dataList\":[{\"text\":\"是\",\"value\":\"0\"},{\"text\":\"否\",\"value\":\"1\"}],\"dataSource\":\"static\"},\"key\":\"notime\"},{\"mode\":\"input\",\"isRequired\":0,\"defaultValue\":\"\",\"name\":\"排除目录\",\"description\":\"排除子目录，逗号相隔，不对这些子目录进行同步\",\"sort\":7,\"type\":\"text\",\"key\":\"exp\"},{\"mode\":\"input\",\"isRequired\":0,\"defaultValue\":\"\",\"name\":\"源目录\",\"description\":\"相对于版本制品目录的相对目录（留空代表默认使用版本制品目录根）\",\"sort\":8,\"type\":\"text\",\"key\":\"src\"},{\"mode\":\"input\",\"isRequired\":0,\"defaultValue\":\"\",\"name\":\"目标目录\",\"description\":\"相对于环境制品目录的相对目录（留空代表默认使用环境制品目录根）\",\"sort\":9,\"type\":\"text\",\"key\":\"dest\"},{\"mode\":\"input\",\"isRequired\":1,\"defaultValue\":\"0\",\"name\":\"回退当前版本修改\",\"description\":\"复原当前版本对环境镜像制品的修改\",\"sort\":10,\"type\":\"select\",\"config\":{\"dataList\":[{\"text\":\"是\",\"value\":\"1\"},{\"text\":\"否\",\"value\":\"0\"}],\"dataSource\":\"static\"},\"key\":\"rollback\"}]}', '2023-03-16 19:54:07.826', NULL, 0);
INSERT INTO `autoexec_tool` VALUES (681137378484224, 'native/echo', 1, 'native', 628103457857536, 477321156894720, '回显文本', 'python', NULL, NULL, '{\"argument\":{\"argumentCount\":1,\"defaultValue\":\"\",\"description\":\"\",\"id\":848588925886530,\"isRequired\":1,\"mappingMode\":\"constant\",\"mappingModeText\":\"常量\",\"mode\":\"input\",\"name\":\"回显内容\",\"type\":\"text\",\"typeText\":\"文本\",\"validate\":\"\"}}', '2023-03-16 19:54:08.400', NULL, 0);
INSERT INTO `autoexec_tool` VALUES (681716058218497, 'inspect/sshbackup', 1, 'runner_target', 477317709176833, 477403314921472, '基于telnet对交换机配置备份', 'perl', NULL, NULL, '{\"paramList\":[{\"mode\":\"input\",\"isRequired\":0,\"defaultValue\":\"\",\"name\":\"node\",\"description\":\"\",\"sort\":0,\"type\":\"text\",\"key\":\"node\"},{\"mode\":\"input\",\"isRequired\":1,\"defaultValue\":\"\",\"name\":\"厂商\",\"description\":\"厂商\",\"sort\":1,\"type\":\"select\",\"config\":{\"dataList\":[{\"text\":\"华为\",\"value\":\"huawei\"},{\"text\":\"华三\",\"value\":\"h3c\"},{\"text\":\"思科\",\"value\":\"cisco\"},{\"text\":\"山石\",\"value\":\"hillstone\"}],\"dataSource\":\"static\"},\"key\":\"vendor\"},{\"mode\":\"input\",\"isRequired\":1,\"defaultValue\":\"\",\"name\":\"备份存放目录\",\"description\":\"如：/tmp/config,目录不存在会自动创建\",\"sort\":2,\"type\":\"text\",\"key\":\"backupdir\"},{\"mode\":\"input\",\"isRequired\":0,\"defaultValue\":\"exit\",\"name\":\"退出命令\",\"description\":\"退出命令,如quit、exit\",\"sort\":3,\"type\":\"select\",\"config\":{\"dataList\":[{\"text\":\"exit\",\"value\":\"exit\"},{\"text\":\"quit\",\"value\":\"quit\"}],\"dataSource\":\"static\"},\"key\":\"exitCmd\"},{\"mode\":\"input\",\"isRequired\":1,\"defaultValue\":\"10\",\"name\":\"连接超时时间\",\"description\":\"默认是10秒\",\"sort\":4,\"type\":\"text\",\"key\":\"timeout\"},{\"mode\":\"input\",\"isRequired\":0,\"defaultValue\":\"0\",\"name\":\"移除行\",\"description\":\"归档的配置文件的内容移除前面x行无效输出\",\"sort\":5,\"type\":\"text\",\"key\":\"startLine\"},{\"mode\":\"input\",\"isRequired\":0,\"defaultValue\":\"0\",\"name\":\"显示明细\",\"description\":\"打印明细日志\",\"sort\":6,\"type\":\"select\",\"config\":{\"dataList\":[{\"text\":\"否\",\"value\":\"0\"},{\"text\":\"是\",\"value\":\"1\"}],\"dataSource\":\"static\"},\"key\":\"verbose\"}]}', '2022-08-02 12:00:16.519', NULL, 0);
INSERT INTO `autoexec_tool` VALUES (681716066607104, 'deploy/envrelcheck', 1, 'runner', 477317977612288, 477321156894720, '环境制品状态检查，支持跨环境监察', 'perl', NULL, NULL, '{\"paramList\":[{\"mode\":\"input\",\"isRequired\":1,\"defaultValue\":\"build.proxytourl\",\"name\":\"制品库地址\",\"description\":\"制品库地址，例如：https://192.168.0.8:8443，留空代表本地环境\",\"mappingMode\":\"globalparam\",\"sort\":0,\"type\":\"text\",\"key\":\"proxytourl\"},{\"mode\":\"input\",\"isRequired\":1,\"defaultValue\":\"${SYS_NAME}/${MODULE_NAME}/SIT\",\"name\":\"源环境路径\",\"description\":\"获取版本的源头环境路径,例如:MY-SYS/MY-MODULE/SIT\",\"sort\":1,\"type\":\"text\",\"key\":\"srcenvpath\"}]}', '2023-03-16 19:54:07.893', NULL, 0);
INSERT INTO `autoexec_tool` VALUES (684494683955200, 'inspect/telnetbackup', 1, 'runner_target', 477317709176833, 477403314921472, '基于telnet对交换机配置备份', 'perl', NULL, NULL, '{\"paramList\":[{\"mode\":\"input\",\"isRequired\":0,\"defaultValue\":\"\",\"name\":\"node\",\"description\":\"\",\"sort\":0,\"type\":\"text\",\"key\":\"node\"},{\"mode\":\"input\",\"isRequired\":1,\"defaultValue\":\"\",\"name\":\"厂商\",\"description\":\"厂商\",\"sort\":1,\"type\":\"select\",\"config\":{\"dataList\":[{\"text\":\"华为\",\"value\":\"huawei\"},{\"text\":\"华三\",\"value\":\"h3c\"},{\"text\":\"思科\",\"value\":\"cisco\"},{\"text\":\"山石\",\"value\":\"hillstone\"}],\"dataSource\":\"static\"},\"key\":\"vendor\"},{\"mode\":\"input\",\"isRequired\":1,\"defaultValue\":\"\",\"name\":\"备份存放目录\",\"description\":\"如：/tmp/config,目录不存在会自动创建\",\"sort\":2,\"type\":\"text\",\"key\":\"backupdir\"},{\"mode\":\"input\",\"isRequired\":0,\"defaultValue\":\"exit\",\"name\":\"退出命令\",\"description\":\"退出命令,如quit、exit\",\"sort\":3,\"type\":\"select\",\"config\":{\"dataList\":[{\"text\":\"exit\",\"value\":\"exit\"},{\"text\":\"quit\",\"value\":\"quit\"}],\"dataSource\":\"static\"},\"key\":\"exitCmd\"},{\"mode\":\"input\",\"isRequired\":1,\"defaultValue\":\"3\",\"name\":\"连接超时时间\",\"description\":\"默认是3秒\",\"sort\":4,\"type\":\"text\",\"key\":\"timeout\"},{\"mode\":\"input\",\"isRequired\":0,\"defaultValue\":\"0\",\"name\":\"移除行\",\"description\":\"归档的配置文件的内容移除前面x行无效输出\",\"sort\":5,\"type\":\"text\",\"key\":\"startLine\"},{\"mode\":\"input\",\"isRequired\":0,\"defaultValue\":\"0\",\"name\":\"显示明细\",\"description\":\"打印明细日志\",\"sort\":6,\"type\":\"select\",\"config\":{\"dataList\":[{\"text\":\"否\",\"value\":\"0\"},{\"text\":\"是\",\"value\":\"1\"}],\"dataSource\":\"static\"},\"key\":\"verbose\"}]}', '2022-08-02 12:00:16.407', NULL, 0);
INSERT INTO `autoexec_tool` VALUES (684494683955202, 'inspect/confbackup', 1, 'runner_target', 1, 477321156894720, '拷贝远程OS的文件到本地并备份到文件服务', 'python', NULL, NULL, '{\"argument\":{\"argumentCount\":0,\"defaultValue\":\"\",\"description\":\"需要备份的文件表达式，忽略目录只会备份文件。如：/opt/tagent/conf/*.conf,/tmp/*\",\"id\":848588925886511,\"isRequired\":0,\"mappingMode\":\"constant\",\"mappingModeText\":\"常量\",\"mode\":\"input\",\"name\":\"需备份文件\",\"type\":\"text\",\"typeText\":\"文本\",\"validate\":\"\"},\"paramList\":[{\"mode\":\"input\",\"isRequired\":1,\"defaultValue\":\"32\",\"name\":\"最大Size\",\"description\":\"最大文件大小，单位:K\",\"sort\":0,\"type\":\"text\",\"key\":\"maxsize\"},{\"mode\":\"input\",\"isRequired\":1,\"defaultValue\":\"10\",\"name\":\"超时时间\",\"description\":\"查询超时时间，单位秒\",\"sort\":1,\"type\":\"text\",\"key\":\"timeout\"},{\"mode\":\"output\",\"name\":\"文件备份路径\",\"description\":\"文件信息列表，[{\'fileName\':\'xxx\', \'fullPath\':\'yyyy\', \'serverPath\':\'zzz\', \'modifyTime\':1661323868}]\",\"sort\":0,\"type\":\"json\",\"key\":\"fileList\"}]}', '2023-03-16 19:54:08.185', NULL, 0);
INSERT INTO `autoexec_tool` VALUES (689846808797184, 'inspect/netdevbackup', 1, 'runner_target', 477317709176833, 477321156894720, '网路设备配置备份', 'perl', NULL, NULL, '{\"paramList\":[{\"mode\":\"input\",\"isRequired\":1,\"defaultValue\":\"ssh\",\"name\":\"连接协议\",\"description\":\"连接协议\",\"sort\":0,\"type\":\"select\",\"config\":{\"dataList\":[{\"text\":\"ssh\",\"value\":\"ssh\"},{\"text\":\"telnet\",\"value\":\"telnet\"}],\"dataSource\":\"static\"},\"key\":\"protocol\"},{\"mode\":\"input\",\"isRequired\":1,\"defaultValue\":\"\",\"name\":\"厂商\",\"description\":\"厂商\",\"sort\":1,\"type\":\"select\",\"config\":{\"dataList\":[{\"text\":\"华为\",\"value\":\"huawei\"},{\"text\":\"华三\",\"value\":\"h3c\"},{\"text\":\"思科\",\"value\":\"cisco\"},{\"text\":\"山石\",\"value\":\"hillstone\"},{\"text\":\"锐捷\",\"value\":\"ruijie\"},{\"text\":\"迈普\",\"value\":\"maipu\"},{\"text\":\"中兴\",\"value\":\"zte\"}],\"dataSource\":\"static\"},\"key\":\"vendor\"},{\"mode\":\"input\",\"isRequired\":0,\"defaultValue\":\"exit\",\"name\":\"退出命令\",\"description\":\"退出命令,如quit、exit\",\"sort\":2,\"type\":\"select\",\"config\":{\"dataList\":[{\"text\":\"exit\",\"value\":\"exit\"},{\"text\":\"quit\",\"value\":\"quit\"}],\"dataSource\":\"static\"},\"key\":\"exitCmd\"},{\"mode\":\"input\",\"isRequired\":1,\"defaultValue\":\"10\",\"name\":\"连接超时时间\",\"description\":\"默认是10秒\",\"sort\":3,\"type\":\"text\",\"key\":\"timeout\"},{\"mode\":\"input\",\"isRequired\":0,\"defaultValue\":\"0\",\"name\":\"显示明细\",\"description\":\"打印明细日志\",\"sort\":4,\"type\":\"select\",\"config\":{\"dataList\":[{\"text\":\"否\",\"value\":\"0\"},{\"text\":\"是\",\"value\":\"1\"}],\"dataSource\":\"static\"},\"key\":\"verbose\"},{\"mode\":\"output\",\"name\":\"文件备份路径\",\"description\":\"文件备份路径\",\"sort\":0,\"type\":\"json\",\"key\":\"fileList\"}]}', '2023-03-16 19:54:08.207', NULL, 0);
INSERT INTO `autoexec_tool` VALUES (689846808797189, 'native/failkeys', 1, 'native', 628103457857536, 477321156894720, '在某些特殊情形下，需要对输出日志按行进行错误检测', 'python', NULL, NULL, '{\"argument\":{\"argumentCount\":0,\"defaultValue\":\"\",\"description\":\"一个或多个错误检测的正则表达式\",\"id\":848588925886538,\"isRequired\":1,\"mappingMode\":\"constant\",\"mappingModeText\":\"常量\",\"mode\":\"input\",\"name\":\"检测正则\",\"type\":\"text\",\"typeText\":\"文本\",\"validate\":\"\"},\"paramList\":[{\"mode\":\"input\",\"isRequired\":1,\"defaultValue\":\"and\",\"name\":\"操作符\",\"description\":\"是否同时满足多个正则表达式的\",\"sort\":0,\"type\":\"select\",\"config\":{\"dataList\":[{\"text\":\"and\",\"value\":\"and\"},{\"text\":\"or\",\"value\":\"or\"}],\"dataSource\":\"static\"},\"key\":\"operator\"},{\"mode\":\"input\",\"isRequired\":0,\"defaultValue\":\"\",\"name\":\"排除正则\",\"description\":\"排除匹配此正则表达式的行\",\"sort\":1,\"type\":\"text\",\"key\":\"exclude\"}]}', '2023-03-16 19:54:08.627', NULL, 0);
INSERT INTO `autoexec_tool` VALUES (694812420136966, 'netdev/netdevexec', 1, 'runner_target', 477319286235136, 477403314921472, '网路设备命令下发', 'perl', NULL, NULL, '{\"paramList\":[{\"mode\":\"input\",\"isRequired\":0,\"defaultValue\":\"\",\"name\":\"node\",\"description\":\"\",\"sort\":0,\"type\":\"text\",\"key\":\"node\"},{\"mode\":\"input\",\"isRequired\":1,\"defaultValue\":\"ssh\",\"name\":\"连接协议\",\"description\":\"连接协议\",\"sort\":1,\"type\":\"select\",\"config\":{\"dataList\":[{\"text\":\"ssh\",\"value\":\"ssh\"},{\"text\":\"telnet\",\"value\":\"telnet\"}],\"dataSource\":\"static\"},\"key\":\"protocol\"},{\"mode\":\"input\",\"isRequired\":0,\"defaultValue\":\"exit\",\"name\":\"退出命令\",\"description\":\"退出命令,如quit、exit\",\"sort\":2,\"type\":\"select\",\"config\":{\"dataList\":[{\"text\":\"exit\",\"value\":\"exit\"},{\"text\":\"quit\",\"value\":\"quit\"}],\"dataSource\":\"static\"},\"key\":\"exitCmd\"},{\"mode\":\"input\",\"isRequired\":1,\"defaultValue\":\"10\",\"name\":\"连接超时时间\",\"description\":\"默认是10秒\",\"sort\":3,\"type\":\"text\",\"key\":\"timeout\"},{\"mode\":\"input\",\"isRequired\":0,\"defaultValue\":\"0\",\"name\":\"显示明细\",\"description\":\"打印明细日志\",\"sort\":4,\"type\":\"select\",\"config\":{\"dataList\":[{\"text\":\"否\",\"value\":\"0\"},{\"text\":\"是\",\"value\":\"1\"}],\"dataSource\":\"static\"},\"key\":\"verbose\"},{\"mode\":\"input\",\"isRequired\":1,\"defaultValue\":\"\",\"name\":\"命令\",\"description\":\"下发命令，支持多行批量命令\",\"sort\":5,\"type\":\"textarea\",\"key\":\"cmd\"}]}', '2023-03-16 19:54:08.686', NULL, 0);
INSERT INTO `autoexec_tool` VALUES (698989082894338, 'svcinspect/urlcheck', 1, 'target', 1, 477321156894720, '检查多个URL是否可以正常访问', 'perl', NULL, NULL, '{\"argument\":{\"argumentCount\":0,\"defaultValue\":\"GET, http://${host}:${port}/\",\"description\":\"例如：GET, http://${host}:${port}/console\",\"id\":848588934275140,\"isRequired\":1,\"mappingMode\":\"constant\",\"mappingModeText\":\"常量\",\"mode\":\"input\",\"name\":\"HTTP请求\",\"type\":\"text\",\"typeText\":\"文本\",\"validate\":\"\"},\"paramList\":[{\"mode\":\"input\",\"isRequired\":1,\"defaultValue\":\"10\",\"name\":\"超时时间\",\"description\":\"查询超时时间，单位秒\",\"sort\":0,\"type\":\"text\",\"key\":\"timeout\"},{\"mode\":\"output\",\"name\":\"JSON数据\",\"description\":\"采集到的数据\",\"sort\":0,\"type\":\"json\",\"key\":\"DATA\"}]}', '2023-03-16 19:54:09.393', NULL, 0);
INSERT INTO `autoexec_tool` VALUES (698989082894340, 'svcinspect/tcpcheck', 1, 'target', 1, 477321156894720, '在服务端OS内检查TCP监听', 'perl', NULL, NULL, '{\"paramList\":[{\"mode\":\"input\",\"isRequired\":1,\"defaultValue\":\"10\",\"name\":\"超时时间\",\"description\":\"查询超时时间，单位秒\",\"sort\":0,\"type\":\"text\",\"key\":\"timeout\"},{\"mode\":\"output\",\"name\":\"JSON数据\",\"description\":\"采集到的数据\",\"sort\":0,\"type\":\"json\",\"key\":\"DATA\"}]}', '2023-03-16 19:54:09.383', NULL, 0);
INSERT INTO `autoexec_tool` VALUES (699959124746241, 'inspect/saveconffile', 1, 'runner_target', 1, 477321156894720, '保存文本文件到仓库', 'python', NULL, NULL, '{\"paramList\":[{\"mode\":\"input\",\"isRequired\":1,\"defaultValue\":\"[]\",\"name\":\"文件信息列表\",\"description\":\"文件信息列表，[{\'fileName\':\'xxx\', \'fullPath\':\'yyyy\', \'serverPath\':\'zzz\', \'modifyTime\':1661323868}]\",\"sort\":0,\"type\":\"json\",\"key\":\"fileslist\"},{\"mode\":\"input\",\"isRequired\":1,\"defaultValue\":\"10\",\"name\":\"保留版本数\",\"description\":\"保留版本数，超过的版本将会被删除\",\"sort\":1,\"type\":\"text\",\"key\":\"reservevercount\"},{\"mode\":\"input\",\"isRequired\":0,\"defaultValue\":\"10\",\"name\":\"巡检记录保留时间\",\"description\":\"巡检记录保留时间，单位(天)\",\"sort\":2,\"type\":\"text\",\"key\":\"inspectlogttl\"},{\"mode\":\"input\",\"isRequired\":1,\"defaultValue\":\"10\",\"name\":\"超时时间\",\"description\":\"查询超时时间，单位秒\",\"sort\":3,\"type\":\"text\",\"key\":\"timeout\"}]}', '2023-03-16 19:54:08.243', NULL, 0);
INSERT INTO `autoexec_tool` VALUES (705729128095745, 'inspect/setoutputdesc', 1, 'runner_target', 1, 477321156894720, '扩展作业报告导出字段信息', 'python', NULL, NULL, '{\"argument\":{\"argumentCount\":0,\"defaultValue\":\"\",\"description\":\"导出字段，需要在导出作业报告中显示的数据字段,如：#{test.test_699960005763109.outfile}\",\"id\":848588925886517,\"isRequired\":1,\"mappingMode\":\"constant\",\"mappingModeText\":\"常量\",\"mode\":\"input\",\"name\":\"导出字段\",\"type\":\"text\",\"typeText\":\"文本\",\"validate\":\"\"},\"paramList\":[{\"mode\":\"input\",\"isRequired\":0,\"defaultValue\":\"\",\"name\":\"node\",\"description\":\"\",\"sort\":0,\"type\":\"text\",\"key\":\"node\"}]}', '2023-03-16 19:54:08.253', NULL, 0);
INSERT INTO `autoexec_tool` VALUES (715003707318272, 'basic/aggoutput', 1, 'runner', 477319286235136, 477321156894720, '对多节点输出的某个变量进行聚合, 如下游传值使用, 建议节点数不超过32', 'python', NULL, NULL, '{\"paramList\":[{\"mode\":\"input\",\"isRequired\":1,\"defaultValue\":\"\",\"name\":\"变量名\",\"description\":\"上游输出的变量名\",\"sort\":0,\"type\":\"text\",\"key\":\"outputkey\"},{\"mode\":\"output\",\"name\":\"聚合数据\",\"description\":\"多节点输出聚合后的数据\",\"sort\":0,\"type\":\"json\",\"key\":\"aggData\"}]}', '2023-03-16 19:54:07.030', NULL, 0);
INSERT INTO `autoexec_tool` VALUES (715003715706882, 'osbasic/modifylimit', 1, 'target', 477319286235136, 477403314921472, '修改/etc/security下的limit.conf或limit.d下的设置', 'perl', NULL, NULL, '{\"paramList\":[{\"mode\":\"input\",\"isRequired\":0,\"defaultValue\":\"\",\"name\":\"默认配置域\",\"description\":\"规则使用范围，例如：用户名(user), 组名(@group), 所有(*)\",\"sort\":0,\"type\":\"text\",\"key\":\"defaultdomain\"},{\"mode\":\"input\",\"isRequired\":0,\"defaultValue\":\"0\",\"name\":\"备份文件\",\"description\":\"修改前备份, 例如：/etc/security/limit.conf.%Y%m%d-%H%M%S\",\"sort\":1,\"type\":\"select\",\"config\":{\"dataList\":[{\"text\":\"是\",\"value\":\"1\"},{\"text\":\"否\",\"value\":\"0\"}],\"dataSource\":\"static\"},\"key\":\"backup\"},{\"mode\":\"input\",\"isRequired\":0,\"defaultValue\":\"\",\"name\":\"文件名\",\"description\":\"如果修改/etc/security下的limit.conf则保持空,如需修改limit.d下的文件, 需给出文件名\",\"sort\":2,\"type\":\"text\",\"key\":\"filename\"},{\"mode\":\"input\",\"isRequired\":1,\"defaultValue\":\"\",\"name\":\"需修改内容\",\"description\":\"支持多行, 例如：oracle soft nproc 2047\",\"sort\":3,\"type\":\"textarea\",\"key\":\"content\"},{\"mode\":\"output\",\"name\":\"limit配置内容\",\"description\":\"更新后的limit.conf配置内容\",\"sort\":0,\"type\":\"textarea\",\"key\":\"limitConf\"}]}', '2023-03-16 19:54:09.247', NULL, 0);
INSERT INTO `autoexec_tool` VALUES (715003715706883, 'osbasic/modifysysctl', 1, 'target', 477319286235136, 477403314921472, '修改/etc/sysctl.conf设置', 'perl', NULL, NULL, '{\"paramList\":[{\"mode\":\"input\",\"isRequired\":0,\"defaultValue\":\"0\",\"name\":\"备份文件\",\"description\":\"在修改前备份文件到/etc/sysctl.conf.%Y%m%d-%H%M%S\",\"sort\":0,\"type\":\"select\",\"config\":{\"dataList\":[{\"text\":\"是\",\"value\":\"1\"},{\"text\":\"否\",\"value\":\"0\"}],\"dataSource\":\"static\"},\"key\":\"backup\"},{\"mode\":\"input\",\"isRequired\":0,\"defaultValue\":\"1\",\"name\":\"自动SHM参数\",\"description\":\"自动调整kernel.shmmax和kernel.shmall为内存的一半\",\"sort\":1,\"type\":\"select\",\"config\":{\"dataList\":[{\"text\":\"是\",\"value\":\"1\"},{\"text\":\"否\",\"value\":\"0\"}],\"dataSource\":\"static\"},\"key\":\"autotuneshm\"},{\"mode\":\"input\",\"isRequired\":1,\"defaultValue\":\"\",\"name\":\"需修改内容\",\"description\":\"支持多行, 例如：kernel.shmmni=4096\",\"sort\":2,\"type\":\"textarea\",\"key\":\"content\"},{\"mode\":\"output\",\"name\":\"sysctl配置内容\",\"description\":\"更新后的sysctl.conf配置内容\",\"sort\":0,\"type\":\"textarea\",\"key\":\"sysctlConf\"}]}', '2023-03-16 19:54:09.256', NULL, 0);
INSERT INTO `autoexec_tool` VALUES (715003715706884, 'osbasic/adduser', 1, 'target', 477319286235136, 477403314921472, '创建Unix/Linux操作系统用户', 'perl', NULL, NULL, '{\"paramList\":[{\"mode\":\"input\",\"isRequired\":1,\"defaultValue\":\"\",\"name\":\"需修改内容\",\"description\":\"支持多行, 例如：oracle oinstall dba,admadm 或者 oracle oinstall 或者 oracle 1000 oinstall 或者 oracle 1000 oinstall dba,admadm\",\"sort\":0,\"type\":\"textarea\",\"key\":\"content\"},{\"mode\":\"input\",\"isRequired\":0,\"defaultValue\":\"1\",\"name\":\"存在就修改\",\"description\":\"如果用户已经存在，则修改存在的组\",\"sort\":1,\"type\":\"select\",\"config\":{\"dataList\":[{\"text\":\"是\",\"value\":\"1\"},{\"text\":\"否\",\"value\":\"0\"}],\"dataSource\":\"static\"},\"key\":\"modifyifexist\"}]}', '2023-03-16 19:54:09.106', NULL, 0);
INSERT INTO `autoexec_tool` VALUES (715003715706885, 'osbasic/setuserenv', 1, 'target', 477319286235136, 477403314921472, '修改用户profile文件，设置用户环境变量', 'perl', NULL, NULL, '{\"paramList\":[{\"mode\":\"input\",\"isRequired\":0,\"defaultValue\":\"\",\"name\":\"用户名\",\"description\":\"只需要通过root设置其他用户的profile时才需要定义, 否则留空\",\"sort\":0,\"type\":\"text\",\"key\":\"user\"},{\"mode\":\"input\",\"isRequired\":1,\"defaultValue\":\".bash_profile\",\"name\":\"Profile文件名\",\"description\":\"文件名，例如：.bash_profile或者.profile\",\"sort\":1,\"type\":\"text\",\"key\":\"filename\"},{\"mode\":\"input\",\"isRequired\":1,\"defaultValue\":\"\",\"name\":\"需修改内容\",\"description\":\"支持多行, 例如：export ORACLE_HOME=/app/oracle\",\"sort\":2,\"type\":\"textarea\",\"key\":\"content\"}]}', '2023-03-16 19:54:09.313', NULL, 0);
INSERT INTO `autoexec_tool` VALUES (715003715706886, 'osbasic/gensshkey', 1, 'target', 477319286235136, 477403314921472, '创建Unix/Linux操作系统用户的SSH RSA密钥', 'perl', NULL, NULL, '{\"paramList\":[{\"mode\":\"input\",\"isRequired\":0,\"defaultValue\":\"\",\"name\":\"用户名\",\"description\":\"只需要通过root生成其他用户的key时才需要定义, 否则留空\",\"sort\":0,\"type\":\"text\",\"key\":\"user\"},{\"mode\":\"input\",\"isRequired\":1,\"defaultValue\":\"2048\",\"name\":\"密钥长度\",\"description\":\"密钥长度，多少Bits\",\"sort\":1,\"type\":\"text\",\"key\":\"keylen\"},{\"mode\":\"input\",\"isRequired\":0,\"defaultValue\":\"1\",\"name\":\"重新创建\",\"description\":\"如果Key已经存在，则重新创建\",\"sort\":2,\"type\":\"select\",\"config\":{\"dataList\":[{\"text\":\"是\",\"value\":\"1\"},{\"text\":\"否\",\"value\":\"0\"}],\"dataSource\":\"static\"},\"key\":\"recreate\"},{\"mode\":\"output\",\"name\":\"SSH公钥\",\"description\":\"生成的SSH公钥内容\",\"sort\":0,\"type\":\"text\",\"key\":\"pubKey\"}]}', '2023-03-16 19:54:09.198', NULL, 0);
INSERT INTO `autoexec_tool` VALUES (715003715706887, 'osbasic/addgroup', 1, 'target', 477319286235136, 477403314921472, '创建Unix/Linux操作系统用户组', 'perl', NULL, NULL, '{\"paramList\":[{\"mode\":\"input\",\"isRequired\":1,\"defaultValue\":\"\",\"name\":\"需修改内容\",\"description\":\"支持多行, 例如：oracle soft nproc 2047\",\"sort\":0,\"type\":\"textarea\",\"key\":\"content\"},{\"mode\":\"input\",\"isRequired\":0,\"defaultValue\":\"1\",\"name\":\"存在就修改\",\"description\":\"如果用户组已经存在，则修改存在的组\",\"sort\":1,\"type\":\"select\",\"config\":{\"dataList\":[{\"text\":\"是\",\"value\":\"1\"},{\"text\":\"否\",\"value\":\"0\"}],\"dataSource\":\"static\"},\"key\":\"modifyifexist\"}]}', '2023-03-16 19:54:09.087', NULL, 0);
INSERT INTO `autoexec_tool` VALUES (715003715706888, 'osbasic/modifyhosts', 1, 'target', 477319286235136, 477403314921472, '修改/etc/hosts里的IP和域名设置', 'perl', NULL, NULL, '{\"paramList\":[{\"mode\":\"input\",\"isRequired\":0,\"defaultValue\":\"0\",\"name\":\"备份文件\",\"description\":\"在修改前备份/etc/hosts文件为/etc/hosts.%Y%m%d-%H%M%S\",\"sort\":0,\"type\":\"select\",\"config\":{\"dataList\":[{\"text\":\"是\",\"value\":\"1\"},{\"text\":\"否\",\"value\":\"0\"}],\"dataSource\":\"static\"},\"key\":\"backup\"},{\"mode\":\"input\",\"isRequired\":0,\"defaultValue\":\"1\",\"name\":\"清空hosts文件\",\"description\":\"在修改前清空/etc/hosts文件\",\"sort\":1,\"type\":\"select\",\"config\":{\"dataList\":[{\"text\":\"是\",\"value\":\"1\"},{\"text\":\"否\",\"value\":\"0\"}],\"dataSource\":\"static\"},\"key\":\"reset\"},{\"mode\":\"input\",\"isRequired\":1,\"defaultValue\":\"\",\"name\":\"IP主机名对照表\",\"description\":\"引用工具basic/seqhostname输出参数ip2Hostname\",\"sort\":2,\"type\":\"json\",\"key\":\"ip2hostnamemap\"},{\"mode\":\"input\",\"isRequired\":0,\"defaultValue\":\"\",\"name\":\"需修改内容\",\"description\":\"支持多行,若内容为空自动把“IP主机名对照表”的数据拼接成修改内容, 例如：10.10.0.1 myhost\",\"sort\":3,\"type\":\"textarea\",\"key\":\"content\"},{\"mode\":\"input\",\"isRequired\":0,\"defaultValue\":\"ip\",\"name\":\"数据主键\",\"description\":\"数据主键，默认是以IP为主键不允许出现一个IP对应的名称配置，如为映射名称则以名称为主允许一个IP对应多个名称的配置\",\"sort\":4,\"type\":\"select\",\"config\":{\"dataList\":[{\"text\":\"IP\",\"value\":\"ip\"},{\"text\":\"映射名称\",\"value\":\"name\"}],\"dataSource\":\"static\"},\"key\":\"datakey\"},{\"mode\":\"output\",\"name\":\"Hosts配置内容\",\"description\":\"更新后的Hosts配置内容\",\"sort\":0,\"type\":\"textarea\",\"key\":\"hostsConf\"}]}', '2023-03-16 19:54:09.237', NULL, 0);
INSERT INTO `autoexec_tool` VALUES (715076008730627, 'basic/getnodes', 1, 'runner', 477319286235136, 477321156894720, '获取当前执行组某阶段执行目标信息保存到输出参数中, 如下游传值使用, 建议节点数不超过32', 'python', NULL, NULL, '{\"paramList\":[{\"mode\":\"input\",\"isRequired\":1,\"defaultValue\":\"\",\"name\":\"执行阶段\",\"description\":\"上游某个执行阶段\",\"sort\":0,\"type\":\"phase\",\"key\":\"phasename\"},{\"mode\":\"output\",\"name\":\"执行节点列表\",\"description\":\"执行节点列表信息，不包括密码\",\"sort\":0,\"type\":\"json\",\"key\":\"nodes\"}]}', '2023-03-16 19:54:06.882', NULL, 0);
INSERT INTO `autoexec_tool` VALUES (716543880912900, 'osbasic/addsshauthkeys', 1, 'target', 477319286235136, 477403314921472, '往用户.ssh/authorized_keys文件添加RSA公钥', 'perl', NULL, NULL, '{\"paramList\":[{\"mode\":\"input\",\"isRequired\":0,\"defaultValue\":\"\",\"name\":\"用户名\",\"description\":\"只需要通过root配置其他用户的authorized_keys时才需要定义, 否则留空\",\"sort\":0,\"type\":\"text\",\"key\":\"user\"},{\"mode\":\"input\",\"isRequired\":1,\"defaultValue\":\"\",\"name\":\"IP主机名对照表\",\"description\":\"引用工具basic/seqhostname输出参数ip2Hostname\",\"sort\":1,\"type\":\"json\",\"key\":\"ip2hostnamemap\"},{\"mode\":\"input\",\"isRequired\":1,\"defaultValue\":\"\",\"name\":\"公钥列表\",\"description\":\"公钥JSON, 格式: {\\\"ip1\\\":\\\"pubkey1\\\",\\\"ip2\\\":\\\"pubkey2\\\"} 或 [\\\"pubkey1\\\", \\\"pubkey2\\\"]\",\"sort\":2,\"type\":\"json\",\"key\":\"pubkeys\"}]}', '2023-03-16 19:54:09.096', NULL, 0);
INSERT INTO `autoexec_tool` VALUES (716543880912901, 'osbasic/getallnicip', 1, 'target', 477319286235136, 477321156894720, '获取操作系统配置的IP信息(IP 掩码 网卡名 MAC地址)', 'perl', NULL, NULL, '{\"paramList\":[{\"mode\":\"output\",\"name\":\"所有网卡\",\"description\":\"操作系统所有的MAC地址和网卡名\",\"sort\":0,\"type\":\"json\",\"key\":\"allNics\"},{\"mode\":\"output\",\"name\":\"IP信息\",\"description\":\"操作系统配置的IP和网卡信息列表\",\"sort\":1,\"type\":\"json\",\"key\":\"allIpInfo\"}]}', '2023-03-16 19:54:09.208', NULL, 0);
INSERT INTO `autoexec_tool` VALUES (717406254981123, 'osbasic/scsiudevrules', 1, 'target', 477319286235136, 477321156894720, '多主机共享SCSI磁盘, 在其中一个主机上生成统一的Udev规则，通过其他步骤把此规则配置到其主机', 'perl', NULL, NULL, '{\"paramList\":[{\"mode\":\"input\",\"isRequired\":1,\"defaultValue\":\"/dev/asmdisk/asm-disk-\",\"name\":\"磁盘别名前缀\",\"description\":\"别名的前缀，例如：/dev/asmdisk/asm-disk-\",\"sort\":0,\"type\":\"text\",\"key\":\"aliasprefix\"},{\"mode\":\"input\",\"isRequired\":1,\"defaultValue\":\"ls /dev/sd* | grep -v /dev/sda\",\"name\":\"列取磁盘命令\",\"description\":\"例如: ls /dev/sd* | grep -v /dev/sda\",\"sort\":1,\"type\":\"textarea\",\"key\":\"listdevcmd\"},{\"mode\":\"input\",\"isRequired\":1,\"defaultValue\":\"1,3\",\"name\":\"磁盘序号范围\",\"description\":\"例如: 取第1个到第3个磁盘:1,3; 取第6个及后续所有盘:6,\",\"sort\":2,\"type\":\"text\",\"key\":\"selectrange\"},{\"mode\":\"input\",\"isRequired\":0,\"defaultValue\":\"sizeandid\",\"name\":\"设备排序\",\"description\":\"通过排序方法影响别名序号\",\"sort\":3,\"type\":\"select\",\"config\":{\"dataList\":[{\"text\":\"默认\",\"value\":\"origin\"},{\"text\":\"大小\",\"value\":\"size\"},{\"text\":\"名称\",\"value\":\"name\"},{\"text\":\"SCSI ID\",\"value\":\"id\"},{\"text\":\"大小+ID\",\"value\":\"sizeandid\"},{\"text\":\"大小+名称\",\"value\":\"sizeandname\"}],\"dataSource\":\"static\"},\"key\":\"sortmethod\"},{\"mode\":\"input\",\"isRequired\":1,\"defaultValue\":\"grid\",\"name\":\"设备用户\",\"description\":\"设备的Owner用户\",\"sort\":4,\"type\":\"text\",\"key\":\"owner\"},{\"mode\":\"input\",\"isRequired\":1,\"defaultValue\":\"asmadmin\",\"name\":\"设备用户组\",\"description\":\"设备的Owner组\",\"sort\":5,\"type\":\"text\",\"key\":\"group\"},{\"mode\":\"output\",\"name\":\"磁盘通配符\",\"description\":\"磁盘通配符, 磁盘路径目录加上/*\",\"sort\":0,\"type\":\"text\",\"key\":\"diskDiscoveryString\"},{\"mode\":\"output\",\"name\":\"udev规则文本\",\"description\":\"生成的udev多条规则文本\",\"sort\":1,\"type\":\"textarea\",\"key\":\"udevRules\"},{\"mode\":\"output\",\"name\":\"磁盘列表数组\",\"description\":\"多个磁盘的数据\",\"sort\":2,\"type\":\"json\",\"key\":\"diskDevsArray\"},{\"mode\":\"output\",\"name\":\"磁盘列表\",\"description\":\"多个磁盘列,每个磁盘单独一行\",\"sort\":3,\"type\":\"textarea\",\"key\":\"diskDevs\"}]}', '2023-03-16 19:54:09.276', NULL, 0);
INSERT INTO `autoexec_tool` VALUES (717406254981124, 'osbasic/confyumlocal', 1, 'target', 477319286235136, 477403314921472, '配置Centos或ReadHat Linux的本地yum源', 'perl', NULL, NULL, '{\"paramList\":[{\"mode\":\"input\",\"isRequired\":1,\"defaultValue\":\"/mnt/cdrom\",\"name\":\"本地目录\",\"description\":\"本地目录或者ISO的挂载目录\",\"sort\":0,\"type\":\"text\",\"key\":\"mountpoint\"},{\"mode\":\"input\",\"isRequired\":1,\"defaultValue\":\"\",\"name\":\"ISO文件\",\"description\":\"ISO文件所在目录\",\"sort\":1,\"type\":\"text\",\"key\":\"isofile\"},{\"mode\":\"input\",\"isRequired\":0,\"defaultValue\":\"0\",\"name\":\"删除其他yum配置\",\"description\":\"删除/etc/yum.repos.d下的其他配置\",\"sort\":2,\"type\":\"select\",\"config\":{\"dataList\":[{\"text\":\"是\",\"value\":\"1\"},{\"text\":\"否\",\"value\":\"0\"}],\"dataSource\":\"static\"},\"key\":\"clean\"}]}', '2023-03-16 19:54:09.156', NULL, 0);
INSERT INTO `autoexec_tool` VALUES (717406254981125, 'osbasic/confisozypper', 1, 'target', 477319286235136, 477403314921472, '配置SUSE12及以上的的本地ISO源', 'perl', NULL, NULL, '{\"paramList\":[{\"mode\":\"input\",\"isRequired\":1,\"defaultValue\":\"\",\"name\":\"ISO文件\",\"description\":\"ISO文件所在目录\",\"sort\":0,\"type\":\"text\",\"key\":\"isofile\"},{\"mode\":\"input\",\"isRequired\":0,\"defaultValue\":\"0\",\"name\":\"删除其他yum配置\",\"description\":\"删除/etc/yum.repos.d下的其他配置\",\"sort\":1,\"type\":\"select\",\"config\":{\"dataList\":[{\"text\":\"是\",\"value\":\"1\"},{\"text\":\"否\",\"value\":\"0\"}],\"dataSource\":\"static\"},\"key\":\"clean\"}]}', '2023-03-16 19:54:09.146', NULL, 0);
INSERT INTO `autoexec_tool` VALUES (717406254981126, 'osbasic/sethostname', 1, 'target', 477319286235136, 477403314921472, '根据提供的节点IP和主机名对应表设置主机名', 'perl', NULL, NULL, '{\"paramList\":[{\"mode\":\"input\",\"isRequired\":0,\"defaultValue\":\"0\",\"name\":\"备份文件\",\"description\":\"在修改前备份/etc/hosts文件为/etc/hosts.%Y%m%d-%H%M%S\",\"sort\":0,\"type\":\"select\",\"config\":{\"dataList\":[{\"text\":\"是\",\"value\":\"1\"},{\"text\":\"否\",\"value\":\"0\"}],\"dataSource\":\"static\"},\"key\":\"backup\"},{\"mode\":\"input\",\"isRequired\":0,\"defaultValue\":\"1\",\"name\":\"清空hosts文件\",\"description\":\"在修改前清空/etc/hosts文件\",\"sort\":1,\"type\":\"select\",\"config\":{\"dataList\":[{\"text\":\"是\",\"value\":\"1\"},{\"text\":\"否\",\"value\":\"0\"}],\"dataSource\":\"static\"},\"key\":\"reset\"},{\"mode\":\"input\",\"isRequired\":1,\"defaultValue\":\"\",\"name\":\"IP主机名对照表\",\"description\":\"引用工具basic/seqhostname输出参数ip2Hostname\",\"sort\":2,\"type\":\"json\",\"key\":\"ip2hostnamemap\"},{\"mode\":\"output\",\"name\":\"Hosts配置内容\",\"description\":\"更新后的Hosts配置内容\",\"sort\":0,\"type\":\"textarea\",\"key\":\"hostsConf\"}]}', '2023-03-16 19:54:09.285', NULL, 0);
INSERT INTO `autoexec_tool` VALUES (719298984992771, 'osbasic/resetuserpwd', 1, 'target', 477319286235136, 477403314921472, '修改Unix/Linux操作系统用户密码', 'perl', NULL, NULL, '{\"paramList\":[{\"mode\":\"input\",\"isRequired\":1,\"defaultValue\":\"\",\"name\":\"用户名\",\"description\":\"操作系统用户名\",\"sort\":0,\"type\":\"text\",\"key\":\"user\"},{\"mode\":\"output\",\"name\":\"重置后密码\",\"description\":\"重置后的用户密码\",\"sort\":0,\"type\":\"text\",\"key\":\"password\"}]}', '2023-03-16 19:54:09.266', NULL, 0);
INSERT INTO `autoexec_tool` VALUES (719298993381376, 'osbasic/changeuserpwd', 1, 'target', 477319286235136, 477403314921472, '修改Unix/Linux操作系统用户密码', 'perl', NULL, NULL, '{\"paramList\":[{\"mode\":\"input\",\"isRequired\":1,\"defaultValue\":\"\",\"name\":\"用户名\",\"description\":\"操作系统用户名\",\"sort\":0,\"type\":\"text\",\"key\":\"user\"},{\"mode\":\"input\",\"isRequired\":1,\"defaultValue\":\"\",\"name\":\"密码\",\"description\":\"操作系统用户的密码\",\"sort\":1,\"type\":\"password\",\"key\":\"password\"}]}', '2023-03-16 19:54:09.115', NULL, 0);
INSERT INTO `autoexec_tool` VALUES (720149136859136, 'install/vmclone', 1, 'runner', 705753513779200, 477403314921472, '基于vshpere克隆虚拟机（虚拟机模板或被克隆的虚拟机必须先安装vmtools）', 'python', NULL, NULL, '{\"paramList\":[{\"mode\":\"input\",\"isRequired\":0,\"defaultValue\":\"\",\"name\":\"ip\",\"description\":\"vsphere 管理IP\",\"sort\":0,\"type\":\"text\",\"config\":{\"validateList\":[{\"name\":\"ip\"}]},\"key\":\"ip\"},{\"mode\":\"input\",\"isRequired\":0,\"defaultValue\":\"\",\"name\":\"user\",\"description\":\"vsphere 管理用户\",\"sort\":1,\"type\":\"text\",\"key\":\"user\"},{\"mode\":\"input\",\"isRequired\":0,\"defaultValue\":\"\",\"name\":\"password\",\"description\":\"vsphere 管理登录用户密码\",\"sort\":2,\"type\":\"password\",\"key\":\"password\"},{\"mode\":\"input\",\"isRequired\":0,\"defaultValue\":\"443\",\"name\":\"port\",\"description\":\"vsphere 管理端口\",\"sort\":3,\"type\":\"text\",\"config\":{\"validateList\":[{\"name\":\"integer_p\"}]},\"key\":\"port\"},{\"mode\":\"input\",\"isRequired\":1,\"defaultValue\":\"\",\"name\":\"datacenter名称\",\"description\":\"vsphere datacenter数据中心名称\",\"sort\":4,\"type\":\"text\",\"key\":\"datacenter_name\"},{\"mode\":\"input\",\"isRequired\":1,\"defaultValue\":\"\",\"name\":\"cluster名称\",\"description\":\"vsphere cluster集群名称\",\"sort\":5,\"type\":\"text\",\"key\":\"cluster_name\"},{\"mode\":\"input\",\"isRequired\":0,\"defaultValue\":\"\",\"name\":\"datastore名称\",\"description\":\"vsphere datastore存储名称\",\"sort\":6,\"type\":\"text\",\"key\":\"datastore_name\"},{\"mode\":\"input\",\"isRequired\":1,\"defaultValue\":\"\",\"name\":\"模板名称\",\"description\":\"vsphere template模板名称\",\"sort\":7,\"type\":\"text\",\"key\":\"template_name\"},{\"mode\":\"input\",\"isRequired\":1,\"defaultValue\":\"\",\"name\":\"存放目录\",\"description\":\"vsphere 新建虚拟机存放目录，不存在会新建。如：neatlogic\",\"sort\":8,\"type\":\"text\",\"key\":\"vm_folder\"},{\"mode\":\"input\",\"isRequired\":1,\"defaultValue\":\"\",\"name\":\"服务器名称\",\"description\":\"vsphere 服务器硬件名称\",\"sort\":9,\"type\":\"text\",\"key\":\"host_name\"},{\"mode\":\"input\",\"isRequired\":1,\"defaultValue\":\"\",\"name\":\"名称\",\"description\":\"克隆生成的虚拟机名称\",\"sort\":10,\"type\":\"text\",\"key\":\"vm_name\"},{\"mode\":\"input\",\"isRequired\":1,\"defaultValue\":\"\",\"name\":\"IP\",\"description\":\"克隆生成的虚拟机IP\",\"sort\":11,\"type\":\"text\",\"config\":{\"validateList\":[{\"name\":\"ip\"}]},\"key\":\"vm_ip\"},{\"mode\":\"input\",\"isRequired\":1,\"defaultValue\":\"\",\"name\":\"掩码\",\"description\":\"克隆生成的虚拟机掩码\",\"sort\":12,\"type\":\"text\",\"key\":\"netmask\"},{\"mode\":\"input\",\"isRequired\":1,\"defaultValue\":\"\",\"name\":\"网关\",\"description\":\"克隆生成的虚拟机网关\",\"sort\":13,\"type\":\"text\",\"key\":\"gateway\"},{\"mode\":\"input\",\"isRequired\":1,\"defaultValue\":\"\",\"name\":\"DNS\",\"description\":\"克隆生成的虚拟机DNS,多个逗号分隔。如：1.1.1.1,2.2.2.2\",\"sort\":14,\"type\":\"text\",\"key\":\"dns\"},{\"mode\":\"input\",\"isRequired\":1,\"defaultValue\":\"\",\"name\":\"hostname\",\"description\":\"克隆生成的虚拟机主机名称\",\"sort\":15,\"type\":\"text\",\"config\":{\"validateList\":[{\"name\":\"enchar\"}]},\"key\":\"hostname\"},{\"mode\":\"input\",\"isRequired\":1,\"defaultValue\":\"\",\"name\":\"cpu个数\",\"description\":\"克隆生成的虚拟机主机CPU数量\",\"sort\":16,\"type\":\"text\",\"config\":{\"validateList\":[{\"name\":\"integer_p\"}]},\"key\":\"cup_num\"},{\"mode\":\"input\",\"isRequired\":1,\"defaultValue\":\"\",\"name\":\"内存(GB)\",\"description\":\"克隆生成的虚拟机主机内存大小\",\"sort\":17,\"type\":\"text\",\"config\":{\"validateList\":[{\"name\":\"integer_p\"}]},\"key\":\"memory\"},{\"mode\":\"input\",\"isRequired\":1,\"defaultValue\":\"\",\"name\":\"磁盘(GB)\",\"description\":\"克隆生成的虚拟机主机磁盘大小\",\"sort\":18,\"type\":\"text\",\"config\":{\"validateList\":[{\"name\":\"integer_p\"}]},\"key\":\"disk_size\"},{\"mode\":\"input\",\"isRequired\":1,\"defaultValue\":\"\",\"name\":\"磁盘类型\",\"description\":\"克隆生成的虚拟机主机磁盘类型\",\"sort\":19,\"type\":\"select\",\"config\":{\"dataList\":[{\"text\":\"精简置备\",\"value\":\"thin\"},{\"text\":\"厚置备延迟置零\",\"value\":\"zeroed thick\"},{\"text\":\"厚置备置零\",\"value\":\"eager zeroed thick\"}],\"dataSource\":\"static\"},\"key\":\"disk_type\"},{\"mode\":\"input\",\"isRequired\":0,\"defaultValue\":\"0\",\"name\":\"显示明细\",\"description\":\"打印明细日志\",\"sort\":20,\"type\":\"select\",\"config\":{\"dataList\":[{\"text\":\"否\",\"value\":\"0\"},{\"text\":\"是\",\"value\":\"1\"}],\"dataSource\":\"static\"},\"key\":\"verbose\"},{\"mode\":\"output\",\"name\":\"执行节点\",\"description\":\"克隆完产生的动态节点\",\"sort\":0,\"type\":\"node\",\"key\":\"selectNodeList\"}]}', '2023-03-16 19:54:08.341', NULL, 0);
INSERT INTO `autoexec_tool` VALUES (722392133197824, 'install/vmdestroy', 1, 'runner', 705753513779200, 477403314921472, '基于vshpere删除虚拟机', 'python', NULL, NULL, '{\"paramList\":[{\"mode\":\"input\",\"isRequired\":0,\"defaultValue\":\"\",\"name\":\"ip\",\"description\":\"vsphere 管理IP\",\"sort\":0,\"type\":\"text\",\"key\":\"ip\"},{\"mode\":\"input\",\"isRequired\":0,\"defaultValue\":\"\",\"name\":\"user\",\"description\":\"vsphere 管理用户\",\"sort\":1,\"type\":\"text\",\"key\":\"user\"},{\"mode\":\"input\",\"isRequired\":0,\"defaultValue\":\"\",\"name\":\"password\",\"description\":\"vsphere 管理登录用户密码\",\"sort\":2,\"type\":\"password\",\"key\":\"password\"},{\"mode\":\"input\",\"isRequired\":0,\"defaultValue\":\"443\",\"name\":\"port\",\"description\":\"vsphere 管理端口\",\"sort\":3,\"type\":\"text\",\"key\":\"port\"},{\"mode\":\"input\",\"isRequired\":0,\"defaultValue\":\"\",\"name\":\"名称\",\"description\":\"虚拟机名称\",\"sort\":4,\"type\":\"text\",\"key\":\"vm_name\"},{\"mode\":\"input\",\"isRequired\":0,\"defaultValue\":\"\",\"name\":\"IP\",\"description\":\"虚拟机IP\",\"sort\":5,\"type\":\"text\",\"key\":\"vm_ip\"},{\"mode\":\"input\",\"isRequired\":0,\"defaultValue\":\"0\",\"name\":\"显示明细\",\"description\":\"打印明细日志\",\"sort\":6,\"type\":\"select\",\"config\":{\"dataList\":[{\"text\":\"否\",\"value\":\"0\"},{\"text\":\"是\",\"value\":\"1\"}],\"dataSource\":\"static\"},\"key\":\"verbose\"}]}', '2023-03-16 19:54:08.319', NULL, 0);
INSERT INTO `autoexec_tool` VALUES (722392133197825, 'install/vmpower', 1, 'runner', 705753513779200, 477403314921472, '基于vshpere启停虚拟机', 'python', NULL, NULL, '{\"paramList\":[{\"mode\":\"input\",\"isRequired\":0,\"defaultValue\":\"\",\"name\":\"ip\",\"description\":\"vsphere 管理IP\",\"sort\":0,\"type\":\"text\",\"key\":\"ip\"},{\"mode\":\"input\",\"isRequired\":0,\"defaultValue\":\"\",\"name\":\"user\",\"description\":\"vsphere 管理用户\",\"sort\":1,\"type\":\"text\",\"key\":\"user\"},{\"mode\":\"input\",\"isRequired\":0,\"defaultValue\":\"\",\"name\":\"password\",\"description\":\"vsphere 管理登录用户密码\",\"sort\":2,\"type\":\"password\",\"key\":\"password\"},{\"mode\":\"input\",\"isRequired\":0,\"defaultValue\":\"443\",\"name\":\"port\",\"description\":\"vsphere 管理端口\",\"sort\":3,\"type\":\"text\",\"key\":\"port\"},{\"mode\":\"input\",\"isRequired\":0,\"defaultValue\":\"\",\"name\":\"名称\",\"description\":\"虚拟机名称\",\"sort\":4,\"type\":\"text\",\"key\":\"vm_name\"},{\"mode\":\"input\",\"isRequired\":0,\"defaultValue\":\"\",\"name\":\"IP\",\"description\":\"虚拟机IP\",\"sort\":5,\"type\":\"text\",\"key\":\"vm_ip\"},{\"mode\":\"input\",\"isRequired\":1,\"defaultValue\":\"\",\"name\":\"电源状态\",\"description\":\"虚拟机需要操作的电源状态\",\"sort\":6,\"type\":\"select\",\"config\":{\"dataList\":[{\"text\":\"打开电源\",\"value\":\"powerOn\"},{\"text\":\"powerOff\",\"value\":\"关闭电源\"}],\"dataSource\":\"static\"},\"key\":\"power_type\"},{\"mode\":\"input\",\"isRequired\":0,\"defaultValue\":\"0\",\"name\":\"显示明细\",\"description\":\"打印明细日志\",\"sort\":7,\"type\":\"select\",\"config\":{\"dataList\":[{\"text\":\"否\",\"value\":\"0\"},{\"text\":\"是\",\"value\":\"1\"}],\"dataSource\":\"static\"},\"key\":\"verbose\"}]}', '2023-03-16 19:54:08.329', NULL, 0);
INSERT INTO `autoexec_tool` VALUES (722392149975040, 'fileremote/nfsmount', 1, 'target', 477319286235136, 477403314921472, 'Unix环境挂载NAS', 'perl', NULL, NULL, '{\"paramList\":[{\"mode\":\"input\",\"isRequired\":1,\"defaultValue\":\"\",\"name\":\"共享路径\",\"description\":\"共享路径, 例如NFS: 192.168.0.222:/public, CIFS: //192.168.0.222/public\",\"sort\":0,\"type\":\"text\",\"key\":\"location\"},{\"mode\":\"input\",\"isRequired\":1,\"defaultValue\":\"\",\"name\":\"挂载目录\",\"description\":\"挂载目录，例如：/mnt/nas\",\"sort\":1,\"type\":\"text\",\"key\":\"mountpoint\"},{\"mode\":\"input\",\"isRequired\":0,\"defaultValue\":\"\",\"name\":\"登录用户\",\"description\":\"用户名, 如不需要, 留空\",\"sort\":2,\"type\":\"text\",\"key\":\"username\"},{\"mode\":\"input\",\"isRequired\":0,\"defaultValue\":\"\",\"name\":\"登录密码\",\"description\":\"密码, 如不需要, 留空\",\"sort\":3,\"type\":\"password\",\"key\":\"password\"},{\"mode\":\"input\",\"isRequired\":0,\"defaultValue\":\"\",\"name\":\"编码\",\"description\":\"编码, 默认为utf8\",\"sort\":4,\"type\":\"select\",\"config\":{\"dataList\":[{\"text\":\"默认\",\"value\":\"\"},{\"text\":\"iso8859-1\",\"value\":\"iso8859-1\"},{\"text\":\"utf8\",\"value\":\"utf8\"},{\"text\":\"gb2312\",\"value\":\"gb2312\"}],\"dataSource\":\"static\"},\"key\":\"iocharset\"},{\"mode\":\"input\",\"isRequired\":0,\"defaultValue\":\"\",\"name\":\"协议\",\"description\":\"协议\",\"sort\":5,\"type\":\"select\",\"config\":{\"dataList\":[{\"text\":\"默认\",\"value\":\"\"},{\"text\":\"nfs\",\"value\":\"nfs\"},{\"text\":\"cifs\",\"value\":\"cifs\"}],\"dataSource\":\"static\"},\"key\":\"type\"},{\"mode\":\"output\",\"name\":\"挂载目录\",\"description\":\"挂载目录\",\"sort\":0,\"type\":\"text\",\"key\":\"mountPoint\"}]}', '2023-03-16 19:54:08.909', NULL, 0);
INSERT INTO `autoexec_tool` VALUES (722392149975041, 'fileremote/nfsumount', 1, 'target', 477319286235136, 477403314921472, 'Unix环境卸载NAS', 'perl', NULL, NULL, '{\"paramList\":[{\"mode\":\"input\",\"isRequired\":1,\"defaultValue\":\"\",\"name\":\"卸载目录\",\"description\":\"卸载目录，例如：/mnt/nas\",\"sort\":0,\"type\":\"text\",\"key\":\"mountpoint\"}]}', '2023-03-16 19:54:08.919', NULL, 0);
INSERT INTO `autoexec_tool` VALUES (722994435252224, 'basic/hostsconfbynode', 1, 'runner', 477319286235136, 477321156894720, '根据参数输入的多个节点的Json, 按照IP排序生成带序号的主机名', 'python', NULL, NULL, '{\"paramList\":[{\"mode\":\"input\",\"isRequired\":1,\"defaultValue\":\"\",\"name\":\"节点列表\",\"description\":\"需要生成带序号主机名的节点列表\",\"sort\":0,\"type\":\"node\",\"key\":\"nodes\"},{\"mode\":\"input\",\"isRequired\":1,\"defaultValue\":\"\",\"name\":\"主机名(不带序号）\",\"description\":\"主机名前缀(不带序号部分)\",\"sort\":1,\"type\":\"text\",\"key\":\"nameprefix\"},{\"mode\":\"output\",\"name\":\"IP主机名映射\",\"description\":\"把IP转换为主机名的Map\",\"sort\":0,\"type\":\"json\",\"key\":\"nodeIp2Hostname\"},{\"mode\":\"output\",\"defaultValue\":\"\",\"name\":\"hosts配置内容\",\"description\":\"/etc/hosts配置内容\",\"sort\":1,\"type\":\"textarea\",\"key\":\"hostsConfTxt\"}]}', '2023-03-16 19:54:06.906', NULL, 0);
INSERT INTO `autoexec_tool` VALUES (722994435252225, 'basic/hostsconfbynet', 1, 'runner', 477319286235136, 477321156894720, '根据getallnicip工具输出的IP信息, 生成集群节点名配置需要的/etc/hosts文件相关配置信息', 'python', NULL, NULL, '{\"paramList\":[{\"mode\":\"input\",\"isRequired\":1,\"defaultValue\":\"\",\"name\":\"主机名(不带序号）\",\"description\":\"作为节点命名的前缀, 节点名称: 主机名+序号\",\"sort\":0,\"type\":\"text\",\"key\":\"nameprefix\"},{\"mode\":\"input\",\"isRequired\":1,\"defaultValue\":\"\",\"name\":\"配置网段\",\"description\":\"解析主机名指向的网段定义, 例如: 10.10.10.0/24\",\"sort\":1,\"type\":\"text\",\"key\":\"net\"},{\"mode\":\"input\",\"isRequired\":1,\"defaultValue\":\"\",\"name\":\"节点IP信息\",\"description\":\"getallnicip工具输出的IP信息\",\"sort\":2,\"type\":\"json\",\"key\":\"nodesipinfo\"},{\"mode\":\"output\",\"defaultValue\":\"\",\"name\":\"IP到主机名映射\",\"description\":\"public网卡IP到主机名的映射\",\"sort\":0,\"type\":\"json\",\"key\":\"ip2HostName\"},{\"mode\":\"output\",\"defaultValue\":\"\",\"name\":\"hosts配置内容\",\"description\":\"/etc/hosts配置内容\",\"sort\":1,\"type\":\"textarea\",\"key\":\"hostsConfTxt\"}]}', '2023-03-16 19:54:06.894', NULL, 0);
INSERT INTO `autoexec_tool` VALUES (723888442761217, 'osbasic/setudevrules', 1, 'target', 477319286235136, 477403314921472, '修改用户profile文件，设置用户环境变量', 'perl', NULL, NULL, '{\"argument\":{\"argumentCount\":0,\"defaultValue\":\"\",\"description\":\"Udev规则的文本内容\",\"id\":848588934275125,\"isRequired\":0,\"mappingMode\":\"constant\",\"mappingModeText\":\"常量\",\"mode\":\"input\",\"name\":\"规则内容\",\"type\":\"textarea\",\"typeText\":\"文本域\",\"validate\":\"\"},\"paramList\":[{\"mode\":\"input\",\"isRequired\":1,\"defaultValue\":\"90-oracle-asmdisk.rules\",\"name\":\"Udev规则文件名\",\"description\":\"文件名，例如：90-oracle-asmdisk.rules\",\"sort\":0,\"type\":\"text\",\"key\":\"rulefile\"}]}', '2023-03-16 19:54:09.303', NULL, 0);
INSERT INTO `autoexec_tool` VALUES (725830363570182, 'basic/rexecscript', 1, 'runner', 477319286235136, 477403314921472, '本地连远程执行命令', 'python', NULL, NULL, '{\"argument\":{\"argumentCount\":0,\"defaultValue\":\"\",\"description\":\"脚本内如需获取作业参数、上游步骤输出参数、静态配置参数，需在此定义，脚本内可按顺序获取。\",\"id\":848588917497861,\"isRequired\":0,\"mappingMode\":\"constant\",\"mappingModeText\":\"常量\",\"mode\":\"input\",\"name\":\"脚本动态参数\",\"type\":\"text\",\"typeText\":\"文本\",\"validate\":\"\"},\"paramList\":[{\"mode\":\"input\",\"isRequired\":1,\"defaultValue\":\"ssh\",\"name\":\"连接协议\",\"description\":\"连接目标的协议\",\"sort\":0,\"type\":\"select\",\"config\":{\"dataList\":[{\"text\":\"ssh\",\"value\":\"ssh\"},{\"text\":\"tagent\",\"value\":\"tagent\"}],\"dataSource\":\"static\"},\"key\":\"protocol\"},{\"mode\":\"input\",\"isRequired\":1,\"defaultValue\":\"\",\"name\":\"IP\",\"description\":\"\",\"sort\":1,\"type\":\"text\",\"config\":{\"validateList\":[{\"name\":\"ip\"}]},\"key\":\"ip\"},{\"mode\":\"input\",\"isRequired\":1,\"defaultValue\":\"22\",\"name\":\"端口\",\"description\":\"\",\"sort\":2,\"type\":\"text\",\"config\":{\"validateList\":[{\"name\":\"integer_p\"}]},\"key\":\"port\"},{\"mode\":\"input\",\"isRequired\":1,\"defaultValue\":\"\",\"name\":\"用户名\",\"description\":\"\",\"sort\":3,\"type\":\"text\",\"key\":\"username\"},{\"mode\":\"input\",\"isRequired\":1,\"defaultValue\":\"\",\"name\":\"密码\",\"description\":\"\",\"sort\":4,\"type\":\"password\",\"key\":\"password\"},{\"mode\":\"input\",\"isRequired\":1,\"defaultValue\":\"\",\"name\":\"脚本解析器\",\"description\":\"脚本解析器\",\"sort\":5,\"type\":\"select\",\"config\":{\"dataList\":[{\"text\":\"perl\",\"value\":\"perl\"},{\"text\":\"python\",\"value\":\"python\"},{\"text\":\"bash\",\"value\":\"bash\"},{\"text\":\"ruby\",\"value\":\"ruby\"},{\"text\":\"bat\",\"value\":\"bat\"},{\"text\":\"vbscript\",\"value\":\"vbscript\"},{\"text\":\"javascript\",\"value\":\"javascript\"}],\"dataSource\":\"static\"},\"key\":\"interpreter\"},{\"mode\":\"input\",\"isRequired\":1,\"defaultValue\":\"\",\"name\":\"脚本\",\"description\":\"自定义脚本\",\"sort\":6,\"type\":\"textarea\",\"key\":\"script\"}]}', '2023-03-16 19:54:07.020', NULL, 0);
INSERT INTO `autoexec_tool` VALUES (731270333915136, 'basic/remotescript', 1, 'runner_target', 477317977612288, 477321156894720, '根据执行目标协议执行远程脚本', 'perl', NULL, NULL, '{\"argument\":{\"argumentCount\":0,\"defaultValue\":\"\",\"description\":\"自定义脚本执行需要的参数\",\"id\":734007930970118,\"isRequired\":0,\"mappingMode\":\"constant\",\"mappingModeText\":\"常量\",\"mode\":\"input\",\"name\":\"脚本参数\",\"type\":\"text\",\"typeText\":\"文本\",\"validate\":\"\"},\"paramList\":[{\"mode\":\"input\",\"isRequired\":1,\"defaultValue\":\"1\",\"name\":\"显示明细\",\"description\":\"执行日志显示详细信息\",\"sort\":0,\"type\":\"select\",\"config\":{\"dataList\":[{\"text\":\"是\",\"value\":\"1\"},{\"text\":\"否\",\"value\":\"0\"}],\"dataSource\":\"static\"},\"key\":\"verbose\"},{\"mode\":\"input\",\"isRequired\":1,\"defaultValue\":\"15\",\"name\":\"超时时间\",\"description\":\"调用超时时间（秒）\",\"sort\":1,\"type\":\"text\",\"key\":\"timeout\"},{\"mode\":\"input\",\"isRequired\":0,\"defaultValue\":\"\",\"name\":\"结束字串\",\"description\":\"对于不会结束的命令，当输出此字串时，成功并结束执行\",\"sort\":2,\"type\":\"text\",\"key\":\"eofstr\"},{\"mode\":\"input\",\"isRequired\":1,\"defaultValue\":\"0\",\"name\":\"异步执行\",\"description\":\"异步执行，不等待执行结束\",\"sort\":3,\"type\":\"select\",\"config\":{\"dataList\":[{\"text\":\"是\",\"value\":\"1\"},{\"text\":\"否\",\"value\":\"0\"}],\"dataSource\":\"static\"},\"key\":\"async\"},{\"mode\":\"input\",\"isRequired\":0,\"defaultValue\":\"\",\"name\":\"服务端字符集\",\"description\":\"指定服务端的执行字符集\",\"sort\":4,\"type\":\"select\",\"config\":{\"dataList\":[{\"text\":\"自动\",\"value\":\"\"},{\"text\":\"en_US.UTF-8\",\"value\":\"en_US.UTF-8\"},{\"text\":\"zh_CN.GBK\",\"value\":\"zh_CN.GBK\"}],\"dataSource\":\"static\"},\"key\":\"destencoding\"},{\"mode\":\"input\",\"isRequired\":1,\"defaultValue\":\"sh\",\"name\":\"脚本语言\",\"description\":\"编写脚本的语言\",\"sort\":5,\"type\":\"select\",\"config\":{\"dataList\":[{\"text\":\"bash\",\"value\":\"sh\"},{\"text\":\"perl\",\"value\":\"perl\"},{\"text\":\"python\",\"value\":\"python\"},{\"text\":\"cmd\",\"value\":\"cmd\"},{\"text\":\"powershell\",\"value\":\"powershell\"},{\"text\":\"vbscript\",\"value\":\"vbscript\"}],\"dataSource\":\"static\"},\"key\":\"interpreter\"},{\"mode\":\"input\",\"isRequired\":1,\"defaultValue\":\"\",\"name\":\"脚本\",\"description\":\"执行脚本内容\",\"sort\":6,\"type\":\"textarea\",\"key\":\"script\"}]}', '2022-10-09 17:42:43.131', NULL, 0);
INSERT INTO `autoexec_tool` VALUES (731270333915140, 'basic/remoteexec', 1, 'runner_target', 477317977612288, 477321156894720, '根据执行目标协议执行远程命令', 'perl', NULL, NULL, '{\"argument\":{\"argumentCount\":1,\"defaultValue\":\"\",\"description\":\"命令行内容\",\"id\":734007930970121,\"isRequired\":1,\"mappingMode\":\"constant\",\"mappingModeText\":\"常量\",\"mode\":\"input\",\"name\":\"命令\",\"type\":\"text\",\"typeText\":\"文本\",\"validate\":\"\"},\"paramList\":[{\"mode\":\"input\",\"isRequired\":1,\"defaultValue\":\"1\",\"name\":\"显示明细\",\"description\":\"执行日志显示详细信息\",\"sort\":0,\"type\":\"select\",\"config\":{\"dataList\":[{\"text\":\"是\",\"value\":\"1\"},{\"text\":\"否\",\"value\":\"0\"}],\"dataSource\":\"static\"},\"key\":\"verbose\"},{\"mode\":\"input\",\"isRequired\":1,\"defaultValue\":\"15\",\"name\":\"超时时间\",\"description\":\"调用超时时间（秒）\",\"sort\":1,\"type\":\"text\",\"key\":\"timeout\"},{\"mode\":\"input\",\"isRequired\":0,\"defaultValue\":\"\",\"name\":\"结束字串\",\"description\":\"对于不会结束的命令，当输出此字串时，成功并结束执行\",\"sort\":2,\"type\":\"text\",\"key\":\"eofstr\"},{\"mode\":\"input\",\"isRequired\":1,\"defaultValue\":\"0\",\"name\":\"异步执行\",\"description\":\"异步执行，不等待执行结束\",\"sort\":3,\"type\":\"select\",\"config\":{\"dataList\":[{\"text\":\"是\",\"value\":\"1\"},{\"text\":\"否\",\"value\":\"0\"}],\"dataSource\":\"static\"},\"key\":\"async\"},{\"mode\":\"input\",\"isRequired\":0,\"defaultValue\":\"\",\"name\":\"服务端字符集\",\"description\":\"指定服务端的执行字符集\",\"sort\":4,\"type\":\"select\",\"config\":{\"dataList\":[{\"text\":\"自动\",\"value\":\"\"},{\"text\":\"en_US.UTF-8\",\"value\":\"en_US.UTF-8\"},{\"text\":\"zh_CN.GBK\",\"value\":\"zh_CN.GBK\"}],\"dataSource\":\"static\"},\"key\":\"destencoding\"}]}', '2022-10-09 17:42:43.230', NULL, 0);
INSERT INTO `autoexec_tool` VALUES (731273295093760, 'fileops/remotecopy', 1, 'runner_target', 477319286235136, 477403314921472, '远程和本地之间的文件传输', 'perl', NULL, NULL, '{\"paramList\":[{\"mode\":\"input\",\"isRequired\":1,\"defaultValue\":\"0\",\"name\":\"输出详细信息\",\"description\":\"\",\"sort\":0,\"type\":\"select\",\"config\":{\"dataList\":[{\"text\":\"否\",\"value\":\"0\"},{\"text\":\"是\",\"value\":\"1\"}],\"dataSource\":\"static\"},\"key\":\"verbose\"},{\"mode\":\"input\",\"isRequired\":1,\"defaultValue\":\"pull\",\"name\":\"拷贝方向\",\"description\":\"拷贝方向\",\"sort\":1,\"type\":\"select\",\"config\":{\"dataList\":[{\"text\":\"远程到本地\",\"value\":\"pull\"},{\"text\":\"本地到远程\",\"value\":\"push\"}],\"dataSource\":\"static\"},\"key\":\"direction\"},{\"mode\":\"input\",\"isRequired\":1,\"defaultValue\":\"\",\"name\":\"源目录\",\"description\":\"多个目录/文件逗号分隔，如：/tmp/a,/tmp/b\",\"sort\":2,\"type\":\"text\",\"key\":\"src\"},{\"mode\":\"input\",\"isRequired\":1,\"defaultValue\":\"\",\"name\":\"目标目录\",\"description\":\"多个目录/文件逗号分隔，如：/tmp/a,/tmp/b\",\"sort\":3,\"type\":\"text\",\"key\":\"dest\"},{\"mode\":\"input\",\"isRequired\":1,\"defaultValue\":\"1\",\"name\":\"不保留文件信息\",\"description\":\"不保留文件/目录的时间、权限\",\"sort\":4,\"type\":\"select\",\"config\":{\"dataList\":[{\"text\":\"是\",\"value\":\"1\"},{\"text\":\"否\",\"value\":\"0\"}],\"dataSource\":\"static\"},\"key\":\"np\"},{\"mode\":\"input\",\"isRequired\":1,\"defaultValue\":\"0\",\"name\":\"追踪软连接\",\"description\":\"把软连接当成普通文件和目录看待\",\"sort\":5,\"type\":\"select\",\"config\":{\"dataList\":[{\"text\":\"否\",\"value\":\"0\"},{\"text\":\"是\",\"value\":\"1\"}],\"dataSource\":\"static\"},\"key\":\"followlinks\"},{\"mode\":\"input\",\"isRequired\":1,\"defaultValue\":\"0\",\"name\":\"文件不存在不报错\",\"description\":\"仅当文件存在才执行拷贝\",\"sort\":6,\"type\":\"select\",\"config\":{\"dataList\":[{\"text\":\"否\",\"value\":\"0\"},{\"text\":\"是\",\"value\":\"1\"}],\"dataSource\":\"static\"},\"key\":\"cpifexists\"}]}', '2023-03-16 19:54:08.111', NULL, 0);
INSERT INTO `autoexec_tool` VALUES (734007947747328, 'osbasic/cleandisk', 1, 'target', 477319286235136, 477403314921472, '擦除磁盘头信息', 'perl', NULL, NULL, '{\"argument\":{\"argumentCount\":0,\"defaultValue\":\"\",\"description\":\"磁盘路径文本内容\",\"id\":848588934275105,\"isRequired\":0,\"mappingMode\":\"constant\",\"mappingModeText\":\"常量\",\"mode\":\"input\",\"name\":\"磁盘路径\",\"type\":\"textarea\",\"typeText\":\"文本域\",\"validate\":\"\"}}', '2023-03-16 19:54:09.136', NULL, 0);
INSERT INTO `autoexec_tool` VALUES (734648728346628, 'osbasic/execscript', 1, 'target', 477319286235136, 477403314921472, '远程执行命令', 'perl', NULL, NULL, '{\"argument\":{\"argumentCount\":0,\"defaultValue\":\"\",\"description\":\"脚本内如需获取作业参数、上游步骤输出参数、静态配置参数，需在此定义，脚本内可按顺序获取。\",\"id\":848588934275111,\"isRequired\":0,\"mappingMode\":\"constant\",\"mappingModeText\":\"常量\",\"mode\":\"input\",\"name\":\"脚本动态参数\",\"type\":\"text\",\"typeText\":\"文本\",\"validate\":\"\"},\"paramList\":[{\"mode\":\"input\",\"isRequired\":1,\"defaultValue\":\"\",\"name\":\"脚本解析器\",\"description\":\"脚本解析器\",\"sort\":0,\"type\":\"select\",\"config\":{\"dataList\":[{\"text\":\"perl\",\"value\":\"perl\"},{\"text\":\"python\",\"value\":\"python\"},{\"text\":\"bash\",\"value\":\"bash\"},{\"text\":\"ruby\",\"value\":\"ruby\"},{\"text\":\"bat\",\"value\":\"bat\"},{\"text\":\"vbscript\",\"value\":\"vbscript\"},{\"text\":\"javascript\",\"value\":\"javascript\"}],\"dataSource\":\"static\"},\"key\":\"interpreter\"},{\"mode\":\"input\",\"isRequired\":1,\"defaultValue\":\"\",\"name\":\"脚本\",\"description\":\"自定义脚本\",\"sort\":1,\"type\":\"textarea\",\"key\":\"script\"},{\"mode\":\"input\",\"isRequired\":1,\"defaultValue\":\"auto\",\"name\":\"服务端编码\",\"description\":\"远程服务端执行编码\",\"sort\":2,\"type\":\"select\",\"config\":{\"dataList\":[{\"text\":\"自动(仅支持Agent)\",\"value\":\"auto\"},{\"text\":\"UTF-8\",\"value\":\"UTF-8\"},{\"text\":\"GBK\",\"value\":\"GBK\"}],\"dataSource\":\"static\"},\"key\":\"destencoding\"}]}', '2023-03-16 19:54:09.176', NULL, 0);
INSERT INTO `autoexec_tool` VALUES (736121600139264, 'osbasic/getcmdout', 1, 'target', 477319286235136, 477403314921472, '获取命令行输出内容写入输出参数', 'perl', NULL, NULL, '{\"argument\":{\"argumentCount\":0,\"defaultValue\":\"\",\"description\":\"需要执行的命令行内容\",\"id\":848588934275117,\"isRequired\":0,\"mappingMode\":\"constant\",\"mappingModeText\":\"常量\",\"mode\":\"input\",\"name\":\"OS命令行\",\"type\":\"text\",\"typeText\":\"文本\",\"validate\":\"\"},\"paramList\":[{\"mode\":\"input\",\"isRequired\":1,\"defaultValue\":\"auto\",\"name\":\"服务端编码\",\"description\":\"远程服务端执行编码\",\"sort\":0,\"type\":\"select\",\"config\":{\"dataList\":[{\"text\":\"自动(仅支持Agent)\",\"value\":\"auto\"},{\"text\":\"UTF-8\",\"value\":\"UTF-8\"},{\"text\":\"GBK\",\"value\":\"GBK\"}],\"dataSource\":\"static\"},\"key\":\"destencoding\"},{\"mode\":\"output\",\"name\":\"输出内容文本\",\"description\":\"多条命令输出的执行内容文本\",\"sort\":0,\"type\":\"textarea\",\"key\":\"commandOutputTxt\"},{\"mode\":\"output\",\"name\":\"输出内容数组\",\"description\":\"多条命令输出的输出内容数组，一条命令一个数组元素\",\"sort\":1,\"type\":\"json\",\"key\":\"commandOutputJson\"}]}', '2023-03-16 19:54:09.227', NULL, 0);
INSERT INTO `autoexec_tool` VALUES (737788382994433, 'basic/concatoutput', 1, 'runner', 477319286235136, 477321156894720, '对多节点输出的某个变量进行连接, 支持字符串和数组连接, 建议节点数不超过32', 'python', NULL, NULL, '{\"paramList\":[{\"mode\":\"input\",\"isRequired\":1,\"defaultValue\":\",\",\"name\":\"字符串拼接分界符\",\"description\":\"如果输出是字符串，拼接符号\",\"sort\":0,\"type\":\"text\",\"key\":\"delimiter\"},{\"mode\":\"input\",\"isRequired\":1,\"defaultValue\":\"\",\"name\":\"变量名\",\"description\":\"上游输出的变量名\",\"sort\":1,\"type\":\"text\",\"key\":\"outputkey\"},{\"mode\":\"output\",\"name\":\"聚合文本数据\",\"description\":\"多节点输出聚合后的文本数据\",\"sort\":0,\"type\":\"textarea\",\"key\":\"aggTxtData\"},{\"mode\":\"output\",\"name\":\"聚合Json数据\",\"description\":\"多节点输出聚合后的Json数据\",\"sort\":1,\"type\":\"textarea\",\"key\":\"aggJsonData\"}]}', '2023-03-16 19:54:07.042', NULL, 0);
INSERT INTO `autoexec_tool` VALUES (740535140409344, 'osbasic/addfirewallports', 1, 'target', 477319286235136, 477403314921472, '放行防火墙设置', 'perl', NULL, NULL, '{\"paramList\":[{\"mode\":\"input\",\"isRequired\":0,\"defaultValue\":\"1\",\"name\":\"访问端口\",\"description\":\"其他目标访问操作系统服务访问端口，多个逗号分隔。如：3306,8080\",\"sort\":0,\"type\":\"textarea\",\"key\":\"input\"},{\"mode\":\"input\",\"isRequired\":1,\"defaultValue\":\"\",\"name\":\"访出端口\",\"description\":\"操作系统访问外面放行端口，多个逗号分隔。如：8804,8888\",\"sort\":1,\"type\":\"textarea\",\"key\":\"output\"}]}', '2022-10-18 17:56:27.076', NULL, 0);
INSERT INTO `autoexec_tool` VALUES (741023575498752, 'basic/mergeoutput', 1, 'runner', 477319286235136, 477321156894720, '对多节点输出key-value集合进行并集处理, 如下游传值使用, 建议节点数不超过32', 'python', NULL, NULL, '{\"paramList\":[{\"mode\":\"input\",\"isRequired\":1,\"defaultValue\":\"\",\"name\":\"变量名\",\"description\":\"上游输出的变量名\",\"sort\":0,\"type\":\"text\",\"key\":\"outputkey\"},{\"mode\":\"output\",\"name\":\"合并后数据\",\"description\":\"多节点输出合并后的数据\",\"sort\":0,\"type\":\"json\",\"key\":\"mergedData\"}]}', '2023-03-16 19:54:07.005', NULL, 0);
INSERT INTO `autoexec_tool` VALUES (741023583887363, 'osbasic/firewallportrelease', 1, 'target', 477319286235136, 477403314921472, '放行防火墙设置', 'perl', NULL, NULL, '{\"paramList\":[{\"mode\":\"input\",\"isRequired\":0,\"defaultValue\":\"1\",\"name\":\"访问端口\",\"description\":\"其他目标访问操作系统服务访问端口，多个逗号分隔。如：3306,8080\",\"sort\":0,\"type\":\"textarea\",\"key\":\"input\"},{\"mode\":\"input\",\"isRequired\":1,\"defaultValue\":\"\",\"name\":\"访出端口\",\"description\":\"操作系统访问外面放行端口，多个逗号分隔。如：8804,8888\",\"sort\":1,\"type\":\"textarea\",\"key\":\"output\"}]}', '2022-10-19 10:10:26.960', NULL, 0);
INSERT INTO `autoexec_tool` VALUES (744882754609162, 'osbasic/firewallctl', 1, 'target', 477319286235136, 477403314921472, '开启或关闭防火墙策略', 'perl', NULL, NULL, '{\"paramList\":[{\"mode\":\"input\",\"isRequired\":1,\"defaultValue\":\"open\",\"name\":\"操作类型\",\"description\":\"操作类型\",\"sort\":0,\"type\":\"select\",\"config\":{\"dataList\":[{\"text\":\"打开\",\"value\":\"open\"},{\"text\":\"关闭\",\"value\":\"close\"}],\"dataSource\":\"static\"},\"key\":\"operat\"},{\"mode\":\"input\",\"isRequired\":1,\"defaultValue\":\"TCP\",\"name\":\"协议\",\"description\":\"端口协议\",\"sort\":1,\"type\":\"select\",\"config\":{\"dataList\":[{\"text\":\"tcp\",\"value\":\"TCP\"},{\"text\":\"udp\",\"value\":\"UDP\"}],\"dataSource\":\"static\"},\"key\":\"protocol\"},{\"mode\":\"input\",\"isRequired\":0,\"defaultValue\":\"1\",\"name\":\"访问端口\",\"description\":\"其他目标访问操作系统服务访问端口，多个逗号分隔。如：3306,8080\",\"sort\":2,\"type\":\"textarea\",\"key\":\"input\"},{\"mode\":\"input\",\"isRequired\":0,\"defaultValue\":\"\",\"name\":\"访出端口\",\"description\":\"操作系统访问外面放行端口，多个逗号分隔。如：8804,8888\",\"sort\":3,\"type\":\"textarea\",\"key\":\"output\"}]}', '2023-03-16 19:54:09.186', NULL, 0);
INSERT INTO `autoexec_tool` VALUES (744882754609163, 'osbasic/checkport', 1, 'target', 477319286235136, 477321156894720, '检查端口是否被占用', 'perl', NULL, NULL, '{\"argument\":{\"argumentCount\":0,\"defaultValue\":\"\",\"description\":\"检查端口,如：8080\",\"id\":848588934275103,\"isRequired\":1,\"mappingMode\":\"constant\",\"mappingModeText\":\"常量\",\"mode\":\"input\",\"name\":\"检查端口\",\"type\":\"text\",\"typeText\":\"文本\",\"validate\":\"\"},\"paramList\":[{\"mode\":\"input\",\"isRequired\":1,\"defaultValue\":\"auto\",\"name\":\"服务端编码\",\"description\":\"远程服务端执行编码\",\"sort\":0,\"type\":\"select\",\"config\":{\"dataList\":[{\"text\":\"自动(仅支持Agent)\",\"value\":\"auto\"},{\"text\":\"UTF-8\",\"value\":\"UTF-8\"},{\"text\":\"GBK\",\"value\":\"GBK\"}],\"dataSource\":\"static\"},\"key\":\"destencoding\"},{\"mode\":\"input\",\"isRequired\":1,\"defaultValue\":\"1\",\"name\":\"详细输出\",\"description\":\"显示匹配的详细信息\",\"sort\":1,\"type\":\"select\",\"config\":{\"dataList\":[{\"text\":\"是\",\"value\":\"1\"},{\"text\":\"否\",\"value\":\"0\"}],\"dataSource\":\"static\"},\"key\":\"verbose\"}]}', '2023-03-16 19:54:09.126', NULL, 0);
INSERT INTO `autoexec_tool` VALUES (747095510016003, 'fileops/filep2ptrans', 1, 'runner_target', 477319286235136, 477403314921472, '远程主机之间点到点的文件传输, 临时在执行目标OS上启用一个TCP端口用于传输, 默认使用端口1025', 'python', NULL, NULL, '{\"paramList\":[{\"mode\":\"input\",\"isRequired\":1,\"defaultValue\":\"0\",\"name\":\"输出详细信息\",\"description\":\"\",\"sort\":0,\"type\":\"select\",\"config\":{\"dataList\":[{\"text\":\"否\",\"value\":\"0\"},{\"text\":\"是\",\"value\":\"1\"}],\"dataSource\":\"static\"},\"key\":\"verbose\"},{\"mode\":\"input\",\"isRequired\":1,\"defaultValue\":\"\",\"name\":\"拷贝源节点\",\"description\":\"拷贝的源头节点，只需要选择一个\",\"sort\":1,\"type\":\"node\",\"key\":\"srcnode\"},{\"mode\":\"input\",\"isRequired\":0,\"defaultValue\":\"\",\"name\":\"源节点用户\",\"description\":\"连接源节点的用户, 留空代表跟目标节点一致\",\"sort\":2,\"type\":\"text\",\"key\":\"srcusername\"},{\"mode\":\"input\",\"isRequired\":1,\"defaultValue\":\"1025\",\"name\":\"传送端口\",\"description\":\"在目标节点监听的TCP端口, 用于进行点到点数据传输\",\"sort\":3,\"type\":\"text\",\"key\":\"transport\"},{\"mode\":\"input\",\"isRequired\":1,\"defaultValue\":\"\",\"name\":\"源目录\",\"description\":\"拷贝源目录\",\"sort\":4,\"type\":\"text\",\"key\":\"srcdir\"},{\"mode\":\"input\",\"isRequired\":1,\"defaultValue\":\"\",\"name\":\"目标目录\",\"description\":\"拷贝目标目录, 如目录以/结尾, 则会根据原目录的文件或目录名创建对应的文件和目录\",\"sort\":5,\"type\":\"text\",\"key\":\"destdir\"}]}', '2023-03-16 19:54:08.122', NULL, 0);
INSERT INTO `autoexec_tool` VALUES (747095510016004, 'fileops/filetripletrans', 1, 'runner_target', 477319286235136, 477403314921472, 'Runner从源头主机获取文件或目录传送到执行目标OS', 'python', NULL, NULL, '{\"paramList\":[{\"mode\":\"input\",\"isRequired\":1,\"defaultValue\":\"0\",\"name\":\"输出详细信息\",\"description\":\"\",\"sort\":0,\"type\":\"select\",\"config\":{\"dataList\":[{\"text\":\"否\",\"value\":\"0\"},{\"text\":\"是\",\"value\":\"1\"}],\"dataSource\":\"static\"},\"key\":\"verbose\"},{\"mode\":\"input\",\"isRequired\":1,\"defaultValue\":\"\",\"name\":\"拷贝源节点\",\"description\":\"拷贝的源头节点，只需要选择一个\",\"sort\":1,\"type\":\"node\",\"key\":\"srcnode\"},{\"mode\":\"input\",\"isRequired\":0,\"defaultValue\":\"\",\"name\":\"源节点用户\",\"description\":\"连接源节点的用户, 留空代表跟目标节点一致\",\"sort\":2,\"type\":\"text\",\"key\":\"srcusername\"},{\"mode\":\"input\",\"isRequired\":1,\"defaultValue\":\"\",\"name\":\"源目录\",\"description\":\"拷贝源目录\",\"sort\":3,\"type\":\"text\",\"key\":\"srcdir\"},{\"mode\":\"input\",\"isRequired\":1,\"defaultValue\":\"\",\"name\":\"目标目录\",\"description\":\"拷贝目标目录, 如目录以/结尾, 则会根据原目录的文件或目录名创建对应的文件和目录\",\"sort\":4,\"type\":\"text\",\"key\":\"destdir\"}]}', '2023-03-16 19:54:08.028', NULL, 0);
INSERT INTO `autoexec_tool` VALUES (756396345581599, 'deprecate/insexec', 1, 'runner_target', 477317977612288, 477321156894720, '根据执行目标协议执行远程命令', 'perl', NULL, NULL, '{\"argument\":{\"argumentCount\":1,\"defaultValue\":\"\",\"description\":\"命令行内容\",\"id\":847563124957217,\"isRequired\":1,\"mappingMode\":\"constant\",\"mappingModeText\":\"常量\",\"mode\":\"input\",\"name\":\"命令\",\"type\":\"text\",\"typeText\":\"文本\",\"validate\":\"\"},\"paramList\":[{\"mode\":\"input\",\"isRequired\":1,\"defaultValue\":\"1\",\"name\":\"显示明细\",\"description\":\"执行日志显示详细信息\",\"sort\":0,\"type\":\"select\",\"config\":{\"dataList\":[{\"text\":\"是\",\"value\":\"1\"},{\"text\":\"否\",\"value\":\"0\"}],\"dataSource\":\"static\"},\"key\":\"verbose\"},{\"mode\":\"input\",\"isRequired\":1,\"defaultValue\":\"15\",\"name\":\"超时时间\",\"description\":\"调用超时时间（秒）\",\"sort\":1,\"type\":\"text\",\"key\":\"timeout\"},{\"mode\":\"input\",\"isRequired\":0,\"defaultValue\":\"\",\"name\":\"结束字串\",\"description\":\"对于不会结束的命令，当输出此字串时，成功并结束执行\",\"sort\":2,\"type\":\"text\",\"key\":\"eofstr\"},{\"mode\":\"input\",\"isRequired\":1,\"defaultValue\":\"0\",\"name\":\"异步执行\",\"description\":\"异步执行，不等待执行结束\",\"sort\":3,\"type\":\"select\",\"config\":{\"dataList\":[{\"text\":\"是\",\"value\":\"1\"},{\"text\":\"否\",\"value\":\"0\"}],\"dataSource\":\"static\"},\"key\":\"async\"},{\"mode\":\"input\",\"isRequired\":0,\"defaultValue\":\"\",\"name\":\"服务端字符集\",\"description\":\"指定服务端的执行字符集\",\"sort\":4,\"type\":\"select\",\"config\":{\"dataList\":[{\"text\":\"自动\",\"value\":\"\"},{\"text\":\"en_US.UTF-8\",\"value\":\"en_US.UTF-8\"},{\"text\":\"zh_CN.GBK\",\"value\":\"zh_CN.GBK\"}],\"dataSource\":\"static\"},\"key\":\"destencoding\"}]}', '2023-03-15 09:56:06.343', NULL, 0);
INSERT INTO `autoexec_tool` VALUES (756396345581602, 'deprecate/insscript', 1, 'runner_target', 477317977612288, 477321156894720, '根据执行目标协议执行远程脚本', 'perl', NULL, NULL, '{\"argument\":{\"argumentCount\":0,\"defaultValue\":\"\",\"description\":\"自定义脚本执行需要的参数\",\"id\":847563124957199,\"isRequired\":0,\"mappingMode\":\"constant\",\"mappingModeText\":\"常量\",\"mode\":\"input\",\"name\":\"脚本参数\",\"type\":\"text\",\"typeText\":\"文本\",\"validate\":\"\"},\"paramList\":[{\"mode\":\"input\",\"isRequired\":1,\"defaultValue\":\"1\",\"name\":\"显示明细\",\"description\":\"执行日志显示详细信息\",\"sort\":0,\"type\":\"select\",\"config\":{\"dataList\":[{\"text\":\"是\",\"value\":\"1\"},{\"text\":\"否\",\"value\":\"0\"}],\"dataSource\":\"static\"},\"key\":\"verbose\"},{\"mode\":\"input\",\"isRequired\":1,\"defaultValue\":\"15\",\"name\":\"超时时间\",\"description\":\"调用超时时间（秒）\",\"sort\":1,\"type\":\"text\",\"key\":\"timeout\"},{\"mode\":\"input\",\"isRequired\":0,\"defaultValue\":\"\",\"name\":\"结束字串\",\"description\":\"对于不会结束的命令，当输出此字串时，成功并结束执行\",\"sort\":2,\"type\":\"text\",\"key\":\"eofstr\"},{\"mode\":\"input\",\"isRequired\":1,\"defaultValue\":\"0\",\"name\":\"异步执行\",\"description\":\"异步执行，不等待执行结束\",\"sort\":3,\"type\":\"select\",\"config\":{\"dataList\":[{\"text\":\"是\",\"value\":\"1\"},{\"text\":\"否\",\"value\":\"0\"}],\"dataSource\":\"static\"},\"key\":\"async\"},{\"mode\":\"input\",\"isRequired\":0,\"defaultValue\":\"\",\"name\":\"服务端字符集\",\"description\":\"指定服务端的执行字符集\",\"sort\":4,\"type\":\"select\",\"config\":{\"dataList\":[{\"text\":\"自动\",\"value\":\"\"},{\"text\":\"en_US.UTF-8\",\"value\":\"en_US.UTF-8\"},{\"text\":\"zh_CN.GBK\",\"value\":\"zh_CN.GBK\"}],\"dataSource\":\"static\"},\"key\":\"destencoding\"},{\"mode\":\"input\",\"isRequired\":1,\"defaultValue\":\"sh\",\"name\":\"脚本语言\",\"description\":\"编写脚本的语言\",\"sort\":5,\"type\":\"select\",\"config\":{\"dataList\":[{\"text\":\"bash\",\"value\":\"sh\"},{\"text\":\"perl\",\"value\":\"perl\"},{\"text\":\"python\",\"value\":\"python\"},{\"text\":\"cmd\",\"value\":\"cmd\"},{\"text\":\"powershell\",\"value\":\"powershell\"},{\"text\":\"vbscript\",\"value\":\"vbscript\"}],\"dataSource\":\"static\"},\"key\":\"interpreter\"},{\"mode\":\"input\",\"isRequired\":1,\"defaultValue\":\"\",\"name\":\"脚本\",\"description\":\"执行脚本内容\",\"sort\":6,\"type\":\"textarea\",\"key\":\"script\"}]}', '2023-03-15 09:56:06.251', NULL, 0);
INSERT INTO `autoexec_tool` VALUES (756396345581605, 'deprecate/remoteexec', 1, 'runner_target', 477317977612288, 477321156894720, '根据执行目标协议执行远程命令', 'perl', NULL, NULL, '{\"argument\":{\"argumentCount\":1,\"defaultValue\":\"\",\"description\":\"命令行内容\",\"id\":847563124957201,\"isRequired\":1,\"mappingMode\":\"constant\",\"mappingModeText\":\"常量\",\"mode\":\"input\",\"name\":\"命令\",\"type\":\"text\",\"typeText\":\"文本\",\"validate\":\"\"},\"paramList\":[{\"mode\":\"input\",\"isRequired\":1,\"defaultValue\":\"1\",\"name\":\"显示明细\",\"description\":\"执行日志显示详细信息\",\"sort\":0,\"type\":\"select\",\"config\":{\"dataList\":[{\"text\":\"是\",\"value\":\"1\"},{\"text\":\"否\",\"value\":\"0\"}],\"dataSource\":\"static\"},\"key\":\"verbose\"},{\"mode\":\"input\",\"isRequired\":1,\"defaultValue\":\"15\",\"name\":\"超时时间\",\"description\":\"调用超时时间（秒）\",\"sort\":1,\"type\":\"text\",\"key\":\"timeout\"},{\"mode\":\"input\",\"isRequired\":0,\"defaultValue\":\"\",\"name\":\"结束字串\",\"description\":\"对于不会结束的命令，当输出此字串时，成功并结束执行\",\"sort\":2,\"type\":\"text\",\"key\":\"eofstr\"},{\"mode\":\"input\",\"isRequired\":1,\"defaultValue\":\"0\",\"name\":\"异步执行\",\"description\":\"异步执行，不等待执行结束\",\"sort\":3,\"type\":\"select\",\"config\":{\"dataList\":[{\"text\":\"是\",\"value\":\"1\"},{\"text\":\"否\",\"value\":\"0\"}],\"dataSource\":\"static\"},\"key\":\"async\"},{\"mode\":\"input\",\"isRequired\":0,\"defaultValue\":\"\",\"name\":\"服务端字符集\",\"description\":\"指定服务端的执行字符集\",\"sort\":4,\"type\":\"select\",\"config\":{\"dataList\":[{\"text\":\"自动\",\"value\":\"\"},{\"text\":\"en_US.UTF-8\",\"value\":\"en_US.UTF-8\"},{\"text\":\"zh_CN.GBK\",\"value\":\"zh_CN.GBK\"}],\"dataSource\":\"static\"},\"key\":\"destencoding\"}]}', '2023-03-15 09:56:06.261', NULL, 0);
INSERT INTO `autoexec_tool` VALUES (756396345581608, 'deprecate/remotescript', 1, 'runner_target', 477317977612288, 477321156894720, '根据执行目标协议执行远程脚本', 'perl', NULL, NULL, '{\"argument\":{\"argumentCount\":0,\"defaultValue\":\"\",\"description\":\"自定义脚本执行需要的参数\",\"id\":847563124957203,\"isRequired\":0,\"mappingMode\":\"constant\",\"mappingModeText\":\"常量\",\"mode\":\"input\",\"name\":\"脚本参数\",\"type\":\"text\",\"typeText\":\"文本\",\"validate\":\"\"},\"paramList\":[{\"mode\":\"input\",\"isRequired\":1,\"defaultValue\":\"1\",\"name\":\"显示明细\",\"description\":\"执行日志显示详细信息\",\"sort\":0,\"type\":\"select\",\"config\":{\"dataList\":[{\"text\":\"是\",\"value\":\"1\"},{\"text\":\"否\",\"value\":\"0\"}],\"dataSource\":\"static\"},\"key\":\"verbose\"},{\"mode\":\"input\",\"isRequired\":1,\"defaultValue\":\"15\",\"name\":\"超时时间\",\"description\":\"调用超时时间（秒）\",\"sort\":1,\"type\":\"text\",\"key\":\"timeout\"},{\"mode\":\"input\",\"isRequired\":0,\"defaultValue\":\"\",\"name\":\"结束字串\",\"description\":\"对于不会结束的命令，当输出此字串时，成功并结束执行\",\"sort\":2,\"type\":\"text\",\"key\":\"eofstr\"},{\"mode\":\"input\",\"isRequired\":1,\"defaultValue\":\"0\",\"name\":\"异步执行\",\"description\":\"异步执行，不等待执行结束\",\"sort\":3,\"type\":\"select\",\"config\":{\"dataList\":[{\"text\":\"是\",\"value\":\"1\"},{\"text\":\"否\",\"value\":\"0\"}],\"dataSource\":\"static\"},\"key\":\"async\"},{\"mode\":\"input\",\"isRequired\":0,\"defaultValue\":\"\",\"name\":\"服务端字符集\",\"description\":\"指定服务端的执行字符集\",\"sort\":4,\"type\":\"select\",\"config\":{\"dataList\":[{\"text\":\"自动\",\"value\":\"\"},{\"text\":\"en_US.UTF-8\",\"value\":\"en_US.UTF-8\"},{\"text\":\"zh_CN.GBK\",\"value\":\"zh_CN.GBK\"}],\"dataSource\":\"static\"},\"key\":\"destencoding\"},{\"mode\":\"input\",\"isRequired\":1,\"defaultValue\":\"sh\",\"name\":\"脚本语言\",\"description\":\"编写脚本的语言\",\"sort\":5,\"type\":\"select\",\"config\":{\"dataList\":[{\"text\":\"bash\",\"value\":\"sh\"},{\"text\":\"perl\",\"value\":\"perl\"},{\"text\":\"python\",\"value\":\"python\"},{\"text\":\"cmd\",\"value\":\"cmd\"},{\"text\":\"powershell\",\"value\":\"powershell\"},{\"text\":\"vbscript\",\"value\":\"vbscript\"}],\"dataSource\":\"static\"},\"key\":\"interpreter\"},{\"mode\":\"input\",\"isRequired\":1,\"defaultValue\":\"\",\"name\":\"脚本\",\"description\":\"执行脚本内容\",\"sort\":6,\"type\":\"textarea\",\"key\":\"script\"}]}', '2023-03-15 09:56:06.272', NULL, 0);
INSERT INTO `autoexec_tool` VALUES (756396345581611, 'deprecate/sshexec', 1, 'runner_target', 477317977612288, 477321156894720, 'SSH执行远程命令', 'perl', NULL, NULL, '{\"argument\":{\"argumentCount\":1,\"defaultValue\":\"\",\"description\":\"命令行内容\",\"id\":847563124957205,\"isRequired\":1,\"mappingMode\":\"constant\",\"mappingModeText\":\"常量\",\"mode\":\"input\",\"name\":\"命令\",\"type\":\"text\",\"typeText\":\"文本\",\"validate\":\"\"},\"paramList\":[{\"mode\":\"input\",\"isRequired\":1,\"defaultValue\":\"1\",\"name\":\"显示明细\",\"description\":\"执行日志显示详细信息\",\"sort\":0,\"type\":\"select\",\"config\":{\"dataList\":[{\"text\":\"是\",\"value\":\"1\"},{\"text\":\"否\",\"value\":\"0\"}],\"dataSource\":\"static\"},\"key\":\"verbose\"},{\"mode\":\"input\",\"isRequired\":0,\"defaultValue\":\"\",\"name\":\"SSH参数\",\"description\":\"特殊需要的SSH参数\",\"sort\":1,\"type\":\"text\",\"key\":\"o\"},{\"mode\":\"input\",\"isRequired\":1,\"defaultValue\":\"15\",\"name\":\"超时时间\",\"description\":\"调用超时时间（秒）\",\"sort\":2,\"type\":\"text\",\"key\":\"timeout\"},{\"mode\":\"input\",\"isRequired\":0,\"defaultValue\":\"\",\"name\":\"结束字串\",\"description\":\"对于不会结束的命令，当输出此字串时，成功并结束执行\",\"sort\":3,\"type\":\"text\",\"key\":\"eofstr\"},{\"mode\":\"input\",\"isRequired\":0,\"defaultValue\":\"\",\"name\":\"失败字串\",\"description\":\"对于不会结束的命令，当输出此字串时，失败并结束执行\",\"sort\":4,\"type\":\"text\",\"key\":\"failstr\"}]}', '2023-03-15 09:56:06.281', NULL, 0);
INSERT INTO `autoexec_tool` VALUES (756396345581614, 'deprecate/sshscript', 1, 'runner_target', 477317977612288, 477321156894720, 'SSH执行远程脚本', 'perl', NULL, NULL, '{\"argument\":{\"argumentCount\":0,\"defaultValue\":\"\",\"description\":\"自定义脚本执行需要的参数\",\"id\":847563124957207,\"isRequired\":0,\"mappingMode\":\"constant\",\"mappingModeText\":\"常量\",\"mode\":\"input\",\"name\":\"脚本参数\",\"type\":\"text\",\"typeText\":\"文本\",\"validate\":\"\"},\"paramList\":[{\"mode\":\"input\",\"isRequired\":1,\"defaultValue\":\"1\",\"name\":\"显示明细\",\"description\":\"执行日志显示详细信息\",\"sort\":0,\"type\":\"select\",\"config\":{\"dataList\":[{\"text\":\"是\",\"value\":\"1\"},{\"text\":\"否\",\"value\":\"0\"}],\"dataSource\":\"static\"},\"key\":\"verbose\"},{\"mode\":\"input\",\"isRequired\":0,\"defaultValue\":\"\",\"name\":\"目标OS编码\",\"description\":\"目标OS执行脚本需要的编码\",\"sort\":1,\"type\":\"select\",\"config\":{\"dataList\":[{\"text\":\"自动\",\"value\":\"\"},{\"text\":\"UTF-8\",\"value\":\"UTF-8\"},{\"text\":\"GBK\",\"value\":\"GBK\"}],\"dataSource\":\"static\"},\"key\":\"destencoding\"},{\"mode\":\"input\",\"isRequired\":0,\"defaultValue\":\"\",\"name\":\"SSH参数\",\"description\":\"特殊需要的SSH参数\",\"sort\":2,\"type\":\"text\",\"key\":\"o\"},{\"mode\":\"input\",\"isRequired\":1,\"defaultValue\":\"15\",\"name\":\"超时时间\",\"description\":\"调用超时时间（秒）\",\"sort\":3,\"type\":\"text\",\"key\":\"timeout\"},{\"mode\":\"input\",\"isRequired\":0,\"defaultValue\":\"\",\"name\":\"结束字串\",\"description\":\"对于不会结束的命令，当输出此字串时，成功并结束执行\",\"sort\":4,\"type\":\"text\",\"key\":\"eofstr\"},{\"mode\":\"input\",\"isRequired\":0,\"defaultValue\":\"\",\"name\":\"失败字串\",\"description\":\"对于不会结束的命令，当输出此字串时，失败并结束执行\",\"sort\":5,\"type\":\"text\",\"key\":\"failstr\"},{\"mode\":\"input\",\"isRequired\":1,\"defaultValue\":\"sh\",\"name\":\"脚本语言\",\"description\":\"编写脚本的语言\",\"sort\":6,\"type\":\"select\",\"config\":{\"dataList\":[{\"text\":\"bash\",\"value\":\"sh\"},{\"text\":\"perl\",\"value\":\"perl\"},{\"text\":\"python\",\"value\":\"python\"},{\"text\":\"cmd\",\"value\":\"cmd\"},{\"text\":\"powershell\",\"value\":\"powershell\"},{\"text\":\"vbscript\",\"value\":\"vbscript\"}],\"dataSource\":\"static\"},\"key\":\"interpreter\"},{\"mode\":\"input\",\"isRequired\":1,\"defaultValue\":\"\",\"name\":\"脚本\",\"description\":\"执行脚本内容\",\"sort\":7,\"type\":\"textarea\",\"key\":\"script\"}]}', '2023-03-15 09:56:06.290', NULL, 0);
INSERT INTO `autoexec_tool` VALUES (756396345581617, 'deprecate/tagentexec', 1, 'runner_target', 477317977612288, 477321156894720, '通过Tagent执行远程命令', 'perl', NULL, NULL, '{\"argument\":{\"argumentCount\":1,\"defaultValue\":\"\",\"description\":\"命令行内容\",\"id\":847563124957209,\"isRequired\":1,\"mappingMode\":\"constant\",\"mappingModeText\":\"常量\",\"mode\":\"input\",\"name\":\"命令\",\"type\":\"text\",\"typeText\":\"文本\",\"validate\":\"\"},\"paramList\":[{\"mode\":\"input\",\"isRequired\":1,\"defaultValue\":\"1\",\"name\":\"显示明细\",\"description\":\"执行日志显示详细信息\",\"sort\":0,\"type\":\"select\",\"config\":{\"dataList\":[{\"text\":\"是\",\"value\":\"1\"},{\"text\":\"否\",\"value\":\"0\"}],\"dataSource\":\"static\"},\"key\":\"verbose\"},{\"mode\":\"input\",\"isRequired\":1,\"defaultValue\":\"15\",\"name\":\"超时时间\",\"description\":\"调用超时时间（秒）\",\"sort\":1,\"type\":\"text\",\"key\":\"timeout\"},{\"mode\":\"input\",\"isRequired\":0,\"defaultValue\":\"\",\"name\":\"结束字串\",\"description\":\"对于不会结束的命令，当输出此字串时，成功并结束执行\",\"sort\":2,\"type\":\"text\",\"key\":\"eofstr\"},{\"mode\":\"input\",\"isRequired\":1,\"defaultValue\":\"0\",\"name\":\"异步执行\",\"description\":\"异步执行，不等待执行结束\",\"sort\":3,\"type\":\"select\",\"config\":{\"dataList\":[{\"text\":\"是\",\"value\":\"1\"},{\"text\":\"否\",\"value\":\"0\"}],\"dataSource\":\"static\"},\"key\":\"async\"},{\"mode\":\"input\",\"isRequired\":0,\"defaultValue\":\"\",\"name\":\"服务端字符集\",\"description\":\"指定服务端的执行字符集\",\"sort\":4,\"type\":\"select\",\"config\":{\"dataList\":[{\"text\":\"自动\",\"value\":\"\"},{\"text\":\"en_US.UTF-8\",\"value\":\"en_US.UTF-8\"},{\"text\":\"zh_CN.GBK\",\"value\":\"zh_CN.GBK\"}],\"dataSource\":\"static\"},\"key\":\"destencoding\"}]}', '2023-03-15 09:56:06.300', NULL, 0);
INSERT INTO `autoexec_tool` VALUES (756396345581620, 'deprecate/tagentscript', 1, 'runner_target', 477317977612288, 477321156894720, 'Tagent执行远程脚本', 'perl', NULL, NULL, '{\"argument\":{\"argumentCount\":0,\"defaultValue\":\"\",\"description\":\"自定义脚本执行需要的参数\",\"id\":847563124957211,\"isRequired\":0,\"mappingMode\":\"constant\",\"mappingModeText\":\"常量\",\"mode\":\"input\",\"name\":\"脚本参数\",\"type\":\"text\",\"typeText\":\"文本\",\"validate\":\"\"},\"paramList\":[{\"mode\":\"input\",\"isRequired\":1,\"defaultValue\":\"1\",\"name\":\"显示明细\",\"description\":\"执行日志显示详细信息\",\"sort\":0,\"type\":\"select\",\"config\":{\"dataList\":[{\"text\":\"是\",\"value\":\"1\"},{\"text\":\"否\",\"value\":\"0\"}],\"dataSource\":\"static\"},\"key\":\"verbose\"},{\"mode\":\"input\",\"isRequired\":1,\"defaultValue\":\"15\",\"name\":\"超时时间\",\"description\":\"调用超时时间（秒）\",\"sort\":1,\"type\":\"text\",\"key\":\"timeout\"},{\"mode\":\"input\",\"isRequired\":0,\"defaultValue\":\"\",\"name\":\"结束字串\",\"description\":\"对于不会结束的命令，当输出此字串时，成功并结束执行\",\"sort\":2,\"type\":\"text\",\"key\":\"eofstr\"},{\"mode\":\"input\",\"isRequired\":1,\"defaultValue\":\"0\",\"name\":\"异步执行\",\"description\":\"异步执行，不等待执行结束\",\"sort\":3,\"type\":\"select\",\"config\":{\"dataList\":[{\"text\":\"是\",\"value\":\"1\"},{\"text\":\"否\",\"value\":\"0\"}],\"dataSource\":\"static\"},\"key\":\"async\"},{\"mode\":\"input\",\"isRequired\":0,\"defaultValue\":\"\",\"name\":\"服务端字符集\",\"description\":\"指定服务端的执行字符集\",\"sort\":4,\"type\":\"select\",\"config\":{\"dataList\":[{\"text\":\"自动\",\"value\":\"\"},{\"text\":\"en_US.UTF-8\",\"value\":\"en_US.UTF-8\"},{\"text\":\"zh_CN.GBK\",\"value\":\"zh_CN.GBK\"}],\"dataSource\":\"static\"},\"key\":\"destencoding\"},{\"mode\":\"input\",\"isRequired\":1,\"defaultValue\":\"sh\",\"name\":\"脚本语言\",\"description\":\"编写脚本的语言\",\"sort\":5,\"type\":\"select\",\"config\":{\"dataList\":[{\"text\":\"bash\",\"value\":\"sh\"},{\"text\":\"perl\",\"value\":\"perl\"},{\"text\":\"python\",\"value\":\"python\"},{\"text\":\"cmd\",\"value\":\"cmd\"},{\"text\":\"powershell\",\"value\":\"powershell\"},{\"text\":\"vbscript\",\"value\":\"vbscript\"}],\"dataSource\":\"static\"},\"key\":\"interpreter\"},{\"mode\":\"input\",\"isRequired\":1,\"defaultValue\":\"\",\"name\":\"脚本\",\"description\":\"执行脚本内容\",\"sort\":6,\"type\":\"textarea\",\"key\":\"script\"}]}', '2023-03-15 09:56:06.312', NULL, 0);
INSERT INTO `autoexec_tool` VALUES (756396345581623, 'deprecate/wincopy', 1, 'runner_target', 477317977612288, 477321156894720, '通过WinRM拷贝文件或目录到目标Windows服务器', 'perl', NULL, NULL, '{\"argument\":{\"argumentCount\":0,\"defaultValue\":\"\",\"description\":\"最后一个是拷贝的目标文件或目录，类似cp命令\",\"id\":847563124957213,\"isRequired\":1,\"mappingMode\":\"constant\",\"mappingModeText\":\"常量\",\"mode\":\"input\",\"name\":\"文件或目录\",\"type\":\"text\",\"typeText\":\"文本\",\"validate\":\"\"},\"paramList\":[{\"mode\":\"input\",\"isRequired\":1,\"defaultValue\":\"1\",\"name\":\"显示明细\",\"description\":\"执行日志显示详细信息\",\"sort\":0,\"type\":\"select\",\"config\":{\"dataList\":[{\"text\":\"是\",\"value\":\"1\"},{\"text\":\"否\",\"value\":\"0\"}],\"dataSource\":\"static\"},\"key\":\"verbose\"},{\"mode\":\"input\",\"isRequired\":1,\"defaultValue\":\"appdist\",\"name\":\"基础目录\",\"description\":\"相对于应用数据目录的基础目录类别\",\"sort\":1,\"type\":\"select\",\"config\":{\"dataList\":[{\"text\":\"环境制品目录\",\"value\":\"appdist\"},{\"text\":\"DB脚本目录\",\"value\":\"dbscript\"},{\"text\":\"版本制品目录\",\"value\":\"release\"},{\"text\":\"环境镜像制品\",\"value\":\"mirror\"},{\"text\":\"工程目录\",\"value\":\"project\"},{\"text\":\"根目录\",\"value\":\"approot\"}],\"dataSource\":\"static\"},\"key\":\"pdir\"},{\"mode\":\"input\",\"isRequired\":1,\"defaultValue\":\"0\",\"name\":\"当文件存在时才拷贝\",\"description\":\"当本地文件存在时，才执行拷贝\",\"sort\":2,\"type\":\"select\",\"config\":{\"dataList\":[{\"text\":\"是\",\"value\":\"1\"},{\"text\":\"否\",\"value\":\"0\"}],\"dataSource\":\"static\"},\"key\":\"cpifexists\"},{\"mode\":\"input\",\"isRequired\":1,\"defaultValue\":\"0\",\"name\":\"拷贝方向\",\"description\":\"拷贝方向\",\"sort\":3,\"type\":\"select\",\"config\":{\"dataList\":[{\"text\":\"远程到本地\",\"value\":\"1\"},{\"text\":\"本地到远程\",\"value\":\"0\"}],\"dataSource\":\"static\"},\"key\":\"pull\"},{\"mode\":\"input\",\"isRequired\":1,\"defaultValue\":\"https\",\"name\":\"协议\",\"description\":\"WinRM使用的协议\",\"sort\":4,\"type\":\"select\",\"config\":{\"dataList\":[{\"text\":\"http\",\"value\":\"http\"},{\"text\":\"https\",\"value\":\"https\"}],\"dataSource\":\"static\"},\"key\":\"protocol\"}]}', '2023-03-15 09:56:06.323', NULL, 0);
INSERT INTO `autoexec_tool` VALUES (756396345581626, 'deprecate/winexec', 1, 'runner_target', 477317977612288, 477321156894720, '通过WinRM执行远程Windows服务器命令', 'perl', NULL, NULL, '{\"argument\":{\"argumentCount\":1,\"defaultValue\":\"\",\"description\":\"命令行内容\",\"id\":847563124957215,\"isRequired\":1,\"mappingMode\":\"constant\",\"mappingModeText\":\"常量\",\"mode\":\"input\",\"name\":\"命令\",\"type\":\"text\",\"typeText\":\"文本\",\"validate\":\"\"},\"paramList\":[{\"mode\":\"input\",\"isRequired\":1,\"defaultValue\":\"1\",\"name\":\"显示明细\",\"description\":\"执行日志显示详细信息\",\"sort\":0,\"type\":\"select\",\"config\":{\"dataList\":[{\"text\":\"是\",\"value\":\"1\"},{\"text\":\"否\",\"value\":\"0\"}],\"dataSource\":\"static\"},\"key\":\"verbose\"},{\"mode\":\"input\",\"isRequired\":1,\"defaultValue\":\"https\",\"name\":\"协议\",\"description\":\"WinRM使用的协议\",\"sort\":1,\"type\":\"select\",\"config\":{\"dataList\":[{\"text\":\"http\",\"value\":\"http\"},{\"text\":\"https\",\"value\":\"https\"}],\"dataSource\":\"static\"},\"key\":\"protocol\"}]}', '2023-03-15 09:56:06.333', NULL, 0);
INSERT INTO `autoexec_tool` VALUES (760058291740710, 'osbasic/createdirs', 1, 'target', 477319286235136, 477403314921472, '登录远程OS, 创建若干目录', 'perl', NULL, NULL, '{\"argument\":{\"argumentCount\":0,\"defaultValue\":\"\",\"description\":\"需创建目录的列表\",\"id\":848588934275109,\"isRequired\":0,\"mappingMode\":\"constant\",\"mappingModeText\":\"常量\",\"mode\":\"input\",\"name\":\"目录列表\",\"type\":\"textarea\",\"typeText\":\"文本域\",\"validate\":\"\"},\"paramList\":[{\"mode\":\"input\",\"isRequired\":0,\"defaultValue\":\"0775\",\"name\":\"权限设置\",\"description\":\"目录的权限设置，例如: 0775\",\"sort\":0,\"type\":\"text\",\"key\":\"mode\"},{\"mode\":\"input\",\"isRequired\":0,\"defaultValue\":\"\",\"name\":\"属主用户\",\"description\":\"目录的Owner用户\",\"sort\":1,\"type\":\"text\",\"key\":\"user\"},{\"mode\":\"input\",\"isRequired\":0,\"defaultValue\":\"\",\"name\":\"目录属组\",\"description\":\"目录的Owner组\",\"sort\":2,\"type\":\"text\",\"key\":\"group\"}]}', '2023-03-16 19:54:09.166', NULL, 0);
INSERT INTO `autoexec_tool` VALUES (760649386614786, 'cmdbcollect/serverMachineCollector', 1, 'runner_target', 2, 477321156894720, '使用IPMI采集服务器硬件信息', 'python', NULL, NULL, '{\"paramList\":[{\"mode\":\"input\",\"isRequired\":0,\"defaultValue\":\"\",\"name\":\"带外网卡管理用户\",\"description\":\"带外网卡管理用户\",\"sort\":0,\"type\":\"text\",\"key\":\"user\"},{\"mode\":\"input\",\"isRequired\":0,\"defaultValue\":\"\",\"name\":\"带外网卡密码\",\"description\":\"带外网卡密码\",\"sort\":1,\"type\":\"text\",\"key\":\"password\"},{\"mode\":\"input\",\"isRequired\":1,\"defaultValue\":\"0\",\"name\":\"回显结果数据\",\"description\":\"回显采集到的数据\",\"sort\":2,\"type\":\"select\",\"config\":{\"dataList\":[{\"text\":\"不回显\",\"value\":\"0\"},{\"text\":\"回显\",\"value\":\"1\"}],\"dataSource\":\"static\"},\"key\":\"verbose\"},{\"mode\":\"output\",\"name\":\"JSON数据\",\"description\":\"采集到的数据\",\"sort\":0,\"type\":\"json\",\"key\":\"DATA\"}]}', '2022-11-15 11:54:30.481', NULL, 0);
INSERT INTO `autoexec_tool` VALUES (766464025747460, 'basic/jsondatacheck', 1, 'runner', 477319286235136, 477321156894720, '依据配置的规则对Json数据进行过滤匹配检查, 如果不符合规则，则报错', 'perl', NULL, NULL, '{\"paramList\":[{\"mode\":\"input\",\"isRequired\":1,\"defaultValue\":\"\",\"name\":\"JSON数据\",\"description\":\"需要执行检查规则的JSON数据\",\"sort\":0,\"type\":\"json\",\"key\":\"data\"},{\"mode\":\"input\",\"isRequired\":1,\"defaultValue\":\"UTF-8\",\"name\":\"字符集\",\"description\":\"JSON数据的字符集\",\"sort\":1,\"type\":\"select\",\"config\":{\"dataList\":[{\"text\":\"UTF-8\",\"value\":\"UTF-8\"},{\"text\":\"GB18030\",\"value\":\"GB18030\"}],\"dataSource\":\"static\"},\"key\":\"charset\"},{\"mode\":\"input\",\"isRequired\":0,\"defaultValue\":\"\",\"name\":\"显示字段\",\"description\":\"多字段逗号相隔，多层对象用点连接，例如：applicationModels.applicationStatus\",\"sort\":2,\"type\":\"text\",\"key\":\"disfields\"},{\"mode\":\"input\",\"isRequired\":0,\"defaultValue\":\"\",\"name\":\"过滤条件\",\"description\":\"对象过滤，例如：[applicationModels.applicationName] == \'ATMP_ Subscriber\' and [managePath] == \'ATMP\'\",\"sort\":3,\"type\":\"text\",\"key\":\"filter\"},{\"mode\":\"input\",\"isRequired\":0,\"defaultValue\":\"\",\"name\":\"检查DSL\",\"description\":\"检查DSL，例如：[applicationModels.applicationStatus] == \'1\'\",\"sort\":4,\"type\":\"text\",\"key\":\"chkdsl\"}]}', '2023-03-16 19:54:06.993', NULL, 0);
INSERT INTO `autoexec_tool` VALUES (766464042524688, 'osbasic/getblockdevsize', 1, 'target', 477319286235136, 477321156894720, '获取块设备大小(单位MB)', 'perl', NULL, NULL, '{\"paramList\":[{\"mode\":\"input\",\"isRequired\":1,\"defaultValue\":\"/dev/sda\\n/dev/sdb\",\"name\":\"块设备列表\",\"description\":\"块设备路径列表\",\"sort\":0,\"type\":\"textarea\",\"key\":\"blockdevs\"},{\"mode\":\"output\",\"name\":\"块设备大小信息\",\"description\":\"块设备大小信息, 单位MB\",\"sort\":0,\"type\":\"json\",\"key\":\"blockDevSizeInfo\"},{\"mode\":\"output\",\"name\":\"块设备大小列表\",\"description\":\"块设备大小列表, 单位MB\",\"sort\":1,\"type\":\"textarea\",\"key\":\"blockDevSizeList\"}]}', '2023-03-16 19:54:09.217', NULL, 0);
INSERT INTO `autoexec_tool` VALUES (778117219934242, 'cmdbcollect/FusionComputerCollector', 1, 'runner_target', 2, 477321156894720, 'FusionComputer采集插件', 'python', NULL, NULL, '{\"paramList\":[{\"mode\":\"input\",\"isRequired\":0,\"defaultValue\":\"\",\"name\":\"管理IP\",\"description\":\"vsphere管理IP\",\"sort\":0,\"type\":\"text\",\"key\":\"ip\"},{\"mode\":\"input\",\"isRequired\":0,\"defaultValue\":\"\",\"name\":\"管理端口\",\"description\":\"vsphere管理端口\",\"sort\":1,\"type\":\"text\",\"key\":\"port\"},{\"mode\":\"input\",\"isRequired\":0,\"defaultValue\":\"\",\"name\":\"账号\",\"description\":\"vsphere管理用户\",\"sort\":2,\"type\":\"text\",\"key\":\"user\"},{\"mode\":\"input\",\"isRequired\":0,\"defaultValue\":\"\",\"name\":\"密码\",\"description\":\"vsphere管理用户密码\",\"sort\":3,\"type\":\"text\",\"key\":\"password\"},{\"mode\":\"input\",\"isRequired\":1,\"defaultValue\":\"0\",\"name\":\"回显结果数据\",\"description\":\"回显采集到的数据\",\"sort\":4,\"type\":\"select\",\"config\":{\"dataList\":[{\"text\":\"不回显\",\"value\":\"0\"},{\"text\":\"回显\",\"value\":\"1\"}],\"dataSource\":\"static\"},\"key\":\"verbose\"},{\"mode\":\"output\",\"name\":\"采集数据\",\"description\":\"采集数据输出\",\"sort\":0,\"type\":\"json\",\"key\":\"DATA\"}]}', '2023-03-16 19:54:07.528', NULL, 0);
INSERT INTO `autoexec_tool` VALUES (779372717727763, 'native/extractoutval', 1, 'native', 628103457857536, 477321156894720, '抽取上游输出数据中的部分数据, 提供给外部流程工具引用', 'python', NULL, NULL, '{\"paramList\":[{\"mode\":\"input\",\"isRequired\":1,\"defaultValue\":\"\",\"name\":\"变量名或数据\",\"description\":\"上游输出的变量名或Json数据\",\"sort\":0,\"type\":\"text\",\"key\":\"outputkey\"},{\"mode\":\"input\",\"isRequired\":1,\"defaultValue\":\"\",\"name\":\"字段选择\",\"description\":\"字段选择如果是json数据, 使用python语法进行抽取, 如果是文本数据则用正则表达式抽取。\\n正则表达式, 例如: Now Date:\\\\s*([\\\\d-\\\\s:]+)\\nJson对象, data代表参数中提供的json object, 例如: data[\'attr\'][0][\'myfield\']\",\"sort\":1,\"type\":\"text\",\"key\":\"selector\"},{\"mode\":\"input\",\"isRequired\":1,\"defaultValue\":\"JsonObject\",\"name\":\"抽取方法\",\"description\":\"不同的数据类型的抽取方法\",\"sort\":2,\"type\":\"select\",\"config\":{\"dataList\":[{\"text\":\"正则表达式\",\"value\":\"RegExp\"},{\"text\":\"Json数据抽取\",\"value\":\"JsonObject\"}],\"dataSource\":\"static\"},\"key\":\"selectortype\"},{\"mode\":\"output\",\"name\":\"抽取结果\",\"description\":\"抽取得到的数据\",\"sort\":0,\"type\":\"text\",\"key\":\"extractTxtVal\"}]}', '2023-03-16 19:54:08.542', NULL, 0);
INSERT INTO `autoexec_tool` VALUES (779400827953152, 'native/extractprestepstatus', 1, 'native', 628103457857536, 477321156894720, '获取前一步骤的状态保存到环境变量, 提供给外部流程工具引用', 'python', NULL, NULL, '{\"paramList\":[{\"mode\":\"input\",\"isRequired\":1,\"defaultValue\":\"PRE_STEP_STATUS\",\"name\":\"变量名\",\"description\":\"在环境变量中的名称\",\"sort\":0,\"type\":\"text\",\"key\":\"envname\"},{\"mode\":\"input\",\"isRequired\":1,\"defaultValue\":\"node\",\"name\":\"作用域\",\"description\":\"环境变量的作用域\",\"sort\":1,\"type\":\"select\",\"config\":{\"dataList\":[{\"text\":\"当前节点\",\"value\":\"node\"},{\"text\":\"所有节点\",\"value\":\"global\"}],\"dataSource\":\"static\"},\"key\":\"scope\"}]}', '2023-03-16 19:54:08.598', NULL, 0);
INSERT INTO `autoexec_tool` VALUES (782410836664386, 'svcinspect/nginxSvcInspect', 1, 'runner_target', 1, 477321156894720, 'Nginx服务状态巡检', 'perl', NULL, NULL, '{\"paramList\":[{\"mode\":\"input\",\"isRequired\":1,\"defaultValue\":\"nginx-status\",\"name\":\"服务名\",\"description\":\"服务名监控服务名，如：nginx-status\",\"sort\":0,\"type\":\"text\",\"key\":\"server_name\"},{\"mode\":\"input\",\"isRequired\":1,\"defaultValue\":\"10\",\"name\":\"超时时间\",\"description\":\"查询超时时间，单位秒\",\"sort\":1,\"type\":\"text\",\"key\":\"timeout\"},{\"mode\":\"output\",\"name\":\"JSON数据\",\"description\":\"采集到的数据\",\"sort\":0,\"type\":\"json\",\"key\":\"DATA\"}]}', '2023-03-16 19:54:08.697', NULL, 0);
INSERT INTO `autoexec_tool` VALUES (786033582858271, 'inspect/notifyinspectreport', 1, 'runner', 1, 477321156894720, '巡检报告通知插件', 'python', NULL, NULL, '{\"paramList\":[{\"mode\":\"input\",\"isRequired\":1,\"defaultValue\":\"EmailNotifyHandler\",\"name\":\"通知方式\",\"description\":\"通知方式\",\"sort\":0,\"type\":\"select\",\"config\":{\"dataList\":[{\"text\":\"邮件\",\"value\":\"EmailNotifyHandler\"}],\"dataSource\":\"static\"},\"key\":\"notifyHandler\"},{\"mode\":\"input\",\"isRequired\":1,\"defaultValue\":\"\",\"name\":\"通知对象\",\"description\":\"通知对象，支持通知人、组、角色\",\"sort\":1,\"type\":\"userselect\",\"key\":\"notifyTargets\"}]}', '2023-03-16 19:54:08.231', NULL, 0);
INSERT INTO `autoexec_tool` VALUES (786033582858287, 'native/updategparam', 1, 'native', 628103457857536, 477321156894720, '更新全局参数表中某个变量的值', 'python', NULL, NULL, '{\"paramList\":[{\"mode\":\"input\",\"isRequired\":1,\"defaultValue\":\"\",\"name\":\"变量名\",\"description\":\"全局参数表中变量的名称\",\"sort\":0,\"type\":\"text\",\"key\":\"name\"},{\"mode\":\"input\",\"isRequired\":1,\"defaultValue\":\"\",\"name\":\"变量值\",\"description\":\"环境变量的值, 支持$()shell展开, 含有高危指令会失效\",\"sort\":1,\"type\":\"text\",\"key\":\"value\"}]}', '2023-03-16 19:54:08.649', NULL, 0);
INSERT INTO `autoexec_tool` VALUES (786033591246850, 'osbasic/modifyini', 1, 'target', 477319286235136, 477403314921472, '修改Ini格式的配置文件', 'perl', NULL, NULL, '{\"paramList\":[{\"mode\":\"input\",\"isRequired\":0,\"defaultValue\":\"0\",\"name\":\"备份文件\",\"description\":\"在修改前备份文件到xxx.%Y%m%d-%H%M%S\",\"sort\":0,\"type\":\"select\",\"config\":{\"dataList\":[{\"text\":\"是\",\"value\":\"1\"},{\"text\":\"否\",\"value\":\"0\"}],\"dataSource\":\"static\"},\"key\":\"backup\"},{\"mode\":\"input\",\"isRequired\":0,\"defaultValue\":\"0\",\"name\":\"自动创建\",\"description\":\"如果文件不存在则自动创建\",\"sort\":1,\"type\":\"select\",\"config\":{\"dataList\":[{\"text\":\"是\",\"value\":\"1\"},{\"text\":\"否\",\"value\":\"0\"}],\"dataSource\":\"static\"},\"key\":\"create\"},{\"mode\":\"input\",\"isRequired\":1,\"defaultValue\":\"\",\"name\":\"文件路径\",\"description\":\"Ini配置文件的路径\",\"sort\":2,\"type\":\"text\",\"key\":\"filepath\"},{\"mode\":\"input\",\"isRequired\":1,\"defaultValue\":\"\",\"name\":\"需修改内容\",\"description\":\"支持多行, 例如：[mysqld]\\nbind-address=0.0.0.0\",\"sort\":3,\"type\":\"textarea\",\"key\":\"content\"},{\"mode\":\"input\",\"isRequired\":0,\"defaultValue\":\"0\",\"name\":\"无Section结构\",\"description\":\"文件是否含有不在Section内的key = value配置内容\",\"sort\":4,\"type\":\"select\",\"config\":{\"dataList\":[{\"text\":\"是\",\"value\":\"1\"},{\"text\":\"否\",\"value\":\"0\"}],\"dataSource\":\"static\"},\"key\":\"nosection\"},{\"mode\":\"output\",\"name\":\"iniConf配置内容\",\"description\":\"更新后的Ini配置内容\",\"sort\":0,\"type\":\"textarea\",\"key\":\"iniConf\"}]}', '2023-03-16 19:54:09.323', NULL, 0);
INSERT INTO `autoexec_tool` VALUES (797747225354246, 'cmdbcollect/serverdevcollector', 1, 'runner_target', 2, 477321156894720, '使用IPMI采集服务器硬件信息', 'python', NULL, NULL, '{\"paramList\":[{\"mode\":\"input\",\"isRequired\":0,\"defaultValue\":\"\",\"name\":\"带外网卡管理用户\",\"description\":\"带外网卡管理用户\",\"sort\":0,\"type\":\"text\",\"key\":\"user\"},{\"mode\":\"input\",\"isRequired\":0,\"defaultValue\":\"\",\"name\":\"带外网卡密码\",\"description\":\"带外网卡密码\",\"sort\":1,\"type\":\"text\",\"key\":\"password\"},{\"mode\":\"input\",\"isRequired\":1,\"defaultValue\":\"0\",\"name\":\"回显结果数据\",\"description\":\"回显采集到的数据\",\"sort\":2,\"type\":\"select\",\"config\":{\"dataList\":[{\"text\":\"不回显\",\"value\":\"0\"},{\"text\":\"回显\",\"value\":\"1\"}],\"dataSource\":\"static\"},\"key\":\"verbose\"},{\"mode\":\"output\",\"name\":\"JSON数据\",\"description\":\"采集到的数据\",\"sort\":0,\"type\":\"json\",\"key\":\"DATA\"}]}', '2023-03-15 09:56:05.839', NULL, 0);
INSERT INTO `autoexec_tool` VALUES (803435288780828, 'native/failjob', 1, 'native', 628103457857536, 477321156894720, '失败退出执行', 'python', NULL, NULL, '{\"argument\":{\"argumentCount\":1,\"defaultValue\":\"作业失败，主动退出\",\"description\":\"\",\"id\":848588925886536,\"isRequired\":1,\"mappingMode\":\"constant\",\"mappingModeText\":\"常量\",\"mode\":\"input\",\"name\":\"失败提示\",\"type\":\"text\",\"typeText\":\"文本\",\"validate\":\"\"}}', '2023-03-16 19:54:08.616', NULL, 0);
INSERT INTO `autoexec_tool` VALUES (816463602311222, 'svcinspect/tomcatSvcInspect', 1, 'runner_target', 1, 477321156894720, 'Tomcat性能巡检', 'python', NULL, NULL, '{\"paramList\":[{\"mode\":\"input\",\"isRequired\":1,\"defaultValue\":\"\",\"name\":\"jmx port\",\"description\":\"jmx服务端口\",\"sort\":0,\"type\":\"text\",\"config\":{\"validateList\":[{\"name\":\"integer_p\"}]},\"key\":\"jmxport\"},{\"mode\":\"input\",\"isRequired\":0,\"defaultValue\":\"\",\"name\":\"jmx认证用户\",\"description\":\"jmx认证用户\",\"sort\":1,\"type\":\"text\",\"key\":\"username\"},{\"mode\":\"input\",\"isRequired\":0,\"defaultValue\":\"\",\"name\":\"jmx认证用户密码\",\"description\":\"jmx认证用户密码\",\"sort\":2,\"type\":\"text\",\"key\":\"password\"},{\"mode\":\"input\",\"isRequired\":1,\"defaultValue\":\"0\",\"name\":\"回显结果数据\",\"description\":\"回显采集到的数据\",\"sort\":3,\"type\":\"select\",\"config\":{\"dataList\":[{\"text\":\"不回显\",\"value\":\"0\"},{\"text\":\"回显\",\"value\":\"1\"}],\"dataSource\":\"static\"},\"key\":\"verbose\"},{\"mode\":\"output\",\"name\":\"JSON数据\",\"description\":\"采集到的数据\",\"sort\":0,\"type\":\"json\",\"key\":\"DATA\"}]}', '2023-03-16 19:54:08.708', NULL, 0);
INSERT INTO `autoexec_tool` VALUES (821688371306538, 'svcinspect/weblogicSvcInspect', 1, 'target', 1, 477321156894720, 'weblogic Server服务器巡检', 'perl', NULL, NULL, '{\"paramList\":[{\"mode\":\"input\",\"isRequired\":0,\"defaultValue\":\"\",\"name\":\"巡检Server端口\",\"description\":\"巡检Server服务器端口\",\"sort\":0,\"type\":\"text\",\"key\":\"serverPort\"},{\"mode\":\"input\",\"isRequired\":0,\"defaultValue\":\"\",\"name\":\"weblogic账号\",\"description\":\"weblogic console账号\",\"sort\":1,\"type\":\"text\",\"key\":\"username\"},{\"mode\":\"input\",\"isRequired\":0,\"defaultValue\":\"\",\"name\":\"weblogic账号密码\",\"description\":\"weblogic console账号密码\",\"sort\":2,\"type\":\"text\",\"key\":\"password\"},{\"mode\":\"input\",\"isRequired\":1,\"defaultValue\":\"0\",\"name\":\"回显结果数据\",\"description\":\"回显采集到的数据\",\"sort\":3,\"type\":\"select\",\"config\":{\"dataList\":[{\"text\":\"不回显\",\"value\":\"0\"},{\"text\":\"回显\",\"value\":\"1\"}],\"dataSource\":\"static\"},\"key\":\"verbose\"},{\"mode\":\"output\",\"name\":\"JSON数据\",\"description\":\"采集到的数据\",\"sort\":0,\"type\":\"json\",\"key\":\"DATA\"}]}', '2023-03-16 19:54:09.403', NULL, 0);
INSERT INTO `autoexec_tool` VALUES (831646764687400, 'basic/sleep', 1, 'runner', 477319286235136, 477321156894720, '通过休眠实现人工延迟', 'python', NULL, NULL, '{\"paramList\":[{\"mode\":\"input\",\"isRequired\":1,\"defaultValue\":\"3\",\"name\":\"延迟秒数\",\"description\":\"\",\"sort\":0,\"type\":\"text\",\"key\":\"seconds\"}]}', '2023-03-16 19:54:07.052', NULL, 0);
INSERT INTO `autoexec_tool` VALUES (843297081581578, 'inspect/urlwait', 1, 'runner', 1, 477321156894720, '检测并等待多个URL是否可以正常访问', 'perl', NULL, NULL, '{\"argument\":{\"argumentCount\":0,\"defaultValue\":\"GET, http://${host}:${port}/\",\"description\":\"例如：GET, http://${host}:${port}/console\",\"id\":848588925886509,\"isRequired\":1,\"mappingMode\":\"constant\",\"mappingModeText\":\"常量\",\"mode\":\"input\",\"name\":\"HTTP请求\",\"type\":\"text\",\"typeText\":\"文本\",\"validate\":\"\"},\"paramList\":[{\"mode\":\"input\",\"isRequired\":1,\"defaultValue\":\"up\",\"name\":\"目标状态\",\"description\":\"等待的目标状态\",\"sort\":0,\"type\":\"select\",\"config\":{\"dataList\":[{\"text\":\"Up\",\"value\":\"up\"},{\"text\":\"Down\",\"value\":\"down\"}],\"dataSource\":\"static\"},\"key\":\"targetstatus\"},{\"mode\":\"input\",\"isRequired\":1,\"defaultValue\":\"10\",\"name\":\"超时时间\",\"description\":\"查询超时时间，单位秒\",\"sort\":1,\"type\":\"text\",\"key\":\"timeout\"},{\"mode\":\"input\",\"isRequired\":1,\"defaultValue\":\"30\",\"name\":\"重试次数\",\"description\":\"失败重试次数\",\"sort\":2,\"type\":\"text\",\"key\":\"retrycount\"}]}', '2023-03-16 19:54:08.175', NULL, 0);
INSERT INTO `autoexec_tool` VALUES (843297081581582, 'inspect/pingwait', 1, 'runner', 1, 477321156894720, '检测并等待IP可以Ping通', 'bash', NULL, NULL, '{\"paramList\":[{\"mode\":\"input\",\"isRequired\":1,\"defaultValue\":\"up\",\"name\":\"目标状态\",\"description\":\"等待的目标状态\",\"sort\":0,\"type\":\"select\",\"config\":{\"dataList\":[{\"text\":\"Up\",\"value\":\"up\"},{\"text\":\"Down\",\"value\":\"down\"}],\"dataSource\":\"static\"},\"key\":\"targetstatus\"},{\"mode\":\"input\",\"isRequired\":1,\"defaultValue\":\"127.0.0.1\",\"name\":\"IP地址\",\"description\":\"Ping的目标地址\",\"sort\":1,\"type\":\"text\",\"key\":\"host\"},{\"mode\":\"input\",\"isRequired\":1,\"defaultValue\":\"10\",\"name\":\"超时时间\",\"description\":\"查询超时时间，单位秒\",\"sort\":2,\"type\":\"text\",\"key\":\"timeout\"},{\"mode\":\"input\",\"isRequired\":1,\"defaultValue\":\"30\",\"name\":\"重试次数\",\"description\":\"失败重试次数\",\"sort\":3,\"type\":\"text\",\"key\":\"retrycount\"}]}', '2023-03-16 19:54:08.299', NULL, 0);
INSERT INTO `autoexec_tool` VALUES (843297081581587, 'inspect/tcpwait', 1, 'runner', 1, 477321156894720, '检测并等待IP端口可以建立TCP连接', 'perl', NULL, NULL, '{\"paramList\":[{\"mode\":\"input\",\"isRequired\":1,\"defaultValue\":\"up\",\"name\":\"目标状态\",\"description\":\"等待的目标状态\",\"sort\":0,\"type\":\"select\",\"config\":{\"dataList\":[{\"text\":\"Up\",\"value\":\"up\"},{\"text\":\"Down\",\"value\":\"down\"}],\"dataSource\":\"static\"},\"key\":\"targetstatus\"},{\"mode\":\"input\",\"isRequired\":1,\"defaultValue\":\"127.0.0.1\",\"name\":\"IP地址\",\"description\":\"检测的目标地址\",\"sort\":1,\"type\":\"text\",\"key\":\"host\"},{\"mode\":\"input\",\"isRequired\":1,\"defaultValue\":\"22\",\"name\":\"TCP端口\",\"description\":\"检测的目标TCP端口\",\"sort\":2,\"type\":\"text\",\"key\":\"port\"},{\"mode\":\"input\",\"isRequired\":1,\"defaultValue\":\"10\",\"name\":\"超时时间\",\"description\":\"查询超时时间，单位秒\",\"sort\":3,\"type\":\"text\",\"key\":\"timeout\"},{\"mode\":\"input\",\"isRequired\":1,\"defaultValue\":\"30\",\"name\":\"重试次数\",\"description\":\"失败重试次数\",\"sort\":4,\"type\":\"text\",\"key\":\"retrycount\"}]}', '2023-03-16 19:54:08.164', NULL, 0);
INSERT INTO `autoexec_tool` VALUES (844081399652363, 'native/getvalfromjson', 1, 'native', 628103457857536, 477321156894720, '从JSON对象中抽取需要的属性值文本', 'python', NULL, NULL, '{\"paramList\":[{\"mode\":\"input\",\"isRequired\":1,\"defaultValue\":\"\",\"name\":\"JSON内容\",\"description\":\"JSON数据对象的内容\",\"sort\":0,\"type\":\"json\",\"key\":\"jsontxt\"},{\"mode\":\"input\",\"isRequired\":1,\"defaultValue\":\"\",\"name\":\"字段选择\",\"description\":\"使用python语法进行抽取, data代表参数中提供的json object, 例如: data[\'attr\'][0][\'myfield\']\",\"sort\":1,\"type\":\"text\",\"key\":\"selector\"},{\"mode\":\"output\",\"name\":\"抽取结果\",\"description\":\"抽取得到的数据\",\"sort\":0,\"type\":\"text\",\"key\":\"extractTxtVal\"}]}', '2023-03-16 19:54:08.660', NULL, 0);
INSERT INTO `autoexec_tool` VALUES (844081399652368, 'native/getvalfromtxt', 1, 'native', 628103457857536, 477321156894720, '从JSON对象中抽取需要的属性值文本', 'python', NULL, NULL, '{\"paramList\":[{\"mode\":\"input\",\"isRequired\":1,\"defaultValue\":\"\",\"name\":\"文本内容\",\"description\":\"待抽取的文本内容\",\"sort\":0,\"type\":\"text\",\"key\":\"txtval\"},{\"mode\":\"input\",\"isRequired\":1,\"defaultValue\":\"\",\"name\":\"字段选择\",\"description\":\"用正则表达式抽取。\\n正则表达式, 例如: Now Date:\\\\s*([\\\\d-\\\\s:]+)\",\"sort\":1,\"type\":\"text\",\"key\":\"selector\"},{\"mode\":\"output\",\"name\":\"抽取结果\",\"description\":\"抽取得到的数据\",\"sort\":0,\"type\":\"text\",\"key\":\"extractTxtVal\"}]}', '2023-03-16 19:54:08.673', NULL, 0);







COMMIT;